2025-09-11 19:03:01,941 - src.utils - INFO - Starting training process...
2025-09-11 19:03:02,031 - src.utils - INFO - Loading dataset...
2025-09-11 19:03:04,560 - src.utils - INFO - Tokenizer loaded: UBC-NLP/MARBERT
2025-09-11 19:03:04,561 - src.utils - INFO - Loading cleaned dataset from CSV file...
2025-09-11 19:03:04,563 - src.utils - ERROR - Error loading dataset from CSV: [Errno 2] No such file or directory: 'C:\\deep learning\\Balanced data\\Cleaned_arabic_hate_speech.csv'
2025-09-11 19:03:04,563 - src.utils - ERROR - Training failed: [Errno 2] No such file or directory: 'C:\\deep learning\\Balanced data\\Cleaned_arabic_hate_speech.csv'
2025-09-11 19:04:40,557 - src.utils - INFO - Starting training process...
2025-09-11 19:04:40,645 - src.utils - INFO - Loading dataset...
2025-09-11 19:04:41,852 - src.utils - INFO - Tokenizer loaded: UBC-NLP/MARBERT
2025-09-11 19:04:41,852 - src.utils - INFO - Loading cleaned dataset from CSV file...
2025-09-11 19:04:42,623 - src.utils - INFO - Successfully loaded 449038 samples from CSV
2025-09-11 19:04:42,623 - src.utils - INFO - Data split - Train: 314326, Val: 67355, Test: 67357
2025-09-11 19:04:42,632 - src.utils - INFO - After split - Train: 314326, Val: 67355, Test: 67357
2025-09-11 19:04:42,645 - src.utils - INFO - Train label distribution: {0: 308487, 1: 5839}
2025-09-11 19:04:42,645 - src.utils - INFO - Validation label distribution: {0: 66225, 1: 1130}
2025-09-11 19:04:42,645 - src.utils - INFO - Test label distribution: {0: 57789, 1: 9568}
2025-09-11 19:04:42,645 - src.utils - INFO - Dataset initialized with 314326 samples
2025-09-11 19:04:42,646 - src.utils - INFO - Dataset initialized with 67355 samples
2025-09-11 19:04:42,646 - src.utils - INFO - Dataset initialized with 67357 samples
2025-09-11 19:04:42,660 - src.utils - INFO - DataLoaders created - Batch size: 16
2025-09-11 19:04:42,660 - src.utils - INFO - ==================================================
2025-09-11 19:04:42,660 - src.utils - INFO - DATASET INFORMATION
2025-09-11 19:04:42,661 - src.utils - INFO - ==================================================
2025-09-11 19:04:42,661 - src.utils - INFO - Training samples: 314326
2025-09-11 19:04:42,661 - src.utils - INFO - Validation samples: 67355
2025-09-11 19:04:42,661 - src.utils - INFO - Test samples: 67357
2025-09-11 19:04:42,661 - src.utils - INFO - Total samples: 449038
2025-09-11 19:04:42,661 - src.utils - INFO - Max sequence length: 128
2025-09-11 19:04:42,661 - src.utils - INFO - Batch size: 16
2025-09-11 19:04:42,661 - src.utils - INFO - ==================================================
2025-09-11 19:04:42,671 - src.utils - INFO - Mixed precision training enabled
2025-09-11 19:04:42,671 - src.utils - INFO - Trainer initialized on device: cuda
2025-09-11 19:04:42,671 - src.utils - INFO - Starting model training...
2025-09-11 19:16:15,589 - src.utils - INFO - Model initialized with 162842882 parameters
2025-09-11 19:16:15,590 - src.utils - INFO - Trainable parameters: 162842882
2025-09-11 19:16:15,590 - src.utils - INFO - Loss function: ce
2025-09-11 19:16:15,875 - src.utils - INFO - Model created and moved to cuda
2025-09-11 19:16:17,248 - src.utils - INFO - Model parameters: 162842882
2025-09-11 19:16:17,248 - src.utils - INFO - Optimizer: AdamW (lr=2e-05)
2025-09-11 19:16:17,248 - src.utils - INFO - Scheduler: Linear with warmup (100 steps)
2025-09-11 19:16:17,248 - src.utils - INFO - Starting training...
2025-09-11 19:16:17,248 - src.utils - INFO - Epochs: 3
2025-09-11 19:16:17,248 - src.utils - INFO - Batch size: 16
2025-09-11 19:16:17,248 - src.utils - INFO - Learning rate: 2e-05
2025-09-11 19:16:17,248 - src.utils - INFO - 
==================================================
2025-09-11 19:16:17,248 - src.utils - INFO - Epoch 1/3
2025-09-11 19:16:17,248 - src.utils - INFO - ==================================================
2025-09-11 19:16:44,625 - src.utils - INFO - Batch 100/19646 - Loss: 0.3076 - Avg Loss: 0.2459
2025-09-11 19:17:11,336 - src.utils - INFO - Batch 200/19646 - Loss: 0.0042 - Avg Loss: 0.1787
2025-09-11 19:17:38,192 - src.utils - INFO - Batch 300/19646 - Loss: 0.0079 - Avg Loss: 0.1636
2025-09-11 19:18:05,201 - src.utils - INFO - Batch 400/19646 - Loss: 0.0024 - Avg Loss: 0.1483
2025-09-11 19:18:32,260 - src.utils - INFO - Batch 500/19646 - Loss: 0.0077 - Avg Loss: 0.1393
2025-09-11 19:18:59,352 - src.utils - INFO - Batch 600/19646 - Loss: 0.0024 - Avg Loss: 0.1298
2025-09-11 19:19:26,492 - src.utils - INFO - Batch 700/19646 - Loss: 0.0043 - Avg Loss: 0.1227
2025-09-11 19:19:53,647 - src.utils - INFO - Batch 800/19646 - Loss: 0.0032 - Avg Loss: 0.1201
2025-09-11 19:20:20,866 - src.utils - INFO - Batch 900/19646 - Loss: 0.0034 - Avg Loss: 0.1176
2025-09-11 19:20:48,099 - src.utils - INFO - Batch 1000/19646 - Loss: 0.0034 - Avg Loss: 0.1151
2025-09-11 19:21:15,380 - src.utils - INFO - Batch 1100/19646 - Loss: 0.0010 - Avg Loss: 0.1125
2025-09-11 19:21:42,650 - src.utils - INFO - Batch 1200/19646 - Loss: 0.0050 - Avg Loss: 0.1126
2025-09-11 19:22:09,933 - src.utils - INFO - Batch 1300/19646 - Loss: 0.0078 - Avg Loss: 0.1098
2025-09-11 19:22:37,176 - src.utils - INFO - Batch 1400/19646 - Loss: 0.0016 - Avg Loss: 0.1097
2025-09-11 19:23:04,399 - src.utils - INFO - Batch 1500/19646 - Loss: 0.0029 - Avg Loss: 0.1078
2025-09-11 19:23:31,659 - src.utils - INFO - Batch 1600/19646 - Loss: 0.0108 - Avg Loss: 0.1073
2025-09-11 19:23:58,920 - src.utils - INFO - Batch 1700/19646 - Loss: 0.0044 - Avg Loss: 0.1070
2025-09-11 19:24:26,225 - src.utils - INFO - Batch 1800/19646 - Loss: 0.0244 - Avg Loss: 0.1064
2025-09-11 19:24:53,563 - src.utils - INFO - Batch 1900/19646 - Loss: 0.0046 - Avg Loss: 0.1073
2025-09-11 19:25:20,849 - src.utils - INFO - Batch 2000/19646 - Loss: 0.3473 - Avg Loss: 0.1074
2025-09-11 19:25:48,114 - src.utils - INFO - Batch 2100/19646 - Loss: 0.0114 - Avg Loss: 0.1069
2025-09-11 19:26:15,426 - src.utils - INFO - Batch 2200/19646 - Loss: 0.0039 - Avg Loss: 0.1060
2025-09-11 19:26:42,708 - src.utils - INFO - Batch 2300/19646 - Loss: 0.0048 - Avg Loss: 0.1057
2025-09-11 19:27:10,007 - src.utils - INFO - Batch 2400/19646 - Loss: 0.0063 - Avg Loss: 0.1054
2025-09-11 19:27:37,319 - src.utils - INFO - Batch 2500/19646 - Loss: 0.0241 - Avg Loss: 0.1050
2025-09-11 19:28:04,642 - src.utils - INFO - Batch 2600/19646 - Loss: 0.0118 - Avg Loss: 0.1045
2025-09-11 19:28:31,964 - src.utils - INFO - Batch 2700/19646 - Loss: 0.0044 - Avg Loss: 0.1045
2025-09-11 19:28:59,296 - src.utils - INFO - Batch 2800/19646 - Loss: 0.0119 - Avg Loss: 0.1046
2025-09-11 19:29:26,561 - src.utils - INFO - Batch 2900/19646 - Loss: 0.0060 - Avg Loss: 0.1040
2025-09-11 19:29:53,870 - src.utils - INFO - Batch 3000/19646 - Loss: 0.3205 - Avg Loss: 0.1044
2025-09-11 19:30:21,208 - src.utils - INFO - Batch 3100/19646 - Loss: 0.0102 - Avg Loss: 0.1039
2025-09-11 19:30:48,534 - src.utils - INFO - Batch 3200/19646 - Loss: 0.2386 - Avg Loss: 0.1039
2025-09-11 19:31:15,882 - src.utils - INFO - Batch 3300/19646 - Loss: 0.3032 - Avg Loss: 0.1039
2025-09-11 19:31:43,212 - src.utils - INFO - Batch 3400/19646 - Loss: 0.0094 - Avg Loss: 0.1033
2025-09-11 19:32:10,688 - src.utils - INFO - Batch 3500/19646 - Loss: 0.0077 - Avg Loss: 0.1026
2025-09-11 19:32:38,026 - src.utils - INFO - Batch 3600/19646 - Loss: 0.0097 - Avg Loss: 0.1030
2025-09-11 19:33:05,365 - src.utils - INFO - Batch 3700/19646 - Loss: 0.0107 - Avg Loss: 0.1025
2025-09-11 19:33:32,708 - src.utils - INFO - Batch 3800/19646 - Loss: 0.3313 - Avg Loss: 0.1024
2025-09-11 19:34:00,049 - src.utils - INFO - Batch 3900/19646 - Loss: 0.3552 - Avg Loss: 0.1022
2025-09-11 19:34:27,458 - src.utils - INFO - Batch 4000/19646 - Loss: 0.0079 - Avg Loss: 0.1020
2025-09-11 19:34:54,803 - src.utils - INFO - Batch 4100/19646 - Loss: 0.0104 - Avg Loss: 0.1024
2025-09-11 19:35:22,143 - src.utils - INFO - Batch 4200/19646 - Loss: 0.0069 - Avg Loss: 0.1025
2025-09-11 19:35:49,477 - src.utils - INFO - Batch 4300/19646 - Loss: 0.0140 - Avg Loss: 0.1029
2025-09-11 19:36:16,866 - src.utils - INFO - Batch 4400/19646 - Loss: 0.2528 - Avg Loss: 0.1031
2025-09-11 19:36:44,219 - src.utils - INFO - Batch 4500/19646 - Loss: 0.0029 - Avg Loss: 0.1028
2025-09-11 19:37:11,563 - src.utils - INFO - Batch 4600/19646 - Loss: 0.0051 - Avg Loss: 0.1023
2025-09-11 19:37:38,912 - src.utils - INFO - Batch 4700/19646 - Loss: 0.0173 - Avg Loss: 0.1022
2025-09-11 19:38:06,296 - src.utils - INFO - Batch 4800/19646 - Loss: 0.0099 - Avg Loss: 0.1020
2025-09-11 19:38:33,668 - src.utils - INFO - Batch 4900/19646 - Loss: 0.0104 - Avg Loss: 0.1022
2025-09-11 19:39:01,060 - src.utils - INFO - Batch 5000/19646 - Loss: 0.0119 - Avg Loss: 0.1017
2025-09-11 19:39:28,495 - src.utils - INFO - Batch 5100/19646 - Loss: 0.0059 - Avg Loss: 0.1009
2025-09-11 19:39:55,940 - src.utils - INFO - Batch 5200/19646 - Loss: 0.3061 - Avg Loss: 0.1012
2025-09-11 19:40:23,371 - src.utils - INFO - Batch 5300/19646 - Loss: 0.0081 - Avg Loss: 0.1010
2025-09-11 19:40:50,818 - src.utils - INFO - Batch 5400/19646 - Loss: 0.0046 - Avg Loss: 0.1005
2025-09-11 19:41:18,274 - src.utils - INFO - Batch 5500/19646 - Loss: 0.6647 - Avg Loss: 0.1002
2025-09-11 19:41:45,638 - src.utils - INFO - Batch 5600/19646 - Loss: 0.2931 - Avg Loss: 0.1006
2025-09-11 19:42:13,128 - src.utils - INFO - Batch 5700/19646 - Loss: 0.0100 - Avg Loss: 0.1004
2025-09-11 19:42:40,507 - src.utils - INFO - Batch 5800/19646 - Loss: 0.0076 - Avg Loss: 0.1004
2025-09-11 19:43:08,062 - src.utils - INFO - Batch 5900/19646 - Loss: 0.0084 - Avg Loss: 0.1004
2025-09-11 19:43:35,577 - src.utils - INFO - Batch 6000/19646 - Loss: 0.0107 - Avg Loss: 0.1005
2025-09-11 19:44:02,977 - src.utils - INFO - Batch 6100/19646 - Loss: 0.5984 - Avg Loss: 0.1004
2025-09-11 19:44:30,483 - src.utils - INFO - Batch 6200/19646 - Loss: 0.2738 - Avg Loss: 0.1003
2025-09-11 19:44:57,932 - src.utils - INFO - Batch 6300/19646 - Loss: 0.0109 - Avg Loss: 0.1008
2025-09-11 19:45:25,412 - src.utils - INFO - Batch 6400/19646 - Loss: 0.0101 - Avg Loss: 0.1007
2025-09-11 19:45:52,815 - src.utils - INFO - Batch 6500/19646 - Loss: 0.0084 - Avg Loss: 0.1008
2025-09-11 19:46:20,295 - src.utils - INFO - Batch 6600/19646 - Loss: 0.0067 - Avg Loss: 0.1005
2025-09-11 19:46:47,712 - src.utils - INFO - Batch 6700/19646 - Loss: 0.0087 - Avg Loss: 0.1006
2025-09-11 19:47:15,128 - src.utils - INFO - Batch 6800/19646 - Loss: 0.2802 - Avg Loss: 0.1008
2025-09-11 19:47:42,618 - src.utils - INFO - Batch 6900/19646 - Loss: 0.0131 - Avg Loss: 0.1009
2025-09-11 19:48:10,091 - src.utils - INFO - Batch 7000/19646 - Loss: 0.0109 - Avg Loss: 0.1010
2025-09-11 19:48:37,643 - src.utils - INFO - Batch 7100/19646 - Loss: 0.3350 - Avg Loss: 0.1012
2025-09-11 19:49:05,077 - src.utils - INFO - Batch 7200/19646 - Loss: 0.0091 - Avg Loss: 0.1015
2025-09-11 19:49:32,715 - src.utils - INFO - Batch 7300/19646 - Loss: 0.0074 - Avg Loss: 0.1013
2025-09-11 19:50:00,167 - src.utils - INFO - Batch 7400/19646 - Loss: 0.0118 - Avg Loss: 0.1014
2025-09-11 19:50:27,610 - src.utils - INFO - Batch 7500/19646 - Loss: 0.0041 - Avg Loss: 0.1011
2025-09-11 19:50:55,024 - src.utils - INFO - Batch 7600/19646 - Loss: 0.0146 - Avg Loss: 0.1010
2025-09-11 19:51:22,507 - src.utils - INFO - Batch 7700/19646 - Loss: 0.0113 - Avg Loss: 0.1012
2025-09-11 19:51:49,971 - src.utils - INFO - Batch 7800/19646 - Loss: 0.0104 - Avg Loss: 0.1012
2025-09-11 19:52:17,575 - src.utils - INFO - Batch 7900/19646 - Loss: 0.0066 - Avg Loss: 0.1010
2025-09-11 19:52:45,020 - src.utils - INFO - Batch 8000/19646 - Loss: 0.2705 - Avg Loss: 0.1010
2025-09-11 19:53:12,578 - src.utils - INFO - Batch 8100/19646 - Loss: 0.3230 - Avg Loss: 0.1006
2025-09-11 19:53:39,998 - src.utils - INFO - Batch 8200/19646 - Loss: 0.2669 - Avg Loss: 0.1007
2025-09-11 19:54:07,420 - src.utils - INFO - Batch 8300/19646 - Loss: 0.0109 - Avg Loss: 0.1008
2025-09-11 19:54:34,785 - src.utils - INFO - Batch 8400/19646 - Loss: 0.0060 - Avg Loss: 0.1007
2025-09-11 19:55:02,224 - src.utils - INFO - Batch 8500/19646 - Loss: 0.0089 - Avg Loss: 0.1007
2025-09-11 19:55:29,795 - src.utils - INFO - Batch 8600/19646 - Loss: 0.0070 - Avg Loss: 0.1007
2025-09-11 19:55:57,238 - src.utils - INFO - Batch 8700/19646 - Loss: 0.0035 - Avg Loss: 0.1007
2025-09-11 19:56:25,004 - src.utils - INFO - Batch 8800/19646 - Loss: 0.0080 - Avg Loss: 0.1010
2025-09-11 19:56:52,364 - src.utils - INFO - Batch 8900/19646 - Loss: 0.0144 - Avg Loss: 0.1009
2025-09-11 19:57:19,751 - src.utils - INFO - Batch 9000/19646 - Loss: 0.2848 - Avg Loss: 0.1009
2025-09-11 19:57:47,165 - src.utils - INFO - Batch 9100/19646 - Loss: 0.0042 - Avg Loss: 0.1007
2025-09-11 19:58:14,585 - src.utils - INFO - Batch 9200/19646 - Loss: 0.0045 - Avg Loss: 0.1003
2025-09-11 19:58:42,013 - src.utils - INFO - Batch 9300/19646 - Loss: 0.2879 - Avg Loss: 0.1005
2025-09-11 19:59:09,480 - src.utils - INFO - Batch 9400/19646 - Loss: 0.0078 - Avg Loss: 0.1005
2025-09-11 19:59:36,853 - src.utils - INFO - Batch 9500/19646 - Loss: 0.0105 - Avg Loss: 0.1005
2025-09-11 20:00:04,363 - src.utils - INFO - Batch 9600/19646 - Loss: 0.0070 - Avg Loss: 0.1005
2025-09-11 20:00:31,770 - src.utils - INFO - Batch 9700/19646 - Loss: 0.5999 - Avg Loss: 0.1003
2025-09-11 20:00:59,548 - src.utils - INFO - Batch 9800/19646 - Loss: 0.0131 - Avg Loss: 0.1005
2025-09-11 20:01:27,358 - src.utils - INFO - Batch 9900/19646 - Loss: 0.3145 - Avg Loss: 0.1006
2025-09-11 20:01:54,807 - src.utils - INFO - Batch 10000/19646 - Loss: 0.3110 - Avg Loss: 0.1005
2025-09-11 20:02:22,289 - src.utils - INFO - Batch 10100/19646 - Loss: 0.0092 - Avg Loss: 0.1006
2025-09-11 20:02:49,666 - src.utils - INFO - Batch 10200/19646 - Loss: 0.0134 - Avg Loss: 0.1009
2025-09-11 20:03:17,056 - src.utils - INFO - Batch 10300/19646 - Loss: 0.0101 - Avg Loss: 0.1009
2025-09-11 20:03:44,448 - src.utils - INFO - Batch 10400/19646 - Loss: 0.2881 - Avg Loss: 0.1008
2025-09-11 20:04:11,895 - src.utils - INFO - Batch 10500/19646 - Loss: 0.0069 - Avg Loss: 0.1006
2025-09-11 20:04:39,360 - src.utils - INFO - Batch 10600/19646 - Loss: 0.0066 - Avg Loss: 0.1004
2025-09-11 20:05:06,820 - src.utils - INFO - Batch 10700/19646 - Loss: 0.3819 - Avg Loss: 0.1002
2025-09-11 20:05:34,250 - src.utils - INFO - Batch 10800/19646 - Loss: 0.6033 - Avg Loss: 0.1002
2025-09-11 20:06:01,656 - src.utils - INFO - Batch 10900/19646 - Loss: 0.2922 - Avg Loss: 0.1003
2025-09-11 20:06:29,070 - src.utils - INFO - Batch 11000/19646 - Loss: 0.0131 - Avg Loss: 0.1004
2025-09-11 20:06:56,481 - src.utils - INFO - Batch 11100/19646 - Loss: 0.2886 - Avg Loss: 0.1003
2025-09-11 20:07:23,881 - src.utils - INFO - Batch 11200/19646 - Loss: 0.0090 - Avg Loss: 0.1002
2025-09-11 20:07:51,262 - src.utils - INFO - Batch 11300/19646 - Loss: 0.0123 - Avg Loss: 0.1002
2025-09-11 20:08:18,678 - src.utils - INFO - Batch 11400/19646 - Loss: 0.3166 - Avg Loss: 0.1004
2025-09-11 20:08:46,056 - src.utils - INFO - Batch 11500/19646 - Loss: 0.2856 - Avg Loss: 0.1004
2025-09-11 20:09:13,422 - src.utils - INFO - Batch 11600/19646 - Loss: 0.0133 - Avg Loss: 0.1004
2025-09-11 20:09:40,804 - src.utils - INFO - Batch 11700/19646 - Loss: 0.0044 - Avg Loss: 0.1001
2025-09-11 20:10:08,174 - src.utils - INFO - Batch 11800/19646 - Loss: 0.0133 - Avg Loss: 0.1001
2025-09-11 20:10:35,566 - src.utils - INFO - Batch 11900/19646 - Loss: 0.0097 - Avg Loss: 0.1001
2025-09-11 20:11:02,923 - src.utils - INFO - Batch 12000/19646 - Loss: 0.0103 - Avg Loss: 0.1001
2025-09-11 20:11:30,307 - src.utils - INFO - Batch 12100/19646 - Loss: 0.0039 - Avg Loss: 0.0999
2025-09-11 20:11:57,673 - src.utils - INFO - Batch 12200/19646 - Loss: 0.0089 - Avg Loss: 0.1000
2025-09-11 20:12:25,051 - src.utils - INFO - Batch 12300/19646 - Loss: 0.0076 - Avg Loss: 0.1000
2025-09-11 20:12:52,403 - src.utils - INFO - Batch 12400/19646 - Loss: 0.0065 - Avg Loss: 0.0999
2025-09-11 20:13:19,750 - src.utils - INFO - Batch 12500/19646 - Loss: 0.0097 - Avg Loss: 0.0998
2025-09-11 20:13:47,093 - src.utils - INFO - Batch 12600/19646 - Loss: 0.0075 - Avg Loss: 0.0995
2025-09-11 20:14:14,570 - src.utils - INFO - Batch 12700/19646 - Loss: 0.2761 - Avg Loss: 0.0997
2025-09-11 20:14:41,935 - src.utils - INFO - Batch 12800/19646 - Loss: 0.0053 - Avg Loss: 0.0995
2025-09-11 20:15:43,501 - src.utils - INFO - Batch 12900/19646 - Loss: 0.0102 - Avg Loss: 0.0995
2025-09-11 20:16:10,366 - src.utils - INFO - Batch 13000/19646 - Loss: 0.2822 - Avg Loss: 0.0996
2025-09-11 20:16:37,457 - src.utils - INFO - Batch 13100/19646 - Loss: 0.0091 - Avg Loss: 0.0995
2025-09-11 20:17:04,620 - src.utils - INFO - Batch 13200/19646 - Loss: 0.0095 - Avg Loss: 0.0994
2025-09-11 20:17:31,855 - src.utils - INFO - Batch 13300/19646 - Loss: 0.0098 - Avg Loss: 0.0993
2025-09-11 20:17:59,130 - src.utils - INFO - Batch 13400/19646 - Loss: 0.0051 - Avg Loss: 0.0991
2025-09-11 20:18:26,372 - src.utils - INFO - Batch 13500/19646 - Loss: 0.0068 - Avg Loss: 0.0990
2025-09-11 20:18:53,636 - src.utils - INFO - Batch 13600/19646 - Loss: 0.0081 - Avg Loss: 0.0990
2025-09-11 20:19:20,897 - src.utils - INFO - Batch 13700/19646 - Loss: 0.0107 - Avg Loss: 0.0988
2025-09-11 20:19:48,211 - src.utils - INFO - Batch 13800/19646 - Loss: 0.0091 - Avg Loss: 0.0989
2025-09-11 20:20:15,488 - src.utils - INFO - Batch 13900/19646 - Loss: 0.0093 - Avg Loss: 0.0988
2025-09-11 20:20:42,838 - src.utils - INFO - Batch 14000/19646 - Loss: 0.0102 - Avg Loss: 0.0988
2025-09-11 20:21:44,743 - src.utils - INFO - Batch 14100/19646 - Loss: 0.0121 - Avg Loss: 0.0989
2025-09-11 20:22:11,605 - src.utils - INFO - Batch 14200/19646 - Loss: 0.0140 - Avg Loss: 0.0988
2025-09-11 20:22:38,669 - src.utils - INFO - Batch 14300/19646 - Loss: 0.0065 - Avg Loss: 0.0987
2025-09-11 20:23:05,820 - src.utils - INFO - Batch 14400/19646 - Loss: 0.0101 - Avg Loss: 0.0987
2025-09-11 20:23:33,142 - src.utils - INFO - Batch 14500/19646 - Loss: 0.0061 - Avg Loss: 0.0985
2025-09-11 20:24:00,405 - src.utils - INFO - Batch 14600/19646 - Loss: 0.0095 - Avg Loss: 0.0984
2025-09-11 20:24:27,638 - src.utils - INFO - Batch 14700/19646 - Loss: 0.0051 - Avg Loss: 0.0982
2025-09-11 20:24:54,872 - src.utils - INFO - Batch 14800/19646 - Loss: 0.2885 - Avg Loss: 0.0982
2025-09-11 20:25:22,135 - src.utils - INFO - Batch 14900/19646 - Loss: 0.0077 - Avg Loss: 0.0983
2025-09-11 20:25:49,450 - src.utils - INFO - Batch 15000/19646 - Loss: 0.6410 - Avg Loss: 0.0982
2025-09-11 20:26:16,736 - src.utils - INFO - Batch 15100/19646 - Loss: 0.0062 - Avg Loss: 0.0981
2025-09-11 20:26:44,055 - src.utils - INFO - Batch 15200/19646 - Loss: 0.3168 - Avg Loss: 0.0980
2025-09-11 20:29:13,683 - src.utils - INFO - Batch 15300/19646 - Loss: 0.3140 - Avg Loss: 0.0980
2025-09-11 20:29:40,366 - src.utils - INFO - Batch 15400/19646 - Loss: 0.2954 - Avg Loss: 0.0980
2025-09-11 20:30:07,260 - src.utils - INFO - Batch 15500/19646 - Loss: 0.3120 - Avg Loss: 0.0980
2025-09-11 20:30:34,308 - src.utils - INFO - Batch 15600/19646 - Loss: 0.2529 - Avg Loss: 0.0980
2025-09-11 20:31:01,416 - src.utils - INFO - Batch 15700/19646 - Loss: 0.0155 - Avg Loss: 0.0981
2025-09-11 20:31:28,578 - src.utils - INFO - Batch 15800/19646 - Loss: 0.9617 - Avg Loss: 0.0980
2025-09-11 20:31:55,779 - src.utils - INFO - Batch 15900/19646 - Loss: 0.0088 - Avg Loss: 0.0980
2025-09-11 20:32:22,990 - src.utils - INFO - Batch 16000/19646 - Loss: 0.0083 - Avg Loss: 0.0979
2025-09-11 20:32:51,951 - src.utils - INFO - Batch 16100/19646 - Loss: 0.3415 - Avg Loss: 0.0979
2025-09-11 20:33:26,062 - src.utils - INFO - Batch 16200/19646 - Loss: 0.0114 - Avg Loss: 0.0980
2025-09-11 20:33:59,667 - src.utils - INFO - Batch 16300/19646 - Loss: 0.0097 - Avg Loss: 0.0980
2025-09-11 20:34:33,153 - src.utils - INFO - Batch 16400/19646 - Loss: 0.0089 - Avg Loss: 0.0979
2025-09-11 20:35:06,705 - src.utils - INFO - Batch 16500/19646 - Loss: 0.2989 - Avg Loss: 0.0979
2025-09-11 20:35:40,297 - src.utils - INFO - Batch 16600/19646 - Loss: 0.3067 - Avg Loss: 0.0978
2025-09-11 20:36:13,966 - src.utils - INFO - Batch 16700/19646 - Loss: 0.0123 - Avg Loss: 0.0979
2025-09-11 20:36:47,583 - src.utils - INFO - Batch 16800/19646 - Loss: 0.0100 - Avg Loss: 0.0978
2025-09-11 20:37:21,184 - src.utils - INFO - Batch 16900/19646 - Loss: 0.0189 - Avg Loss: 0.0978
2025-09-11 20:37:54,727 - src.utils - INFO - Batch 17000/19646 - Loss: 0.0102 - Avg Loss: 0.0978
2025-09-11 20:38:28,279 - src.utils - INFO - Batch 17100/19646 - Loss: 0.0111 - Avg Loss: 0.0979
2025-09-11 20:39:01,842 - src.utils - INFO - Batch 17200/19646 - Loss: 0.0140 - Avg Loss: 0.0980
2025-09-11 20:39:35,418 - src.utils - INFO - Batch 17300/19646 - Loss: 0.3264 - Avg Loss: 0.0979
2025-09-11 20:40:09,023 - src.utils - INFO - Batch 17400/19646 - Loss: 0.0118 - Avg Loss: 0.0978
2025-09-11 20:40:42,692 - src.utils - INFO - Batch 17500/19646 - Loss: 0.0093 - Avg Loss: 0.0979
2025-09-11 20:41:16,402 - src.utils - INFO - Batch 17600/19646 - Loss: 0.0252 - Avg Loss: 0.0980
2025-09-11 20:41:49,950 - src.utils - INFO - Batch 17700/19646 - Loss: 0.0049 - Avg Loss: 0.0978
2025-09-11 20:42:23,627 - src.utils - INFO - Batch 17800/19646 - Loss: 0.0090 - Avg Loss: 0.0979
2025-09-11 20:42:57,436 - src.utils - INFO - Batch 17900/19646 - Loss: 0.0135 - Avg Loss: 0.0981
2025-09-11 20:43:31,210 - src.utils - INFO - Batch 18000/19646 - Loss: 0.0072 - Avg Loss: 0.0980
2025-09-11 20:44:05,053 - src.utils - INFO - Batch 18100/19646 - Loss: 0.0149 - Avg Loss: 0.0980
2025-09-11 20:44:38,603 - src.utils - INFO - Batch 18200/19646 - Loss: 0.0080 - Avg Loss: 0.0979
2025-09-11 20:45:12,360 - src.utils - INFO - Batch 18300/19646 - Loss: 0.0085 - Avg Loss: 0.0978
2025-09-11 20:45:46,177 - src.utils - INFO - Batch 18400/19646 - Loss: 0.0156 - Avg Loss: 0.0979
2025-09-11 20:46:20,076 - src.utils - INFO - Batch 18500/19646 - Loss: 0.0107 - Avg Loss: 0.0979
2025-09-11 20:46:53,920 - src.utils - INFO - Batch 18600/19646 - Loss: 0.0055 - Avg Loss: 0.0979
2025-09-11 20:47:27,779 - src.utils - INFO - Batch 18700/19646 - Loss: 0.0099 - Avg Loss: 0.0980
2025-09-11 20:48:01,545 - src.utils - INFO - Batch 18800/19646 - Loss: 0.2643 - Avg Loss: 0.0981
2025-09-11 20:48:35,350 - src.utils - INFO - Batch 18900/19646 - Loss: 0.0070 - Avg Loss: 0.0979
2025-09-11 20:49:09,212 - src.utils - INFO - Batch 19000/19646 - Loss: 0.0101 - Avg Loss: 0.0980
2025-09-11 20:49:43,050 - src.utils - INFO - Batch 19100/19646 - Loss: 0.0103 - Avg Loss: 0.0979
2025-09-11 20:50:16,852 - src.utils - INFO - Batch 19200/19646 - Loss: 0.0121 - Avg Loss: 0.0981
2025-09-11 20:50:50,537 - src.utils - INFO - Batch 19300/19646 - Loss: 0.2795 - Avg Loss: 0.0980
2025-09-11 20:51:24,358 - src.utils - INFO - Batch 19400/19646 - Loss: 0.0132 - Avg Loss: 0.0980
2025-09-11 20:51:58,277 - src.utils - INFO - Batch 19500/19646 - Loss: 0.0107 - Avg Loss: 0.0980
2025-09-11 20:52:32,296 - src.utils - INFO - Batch 19600/19646 - Loss: 0.0105 - Avg Loss: 0.0980
2025-09-11 20:58:02,178 - src.utils - INFO - Epoch 1 Results:
2025-09-11 20:58:02,178 - src.utils - INFO -   Train Loss: 0.0980
2025-09-11 20:58:02,179 - src.utils - INFO -   Val Loss: 0.0882
2025-09-11 20:58:02,179 - src.utils - INFO -   Val Accuracy: 0.9832
2025-09-11 20:58:02,180 - src.utils - INFO -   Epoch Time: 1.70h
2025-09-11 20:58:02,180 - src.utils - INFO - New best model! Accuracy: 0.9832
2025-09-11 20:58:16,900 - src.utils - INFO - Best model saved at epoch 1 with accuracy 0.9832
2025-09-11 20:58:16,901 - src.utils - INFO - Model checkpoint saved for epoch 1
2025-09-11 20:58:16,901 - src.utils - INFO - 
==================================================
2025-09-11 20:58:16,903 - src.utils - INFO - Epoch 2/3
2025-09-11 20:58:16,903 - src.utils - INFO - ==================================================
2025-09-11 20:58:50,669 - src.utils - INFO - Batch 100/19646 - Loss: 0.0095 - Avg Loss: 0.1003
2025-09-11 20:59:24,586 - src.utils - INFO - Batch 200/19646 - Loss: 0.0090 - Avg Loss: 0.1012
2025-09-11 20:59:58,581 - src.utils - INFO - Batch 300/19646 - Loss: 0.6077 - Avg Loss: 0.0977
2025-09-11 21:00:32,598 - src.utils - INFO - Batch 400/19646 - Loss: 0.0086 - Avg Loss: 0.1014
2025-09-11 21:01:06,808 - src.utils - INFO - Batch 500/19646 - Loss: 0.3176 - Avg Loss: 0.0957
2025-09-11 21:01:40,921 - src.utils - INFO - Batch 600/19646 - Loss: 0.0158 - Avg Loss: 0.1006
2025-09-11 21:02:14,935 - src.utils - INFO - Batch 700/19646 - Loss: 0.0080 - Avg Loss: 0.1005
2025-09-11 21:02:49,083 - src.utils - INFO - Batch 800/19646 - Loss: 0.2800 - Avg Loss: 0.1021
2025-09-11 21:03:23,173 - src.utils - INFO - Batch 900/19646 - Loss: 0.2553 - Avg Loss: 0.1018
2025-09-11 21:03:57,432 - src.utils - INFO - Batch 1000/19646 - Loss: 0.0121 - Avg Loss: 0.1020
2025-09-11 21:04:31,684 - src.utils - INFO - Batch 1100/19646 - Loss: 0.2874 - Avg Loss: 0.1023
2025-09-11 21:05:06,002 - src.utils - INFO - Batch 1200/19646 - Loss: 0.0091 - Avg Loss: 0.1012
2025-09-11 21:05:40,335 - src.utils - INFO - Batch 1300/19646 - Loss: 0.0080 - Avg Loss: 0.1002
2025-09-11 21:06:14,657 - src.utils - INFO - Batch 1400/19646 - Loss: 0.0099 - Avg Loss: 0.0999
2025-09-11 21:06:49,041 - src.utils - INFO - Batch 1500/19646 - Loss: 0.3095 - Avg Loss: 0.0987
2025-09-11 21:07:23,364 - src.utils - INFO - Batch 1600/19646 - Loss: 0.0179 - Avg Loss: 0.1002
2025-09-11 21:07:57,800 - src.utils - INFO - Batch 1700/19646 - Loss: 0.0145 - Avg Loss: 0.1007
2025-09-11 21:08:32,152 - src.utils - INFO - Batch 1800/19646 - Loss: 0.2880 - Avg Loss: 0.1006
2025-09-11 21:09:06,301 - src.utils - INFO - Batch 1900/19646 - Loss: 0.0091 - Avg Loss: 0.0997
2025-09-11 21:09:40,513 - src.utils - INFO - Batch 2000/19646 - Loss: 0.0062 - Avg Loss: 0.0993
2025-09-11 21:10:14,675 - src.utils - INFO - Batch 2100/19646 - Loss: 0.0155 - Avg Loss: 0.1000
2025-09-11 21:10:48,720 - src.utils - INFO - Batch 2200/19646 - Loss: 0.0112 - Avg Loss: 0.1008
2025-09-11 21:11:22,668 - src.utils - INFO - Batch 2300/19646 - Loss: 0.0095 - Avg Loss: 0.1002
2025-09-11 21:11:56,453 - src.utils - INFO - Batch 2400/19646 - Loss: 0.2772 - Avg Loss: 0.1000
2025-09-11 21:12:30,171 - src.utils - INFO - Batch 2500/19646 - Loss: 0.0067 - Avg Loss: 0.0995
2025-09-11 21:13:03,813 - src.utils - INFO - Batch 2600/19646 - Loss: 0.2826 - Avg Loss: 0.1005
2025-09-11 21:16:49,548 - src.utils - INFO - Batch 2700/19646 - Loss: 0.0088 - Avg Loss: 0.1001
2025-09-11 21:17:22,035 - src.utils - INFO - Batch 2800/19646 - Loss: 0.0094 - Avg Loss: 0.0999
2025-09-11 21:17:54,976 - src.utils - INFO - Batch 2900/19646 - Loss: 0.3002 - Avg Loss: 0.0996
2025-09-11 21:18:27,821 - src.utils - INFO - Batch 3000/19646 - Loss: 0.0086 - Avg Loss: 0.0990
2025-09-11 21:19:00,812 - src.utils - INFO - Batch 3100/19646 - Loss: 0.0152 - Avg Loss: 0.0993
2025-09-11 21:19:33,936 - src.utils - INFO - Batch 3200/19646 - Loss: 0.3196 - Avg Loss: 0.0993
2025-09-11 21:20:07,069 - src.utils - INFO - Batch 3300/19646 - Loss: 0.0067 - Avg Loss: 0.0989
2025-09-11 21:20:40,251 - src.utils - INFO - Batch 3400/19646 - Loss: 0.0162 - Avg Loss: 0.0989
2025-09-11 21:21:13,607 - src.utils - INFO - Batch 3500/19646 - Loss: 0.0115 - Avg Loss: 0.0988
2025-09-11 21:21:47,036 - src.utils - INFO - Batch 3600/19646 - Loss: 0.0187 - Avg Loss: 0.0994
2025-09-11 21:22:20,482 - src.utils - INFO - Batch 3700/19646 - Loss: 0.0111 - Avg Loss: 0.0996
2025-09-11 21:22:54,055 - src.utils - INFO - Batch 3800/19646 - Loss: 0.0089 - Avg Loss: 0.0993
2025-09-11 21:36:07,984 - src.utils - INFO - Batch 3900/19646 - Loss: 0.0080 - Avg Loss: 0.0991
2025-09-11 21:36:40,364 - src.utils - INFO - Batch 4000/19646 - Loss: 0.0127 - Avg Loss: 0.0992
2025-09-11 21:37:13,096 - src.utils - INFO - Batch 4100/19646 - Loss: 0.0096 - Avg Loss: 0.0993
2025-09-11 21:37:45,954 - src.utils - INFO - Batch 4200/19646 - Loss: 0.3176 - Avg Loss: 0.0990
2025-09-11 21:38:18,672 - src.utils - INFO - Batch 4300/19646 - Loss: 0.0083 - Avg Loss: 0.0984
2025-09-11 21:38:51,476 - src.utils - INFO - Batch 4400/19646 - Loss: 0.0111 - Avg Loss: 0.0985
2025-09-11 21:49:12,372 - src.utils - INFO - Batch 4500/19646 - Loss: 0.0087 - Avg Loss: 0.0982
2025-09-11 21:49:44,701 - src.utils - INFO - Batch 4600/19646 - Loss: 0.0053 - Avg Loss: 0.0974
2025-09-11 21:50:17,189 - src.utils - INFO - Batch 4700/19646 - Loss: 0.0131 - Avg Loss: 0.0978
2025-09-11 21:50:49,815 - src.utils - INFO - Batch 4800/19646 - Loss: 0.2757 - Avg Loss: 0.0981
2025-09-11 21:51:22,628 - src.utils - INFO - Batch 4900/19646 - Loss: 0.0085 - Avg Loss: 0.0978
2025-09-11 21:51:55,364 - src.utils - INFO - Batch 5000/19646 - Loss: 0.0076 - Avg Loss: 0.0974
2025-09-11 21:52:27,889 - src.utils - INFO - Batch 5100/19646 - Loss: 0.2903 - Avg Loss: 0.0976
2025-09-11 21:52:59,737 - src.utils - INFO - Batch 5200/19646 - Loss: 0.0079 - Avg Loss: 0.0976
2025-09-11 21:53:26,477 - src.utils - INFO - Batch 5300/19646 - Loss: 0.0109 - Avg Loss: 0.0977
2025-09-11 21:53:53,411 - src.utils - INFO - Batch 5400/19646 - Loss: 0.0076 - Avg Loss: 0.0974
2025-09-11 21:54:20,436 - src.utils - INFO - Batch 5500/19646 - Loss: 0.0129 - Avg Loss: 0.0975
2025-09-11 21:54:47,541 - src.utils - INFO - Batch 5600/19646 - Loss: 0.0093 - Avg Loss: 0.0975
2025-09-11 21:55:14,663 - src.utils - INFO - Batch 5700/19646 - Loss: 0.0076 - Avg Loss: 0.0975
2025-09-11 21:55:41,801 - src.utils - INFO - Batch 5800/19646 - Loss: 0.3287 - Avg Loss: 0.0972
2025-09-11 21:56:08,980 - src.utils - INFO - Batch 5900/19646 - Loss: 0.2701 - Avg Loss: 0.0976
2025-09-11 21:56:36,188 - src.utils - INFO - Batch 6000/19646 - Loss: 0.0152 - Avg Loss: 0.0978
2025-09-11 21:57:03,445 - src.utils - INFO - Batch 6100/19646 - Loss: 0.2725 - Avg Loss: 0.0977
2025-09-11 21:57:30,646 - src.utils - INFO - Batch 6200/19646 - Loss: 0.2917 - Avg Loss: 0.0977
2025-09-11 21:57:57,850 - src.utils - INFO - Batch 6300/19646 - Loss: 0.0118 - Avg Loss: 0.0978
2025-09-11 21:58:25,110 - src.utils - INFO - Batch 6400/19646 - Loss: 0.0115 - Avg Loss: 0.0978
2025-09-11 21:58:52,369 - src.utils - INFO - Batch 6500/19646 - Loss: 0.3168 - Avg Loss: 0.0978
2025-09-11 21:59:19,631 - src.utils - INFO - Batch 6600/19646 - Loss: 0.0082 - Avg Loss: 0.0977
2025-09-11 21:59:46,912 - src.utils - INFO - Batch 6700/19646 - Loss: 0.3084 - Avg Loss: 0.0975
2025-09-11 22:00:14,290 - src.utils - INFO - Batch 6800/19646 - Loss: 0.0121 - Avg Loss: 0.0976
2025-09-11 22:00:41,601 - src.utils - INFO - Batch 6900/19646 - Loss: 0.0079 - Avg Loss: 0.0974
2025-09-11 22:01:09,514 - src.utils - INFO - Batch 7000/19646 - Loss: 0.0078 - Avg Loss: 0.0973
2025-09-11 22:01:36,863 - src.utils - INFO - Batch 7100/19646 - Loss: 0.0081 - Avg Loss: 0.0971
2025-09-11 22:02:04,391 - src.utils - INFO - Batch 7200/19646 - Loss: 0.0094 - Avg Loss: 0.0970
2025-09-11 22:02:31,915 - src.utils - INFO - Batch 7300/19646 - Loss: 0.0075 - Avg Loss: 0.0968
2025-09-11 22:02:59,187 - src.utils - INFO - Batch 7400/19646 - Loss: 0.0077 - Avg Loss: 0.0966
2025-09-11 22:03:26,667 - src.utils - INFO - Batch 7500/19646 - Loss: 0.0096 - Avg Loss: 0.0964
2025-09-11 22:03:54,257 - src.utils - INFO - Batch 7600/19646 - Loss: 0.0066 - Avg Loss: 0.0962
2025-09-11 22:04:21,775 - src.utils - INFO - Batch 7700/19646 - Loss: 0.0081 - Avg Loss: 0.0960
2025-09-11 22:04:49,125 - src.utils - INFO - Batch 7800/19646 - Loss: 0.0098 - Avg Loss: 0.0961
2025-09-11 22:05:16,868 - src.utils - INFO - Batch 7900/19646 - Loss: 0.2895 - Avg Loss: 0.0964
2025-09-11 22:05:44,254 - src.utils - INFO - Batch 8000/19646 - Loss: 0.0116 - Avg Loss: 0.0965
2025-09-11 22:06:11,652 - src.utils - INFO - Batch 8100/19646 - Loss: 0.0087 - Avg Loss: 0.0964
2025-09-11 22:06:39,080 - src.utils - INFO - Batch 8200/19646 - Loss: 0.0079 - Avg Loss: 0.0963
2025-09-11 22:07:06,439 - src.utils - INFO - Batch 8300/19646 - Loss: 0.0083 - Avg Loss: 0.0961
2025-09-11 22:07:33,810 - src.utils - INFO - Batch 8400/19646 - Loss: 0.0080 - Avg Loss: 0.0958
2025-09-11 22:08:01,158 - src.utils - INFO - Batch 8500/19646 - Loss: 0.2995 - Avg Loss: 0.0957
2025-09-11 22:08:28,524 - src.utils - INFO - Batch 8600/19646 - Loss: 0.0093 - Avg Loss: 0.0956
2025-09-11 22:08:56,130 - src.utils - INFO - Batch 8700/19646 - Loss: 0.0078 - Avg Loss: 0.0956
2025-09-11 22:09:23,635 - src.utils - INFO - Batch 8800/19646 - Loss: 0.0089 - Avg Loss: 0.0956
2025-09-11 22:09:51,181 - src.utils - INFO - Batch 8900/19646 - Loss: 0.0113 - Avg Loss: 0.0956
2025-09-11 22:10:18,864 - src.utils - INFO - Batch 9000/19646 - Loss: 0.0108 - Avg Loss: 0.0956
2025-09-11 22:10:46,339 - src.utils - INFO - Batch 9100/19646 - Loss: 0.0112 - Avg Loss: 0.0956
2025-09-11 22:11:13,894 - src.utils - INFO - Batch 9200/19646 - Loss: 0.0106 - Avg Loss: 0.0956
2025-09-11 22:11:41,309 - src.utils - INFO - Batch 9300/19646 - Loss: 0.2960 - Avg Loss: 0.0957
2025-09-11 22:12:08,679 - src.utils - INFO - Batch 9400/19646 - Loss: 0.2724 - Avg Loss: 0.0958
2025-09-11 22:12:36,141 - src.utils - INFO - Batch 9500/19646 - Loss: 0.0075 - Avg Loss: 0.0957
2025-09-11 22:13:03,572 - src.utils - INFO - Batch 9600/19646 - Loss: 0.0109 - Avg Loss: 0.0957
2025-09-11 22:13:30,999 - src.utils - INFO - Batch 9700/19646 - Loss: 0.3134 - Avg Loss: 0.0956
2025-09-11 22:13:58,445 - src.utils - INFO - Batch 9800/19646 - Loss: 0.0091 - Avg Loss: 0.0957
2025-09-11 22:14:25,871 - src.utils - INFO - Batch 9900/19646 - Loss: 0.0075 - Avg Loss: 0.0955
2025-09-11 22:14:53,288 - src.utils - INFO - Batch 10000/19646 - Loss: 0.0090 - Avg Loss: 0.0955
2025-09-11 22:15:20,719 - src.utils - INFO - Batch 10100/19646 - Loss: 0.0101 - Avg Loss: 0.0955
2025-09-11 22:15:48,146 - src.utils - INFO - Batch 10200/19646 - Loss: 0.6387 - Avg Loss: 0.0954
2025-09-11 22:16:15,580 - src.utils - INFO - Batch 10300/19646 - Loss: 0.1203 - Avg Loss: 0.0952
2025-09-11 22:16:43,002 - src.utils - INFO - Batch 10400/19646 - Loss: 0.0097 - Avg Loss: 0.0951
2025-09-11 22:17:10,411 - src.utils - INFO - Batch 10500/19646 - Loss: 0.0107 - Avg Loss: 0.0952
2025-09-11 22:17:37,832 - src.utils - INFO - Batch 10600/19646 - Loss: 0.0097 - Avg Loss: 0.0952
2025-09-11 22:18:05,451 - src.utils - INFO - Batch 10700/19646 - Loss: 0.0118 - Avg Loss: 0.0954
2025-09-11 22:18:32,918 - src.utils - INFO - Batch 10800/19646 - Loss: 0.0106 - Avg Loss: 0.0955
2025-09-11 22:19:00,438 - src.utils - INFO - Batch 10900/19646 - Loss: 0.0123 - Avg Loss: 0.0956
2025-09-11 22:19:28,124 - src.utils - INFO - Batch 11000/19646 - Loss: 0.0102 - Avg Loss: 0.0955
2025-09-11 22:19:55,728 - src.utils - INFO - Batch 11100/19646 - Loss: 0.0086 - Avg Loss: 0.0954
2025-09-11 22:20:23,202 - src.utils - INFO - Batch 11200/19646 - Loss: 0.0108 - Avg Loss: 0.0955
2025-09-11 22:20:50,644 - src.utils - INFO - Batch 11300/19646 - Loss: 0.0099 - Avg Loss: 0.0954
2025-09-11 22:21:18,187 - src.utils - INFO - Batch 11400/19646 - Loss: 0.0168 - Avg Loss: 0.0956
2025-09-11 22:21:45,795 - src.utils - INFO - Batch 11500/19646 - Loss: 0.0086 - Avg Loss: 0.0955
2025-09-11 22:22:13,385 - src.utils - INFO - Batch 11600/19646 - Loss: 0.0114 - Avg Loss: 0.0955
2025-09-11 22:22:41,022 - src.utils - INFO - Batch 11700/19646 - Loss: 0.0115 - Avg Loss: 0.0955
2025-09-11 22:23:08,632 - src.utils - INFO - Batch 11800/19646 - Loss: 0.0121 - Avg Loss: 0.0956
2025-09-11 22:23:36,072 - src.utils - INFO - Batch 11900/19646 - Loss: 0.0077 - Avg Loss: 0.0956
2025-09-11 22:24:03,533 - src.utils - INFO - Batch 12000/19646 - Loss: 0.2888 - Avg Loss: 0.0956
2025-09-11 22:24:30,991 - src.utils - INFO - Batch 12100/19646 - Loss: 0.0094 - Avg Loss: 0.0955
2025-09-11 22:24:58,448 - src.utils - INFO - Batch 12200/19646 - Loss: 0.0084 - Avg Loss: 0.0954
2025-09-11 22:25:25,935 - src.utils - INFO - Batch 12300/19646 - Loss: 0.0079 - Avg Loss: 0.0953
2025-09-11 22:25:53,526 - src.utils - INFO - Batch 12400/19646 - Loss: 0.0114 - Avg Loss: 0.0952
2025-09-11 22:26:21,137 - src.utils - INFO - Batch 12500/19646 - Loss: 0.0107 - Avg Loss: 0.0952
2025-09-11 22:26:48,674 - src.utils - INFO - Batch 12600/19646 - Loss: 0.0098 - Avg Loss: 0.0953
2025-09-11 22:27:16,163 - src.utils - INFO - Batch 12700/19646 - Loss: 0.0105 - Avg Loss: 0.0954
2025-09-11 22:27:43,649 - src.utils - INFO - Batch 12800/19646 - Loss: 0.0112 - Avg Loss: 0.0954
2025-09-11 22:28:11,201 - src.utils - INFO - Batch 12900/19646 - Loss: 0.0093 - Avg Loss: 0.0954
2025-09-11 22:28:38,763 - src.utils - INFO - Batch 13000/19646 - Loss: 0.3195 - Avg Loss: 0.0954
2025-09-11 22:29:06,304 - src.utils - INFO - Batch 13100/19646 - Loss: 0.0060 - Avg Loss: 0.0952
2025-09-11 22:29:33,781 - src.utils - INFO - Batch 13200/19646 - Loss: 0.0155 - Avg Loss: 0.0953
2025-09-11 22:30:01,293 - src.utils - INFO - Batch 13300/19646 - Loss: 0.0123 - Avg Loss: 0.0952
2025-09-11 22:30:28,820 - src.utils - INFO - Batch 13400/19646 - Loss: 0.0106 - Avg Loss: 0.0952
2025-09-11 22:30:56,872 - src.utils - INFO - Batch 13500/19646 - Loss: 0.2851 - Avg Loss: 0.0955
2025-09-11 22:31:24,418 - src.utils - INFO - Batch 13600/19646 - Loss: 0.3049 - Avg Loss: 0.0956
2025-09-11 22:31:51,940 - src.utils - INFO - Batch 13700/19646 - Loss: 0.0077 - Avg Loss: 0.0954
2025-09-11 22:38:59,903 - src.utils - INFO - Batch 13800/19646 - Loss: 0.0066 - Avg Loss: 0.0953
2025-09-11 22:39:26,692 - src.utils - INFO - Batch 13900/19646 - Loss: 0.0081 - Avg Loss: 0.0953
2025-09-11 22:39:53,710 - src.utils - INFO - Batch 14000/19646 - Loss: 0.3205 - Avg Loss: 0.0952
2025-09-11 22:40:20,905 - src.utils - INFO - Batch 14100/19646 - Loss: 0.0091 - Avg Loss: 0.0952
2025-09-11 22:40:48,106 - src.utils - INFO - Batch 14200/19646 - Loss: 0.0084 - Avg Loss: 0.0951
2025-09-11 22:41:15,371 - src.utils - INFO - Batch 14300/19646 - Loss: 0.0108 - Avg Loss: 0.0950
2025-09-11 22:41:42,586 - src.utils - INFO - Batch 14400/19646 - Loss: 0.5754 - Avg Loss: 0.0950
2025-09-11 22:42:09,821 - src.utils - INFO - Batch 14500/19646 - Loss: 0.0116 - Avg Loss: 0.0950
2025-09-11 22:42:37,067 - src.utils - INFO - Batch 14600/19646 - Loss: 0.0129 - Avg Loss: 0.0953
2025-09-11 22:43:04,412 - src.utils - INFO - Batch 14700/19646 - Loss: 0.3000 - Avg Loss: 0.0953
2025-09-11 22:43:31,789 - src.utils - INFO - Batch 14800/19646 - Loss: 0.5282 - Avg Loss: 0.0954
2025-09-11 22:43:59,155 - src.utils - INFO - Batch 14900/19646 - Loss: 0.0121 - Avg Loss: 0.0954
2025-09-11 22:44:26,461 - src.utils - INFO - Batch 15000/19646 - Loss: 0.0080 - Avg Loss: 0.0953
2025-09-11 22:44:53,776 - src.utils - INFO - Batch 15100/19646 - Loss: 0.5942 - Avg Loss: 0.0953
2025-09-11 22:45:21,102 - src.utils - INFO - Batch 15200/19646 - Loss: 0.0117 - Avg Loss: 0.0954
2025-09-11 22:45:48,443 - src.utils - INFO - Batch 15300/19646 - Loss: 0.0094 - Avg Loss: 0.0953
2025-09-11 22:46:15,798 - src.utils - INFO - Batch 15400/19646 - Loss: 0.0098 - Avg Loss: 0.0954
2025-09-11 22:46:43,495 - src.utils - INFO - Batch 15500/19646 - Loss: 0.0157 - Avg Loss: 0.0956
2025-09-11 22:47:11,034 - src.utils - INFO - Batch 15600/19646 - Loss: 0.0133 - Avg Loss: 0.0957
2025-09-11 22:47:38,484 - src.utils - INFO - Batch 15700/19646 - Loss: 0.2983 - Avg Loss: 0.0958
2025-09-11 22:48:05,956 - src.utils - INFO - Batch 15800/19646 - Loss: 0.0099 - Avg Loss: 0.0957
2025-09-11 22:48:33,872 - src.utils - INFO - Batch 15900/19646 - Loss: 0.0084 - Avg Loss: 0.0956
2025-09-11 22:49:01,382 - src.utils - INFO - Batch 16000/19646 - Loss: 0.3329 - Avg Loss: 0.0955
2025-09-11 22:49:28,786 - src.utils - INFO - Batch 16100/19646 - Loss: 0.3149 - Avg Loss: 0.0955
2025-09-11 22:49:56,189 - src.utils - INFO - Batch 16200/19646 - Loss: 0.0124 - Avg Loss: 0.0955
2025-09-11 22:50:23,649 - src.utils - INFO - Batch 16300/19646 - Loss: 0.0125 - Avg Loss: 0.0955
2025-09-11 22:50:51,098 - src.utils - INFO - Batch 16400/19646 - Loss: 0.0086 - Avg Loss: 0.0954
2025-09-11 22:51:18,556 - src.utils - INFO - Batch 16500/19646 - Loss: 0.0083 - Avg Loss: 0.0953
2025-09-11 22:51:45,988 - src.utils - INFO - Batch 16600/19646 - Loss: 0.0093 - Avg Loss: 0.0953
2025-09-11 22:52:13,431 - src.utils - INFO - Batch 16700/19646 - Loss: 0.0087 - Avg Loss: 0.0953
2025-09-11 22:52:40,813 - src.utils - INFO - Batch 16800/19646 - Loss: 0.3215 - Avg Loss: 0.0953
2025-09-11 22:53:08,271 - src.utils - INFO - Batch 16900/19646 - Loss: 0.0097 - Avg Loss: 0.0953
2025-09-11 22:53:35,708 - src.utils - INFO - Batch 17000/19646 - Loss: 0.0062 - Avg Loss: 0.0951
2025-09-11 22:54:03,162 - src.utils - INFO - Batch 17100/19646 - Loss: 0.0085 - Avg Loss: 0.0950
2025-09-11 22:54:30,631 - src.utils - INFO - Batch 17200/19646 - Loss: 0.3059 - Avg Loss: 0.0950
2025-09-11 22:54:58,071 - src.utils - INFO - Batch 17300/19646 - Loss: 0.0108 - Avg Loss: 0.0950
2025-09-11 22:55:25,546 - src.utils - INFO - Batch 17400/19646 - Loss: 0.3034 - Avg Loss: 0.0949
2025-09-11 22:55:53,027 - src.utils - INFO - Batch 17500/19646 - Loss: 0.0103 - Avg Loss: 0.0950
2025-09-11 22:56:20,499 - src.utils - INFO - Batch 17600/19646 - Loss: 0.0088 - Avg Loss: 0.0950
2025-09-11 22:56:47,892 - src.utils - INFO - Batch 17700/19646 - Loss: 0.0101 - Avg Loss: 0.0950
2025-09-11 22:57:15,331 - src.utils - INFO - Batch 17800/19646 - Loss: 0.0090 - Avg Loss: 0.0950
2025-09-11 22:57:42,894 - src.utils - INFO - Batch 17900/19646 - Loss: 0.3069 - Avg Loss: 0.0950
2025-09-11 22:58:10,491 - src.utils - INFO - Batch 18000/19646 - Loss: 0.0086 - Avg Loss: 0.0950
2025-09-11 22:58:37,853 - src.utils - INFO - Batch 18100/19646 - Loss: 0.0149 - Avg Loss: 0.0951
2025-09-11 22:59:05,280 - src.utils - INFO - Batch 18200/19646 - Loss: 0.0071 - Avg Loss: 0.0949
2025-09-11 22:59:32,690 - src.utils - INFO - Batch 18300/19646 - Loss: 0.0076 - Avg Loss: 0.0949
2025-09-11 23:00:00,127 - src.utils - INFO - Batch 18400/19646 - Loss: 0.2969 - Avg Loss: 0.0950
2025-09-11 23:00:27,563 - src.utils - INFO - Batch 18500/19646 - Loss: 0.0098 - Avg Loss: 0.0951
2025-09-11 23:00:55,048 - src.utils - INFO - Batch 18600/19646 - Loss: 0.0117 - Avg Loss: 0.0951
2025-09-11 23:01:22,746 - src.utils - INFO - Batch 18700/19646 - Loss: 0.2896 - Avg Loss: 0.0951
2025-09-11 23:01:50,202 - src.utils - INFO - Batch 18800/19646 - Loss: 0.0114 - Avg Loss: 0.0952
2025-09-11 23:02:17,708 - src.utils - INFO - Batch 18900/19646 - Loss: 0.2733 - Avg Loss: 0.0952
2025-09-11 23:02:45,188 - src.utils - INFO - Batch 19000/19646 - Loss: 0.0098 - Avg Loss: 0.0952
2025-09-11 23:03:19,491 - src.utils - INFO - Batch 19100/19646 - Loss: 0.2990 - Avg Loss: 0.0952
2025-09-11 23:03:46,899 - src.utils - INFO - Batch 19200/19646 - Loss: 0.0132 - Avg Loss: 0.0953
2025-09-11 23:04:14,415 - src.utils - INFO - Batch 19300/19646 - Loss: 0.0080 - Avg Loss: 0.0952
2025-09-11 23:04:41,809 - src.utils - INFO - Batch 19400/19646 - Loss: 0.0086 - Avg Loss: 0.0951
2025-09-11 23:05:09,233 - src.utils - INFO - Batch 19500/19646 - Loss: 0.0068 - Avg Loss: 0.0950
2025-09-11 23:05:36,651 - src.utils - INFO - Batch 19600/19646 - Loss: 0.0078 - Avg Loss: 0.0950
2025-09-11 23:10:08,389 - src.utils - INFO - Epoch 2 Results:
2025-09-11 23:10:08,389 - src.utils - INFO -   Train Loss: 0.0950
2025-09-11 23:10:08,389 - src.utils - INFO -   Val Loss: 0.0868
2025-09-11 23:10:08,389 - src.utils - INFO -   Val Accuracy: 0.9832
2025-09-11 23:10:08,390 - src.utils - INFO -   Epoch Time: 2.20h
2025-09-11 23:10:10,884 - src.utils - INFO - Model checkpoint saved for epoch 2
2025-09-11 23:10:10,884 - src.utils - INFO - 
==================================================
2025-09-11 23:10:10,885 - src.utils - INFO - Epoch 3/3
2025-09-11 23:10:10,885 - src.utils - INFO - ==================================================
2025-09-11 23:10:38,520 - src.utils - INFO - Batch 100/19646 - Loss: 0.0089 - Avg Loss: 0.0964
2025-09-11 23:11:05,586 - src.utils - INFO - Starting evaluation process...
2025-09-11 23:11:05,587 - src.utils - INFO - Loading dataset...
2025-09-11 23:11:06,132 - src.utils - INFO - Tokenizer loaded: UBC-NLP/MARBERT
2025-09-11 23:11:06,133 - src.utils - INFO - Loading cleaned dataset from CSV file...
2025-09-11 23:11:06,927 - src.utils - INFO - Successfully loaded 449038 samples from CSV
2025-09-11 23:11:06,927 - src.utils - INFO - Data split - Train: 314326, Val: 67355, Test: 67357
2025-09-11 23:11:06,933 - src.utils - INFO - After split - Train: 314326, Val: 67355, Test: 67357
2025-09-11 23:11:06,947 - src.utils - INFO - Train label distribution: {0: 308487, 1: 5839}
2025-09-11 23:11:06,947 - src.utils - INFO - Validation label distribution: {0: 66225, 1: 1130}
2025-09-11 23:11:06,947 - src.utils - INFO - Test label distribution: {0: 57789, 1: 9568}
2025-09-11 23:11:06,947 - src.utils - INFO - Dataset initialized with 314326 samples
2025-09-11 23:11:06,948 - src.utils - INFO - Dataset initialized with 67355 samples
2025-09-11 23:11:06,948 - src.utils - INFO - Dataset initialized with 67357 samples
2025-09-11 23:11:07,002 - src.utils - INFO - DataLoaders created - Batch size: 16
2025-09-11 23:11:07,002 - src.utils - INFO - Evaluator initialized on device: cuda
2025-09-11 23:11:07,002 - src.utils - INFO - Starting model evaluation...
2025-09-11 23:11:09,665 - src.utils - INFO - Model initialized with 162842882 parameters
2025-09-11 23:11:09,666 - src.utils - INFO - Trainable parameters: 162842882
2025-09-11 23:11:09,666 - src.utils - INFO - Loss function: ce
2025-09-11 23:11:09,992 - src.utils - INFO - Model created and moved to cuda
2025-09-11 23:11:12,487 - src.utils - INFO - Model loaded from C:\deep learning\Balanced data\models\best_arabert_model.pt
2025-09-11 23:11:12,487 - src.utils - INFO - Epoch: 1, Loss: 0.0882, Accuracy: 0.9832
2025-09-11 23:11:12,489 - src.utils - INFO - Best model loaded successfully
2025-09-11 23:11:12,489 - src.utils - INFO - Starting evaluation...
2025-09-11 23:25:48,844 - src.utils - ERROR - Evaluation failed: int() argument must be a string, a bytes-like object or a real number, not 'NoneType'
2025-09-11 23:37:20,899 - src.utils - INFO - Starting evaluation process...
2025-09-11 23:37:20,899 - src.utils - INFO - Loading dataset...
2025-09-11 23:37:21,906 - src.utils - INFO - Tokenizer loaded: UBC-NLP/MARBERT
2025-09-11 23:37:21,907 - src.utils - INFO - Loading cleaned dataset from CSV file...
2025-09-11 23:37:23,753 - src.utils - INFO - Successfully loaded 449038 samples from CSV
2025-09-11 23:37:23,754 - src.utils - INFO - Data split - Train: 314326, Val: 67355, Test: 67357
2025-09-11 23:37:23,769 - src.utils - INFO - After split - Train: 314326, Val: 67355, Test: 67357
2025-09-11 23:37:23,812 - src.utils - INFO - Train label distribution: {0: 308487, 1: 5839}
2025-09-11 23:37:23,813 - src.utils - INFO - Validation label distribution: {0: 66225, 1: 1130}
2025-09-11 23:37:23,813 - src.utils - INFO - Test label distribution: {0: 57789, 1: 9568}
2025-09-11 23:37:23,814 - src.utils - INFO - Dataset initialized with 314326 samples
2025-09-11 23:37:23,814 - src.utils - INFO - Dataset initialized with 67355 samples
2025-09-11 23:37:23,814 - src.utils - INFO - Dataset initialized with 67357 samples
2025-09-11 23:37:24,854 - src.utils - INFO - DataLoaders created - Batch size: 16
2025-09-11 23:37:24,855 - src.utils - INFO - Evaluator initialized on device: cuda
2025-09-11 23:37:24,855 - src.utils - INFO - Starting model evaluation...
2025-09-11 23:37:27,749 - src.utils - INFO - Model initialized with 162842882 parameters
2025-09-11 23:37:27,750 - src.utils - INFO - Trainable parameters: 162842882
2025-09-11 23:37:27,751 - src.utils - INFO - Loss function: ce
2025-09-11 23:37:28,157 - src.utils - INFO - Model created and moved to cuda
2025-09-11 23:37:29,713 - src.utils - INFO - Model loaded from C:\deep learning\Balanced data\models\best_arabert_model.pt
2025-09-11 23:37:29,715 - src.utils - INFO - Epoch: 1, Loss: 0.0882, Accuracy: 0.9832
2025-09-11 23:37:29,717 - src.utils - INFO - Best model loaded successfully
2025-09-11 23:37:29,718 - src.utils - INFO - Starting evaluation...
2025-09-11 23:56:54,934 - src.utils - INFO - 
==================================================
2025-09-11 23:56:54,935 - src.utils - INFO - EVALUATION RESULTS
2025-09-11 23:56:54,935 - src.utils - INFO - ==================================================
2025-09-11 23:56:54,935 - src.utils - INFO - Test Loss: 0.6809
2025-09-11 23:56:54,936 - src.utils - INFO - Accuracy: 0.8580
2025-09-11 23:56:54,936 - src.utils - INFO - Precision: 0.7361
2025-09-11 23:56:54,936 - src.utils - INFO - Recall: 0.8580
2025-09-11 23:56:54,936 - src.utils - INFO - F1-Score: 0.7924
2025-09-11 23:56:54,937 - src.utils - INFO - ==================================================
2025-09-11 23:56:54,953 - src.utils - INFO - 
Detailed Classification Report:
2025-09-11 23:56:54,954 - src.utils - INFO - --------------------------------------------------
2025-09-11 23:56:56,386 - src.utils - INFO - Confusion matrix saved to: C:\deep learning\Balanced data\results/confusion_matrix.png
2025-09-11 23:56:57,273 - src.utils - ERROR - Evaluation failed: Object of type int32 is not JSON serializable
2025-09-12 00:51:04,210 - src.utils - INFO - Starting training process...
2025-09-12 00:51:05,241 - src.utils - INFO - Loading dataset...
2025-09-12 00:51:06,068 - src.utils - INFO - Tokenizer loaded: UBC-NLP/MARBERT
2025-09-12 00:51:06,069 - src.utils - INFO - Loading cleaned dataset from CSV file...
2025-09-12 00:51:07,733 - src.utils - INFO - Successfully loaded 449038 samples from CSV
2025-09-12 00:51:07,734 - src.utils - INFO - Data split - Train: 314326, Val: 67355, Test: 67357
2025-09-12 00:51:07,743 - src.utils - INFO - After split - Train: 314326, Val: 67355, Test: 67357
2025-09-12 00:51:07,787 - src.utils - INFO - Train label distribution: {0: 308487, 1: 5839}
2025-09-12 00:51:07,788 - src.utils - INFO - Validation label distribution: {0: 66225, 1: 1130}
2025-09-12 00:51:07,788 - src.utils - INFO - Test label distribution: {0: 57789, 1: 9568}
2025-09-12 00:51:07,788 - src.utils - INFO - Dataset initialized with 314326 samples
2025-09-12 00:51:07,790 - src.utils - INFO - Dataset initialized with 67355 samples
2025-09-12 00:51:07,790 - src.utils - INFO - Dataset initialized with 67357 samples
2025-09-12 00:51:19,082 - src.utils - INFO - Created WeightedRandomSampler with class weights: [3.24162769e-06 1.71262202e-04]
2025-09-12 00:51:19,083 - src.utils - INFO - Class distribution: [308487   5839]
2025-09-12 00:51:19,092 - src.utils - INFO - Using WeightedRandomSampler for training
2025-09-12 00:51:19,092 - src.utils - INFO - DataLoaders created - Batch size: 16
2025-09-12 00:51:19,092 - src.utils - INFO - ==================================================
2025-09-12 00:51:19,092 - src.utils - INFO - DATASET INFORMATION
2025-09-12 00:51:19,094 - src.utils - INFO - ==================================================
2025-09-12 00:51:19,094 - src.utils - INFO - Training samples: 314326
2025-09-12 00:51:19,094 - src.utils - INFO - Validation samples: 67355
2025-09-12 00:51:19,094 - src.utils - INFO - Test samples: 67357
2025-09-12 00:51:19,095 - src.utils - INFO - Total samples: 449038
2025-09-12 00:51:19,095 - src.utils - INFO - Max sequence length: 128
2025-09-12 00:51:19,096 - src.utils - INFO - Batch size: 16
2025-09-12 00:51:19,096 - src.utils - INFO - ==================================================
2025-09-12 00:51:19,113 - src.utils - INFO - Mixed precision training enabled
2025-09-12 00:51:19,113 - src.utils - INFO - Trainer initialized on device: cuda
2025-09-12 00:51:19,113 - src.utils - INFO - Starting model training...
2025-09-12 00:51:22,924 - src.utils - INFO - Model initialized with 162842882 parameters
2025-09-12 00:51:22,926 - src.utils - INFO - Trainable parameters: 162842882
2025-09-12 00:51:22,926 - src.utils - INFO - Loss function: focal
2025-09-12 00:51:24,325 - src.utils - INFO - Model created and moved to cuda
2025-09-12 00:51:27,074 - src.utils - INFO - Model parameters: 162842882
2025-09-12 00:51:27,074 - src.utils - INFO - Optimizer: AdamW (lr=1e-05)
2025-09-12 00:51:27,075 - src.utils - INFO - Scheduler: Linear with warmup (100 steps)
2025-09-12 00:51:27,075 - src.utils - INFO - Starting training...
2025-09-12 00:51:27,075 - src.utils - INFO - Epochs: 3
2025-09-12 00:51:27,077 - src.utils - INFO - Batch size: 16
2025-09-12 00:51:27,077 - src.utils - INFO - Learning rate: 1e-05
2025-09-12 00:51:27,077 - src.utils - INFO - 
==================================================
2025-09-12 00:51:27,077 - src.utils - INFO - Epoch 1/3
2025-09-12 00:51:27,078 - src.utils - INFO - ==================================================
2025-09-12 00:51:29,968 - src.utils - ERROR - Training failed: CUDA out of memory. Tried to allocate 294.00 MiB. GPU 0 has a total capacity of 4.00 GiB of which 597.40 MiB is free. Of the allocated memory 2.48 GiB is allocated by PyTorch, and 128.42 MiB is reserved by PyTorch but unallocated. If reserved but unallocated memory is large try setting PYTORCH_CUDA_ALLOC_CONF=expandable_segments:True to avoid fragmentation.  See documentation for Memory Management  (https://pytorch.org/docs/stable/notes/cuda.html#environment-variables)
2025-09-12 00:53:28,366 - src.utils - INFO - Starting training process...
2025-09-12 00:53:29,383 - src.utils - INFO - Loading dataset...
2025-09-12 00:53:30,155 - src.utils - INFO - Tokenizer loaded: UBC-NLP/MARBERT
2025-09-12 00:53:30,156 - src.utils - INFO - Loading cleaned dataset from CSV file...
2025-09-12 00:53:31,896 - src.utils - INFO - Successfully loaded 449038 samples from CSV
2025-09-12 00:53:31,897 - src.utils - INFO - Data split - Train: 314326, Val: 67355, Test: 67357
2025-09-12 00:53:31,904 - src.utils - INFO - After split - Train: 314326, Val: 67355, Test: 67357
2025-09-12 00:53:31,952 - src.utils - INFO - Train label distribution: {0: 308487, 1: 5839}
2025-09-12 00:53:31,953 - src.utils - INFO - Validation label distribution: {0: 66225, 1: 1130}
2025-09-12 00:53:31,954 - src.utils - INFO - Test label distribution: {0: 57789, 1: 9568}
2025-09-12 00:53:31,954 - src.utils - INFO - Dataset initialized with 314326 samples
2025-09-12 00:53:31,955 - src.utils - INFO - Dataset initialized with 67355 samples
2025-09-12 00:53:31,955 - src.utils - INFO - Dataset initialized with 67357 samples
2025-09-12 00:53:43,541 - src.utils - INFO - Created WeightedRandomSampler with class weights: [3.24162769e-06 1.71262202e-04]
2025-09-12 00:53:43,541 - src.utils - INFO - Class distribution: [308487   5839]
2025-09-12 00:53:43,549 - src.utils - INFO - Using WeightedRandomSampler for training
2025-09-12 00:53:43,550 - src.utils - INFO - DataLoaders created - Batch size: 8
2025-09-12 00:53:43,552 - src.utils - INFO - ==================================================
2025-09-12 00:53:43,552 - src.utils - INFO - DATASET INFORMATION
2025-09-12 00:53:43,553 - src.utils - INFO - ==================================================
2025-09-12 00:53:43,554 - src.utils - INFO - Training samples: 314326
2025-09-12 00:53:43,557 - src.utils - INFO - Validation samples: 67355
2025-09-12 00:53:43,560 - src.utils - INFO - Test samples: 67357
2025-09-12 00:53:43,561 - src.utils - INFO - Total samples: 449038
2025-09-12 00:53:43,561 - src.utils - INFO - Max sequence length: 128
2025-09-12 00:53:43,561 - src.utils - INFO - Batch size: 8
2025-09-12 00:53:43,564 - src.utils - INFO - ==================================================
2025-09-12 00:53:43,577 - src.utils - INFO - Mixed precision training enabled
2025-09-12 00:53:43,577 - src.utils - INFO - Trainer initialized on device: cuda
2025-09-12 00:53:43,583 - src.utils - INFO - Starting model training...
2025-09-12 00:53:46,262 - src.utils - INFO - Model initialized with 162842882 parameters
2025-09-12 00:53:46,263 - src.utils - INFO - Trainable parameters: 162842882
2025-09-12 00:53:46,263 - src.utils - INFO - Loss function: focal
2025-09-12 00:53:47,662 - src.utils - INFO - Model created and moved to cuda
2025-09-12 00:53:50,277 - src.utils - INFO - Model parameters: 162842882
2025-09-12 00:53:50,277 - src.utils - INFO - Optimizer: AdamW (lr=1e-05)
2025-09-12 00:53:50,277 - src.utils - INFO - Scheduler: Linear with warmup (100 steps)
2025-09-12 00:53:50,278 - src.utils - INFO - Starting training...
2025-09-12 00:53:50,278 - src.utils - INFO - Epochs: 3
2025-09-12 00:53:50,279 - src.utils - INFO - Batch size: 8
2025-09-12 00:53:50,279 - src.utils - INFO - Learning rate: 1e-05
2025-09-12 00:53:50,279 - src.utils - INFO - 
==================================================
2025-09-12 00:53:50,280 - src.utils - INFO - Epoch 1/3
2025-09-12 00:53:50,280 - src.utils - INFO - ==================================================
2025-09-12 00:54:14,847 - src.utils - INFO - Batch 100/39291 - Loss: 0.0478 - Avg Loss: 0.0462
2025-09-12 00:54:38,626 - src.utils - INFO - Batch 200/39291 - Loss: 0.0355 - Avg Loss: 0.0452
2025-09-12 00:55:02,419 - src.utils - INFO - Batch 300/39291 - Loss: 0.0291 - Avg Loss: 0.0433
2025-09-12 00:55:26,228 - src.utils - INFO - Batch 400/39291 - Loss: 0.0678 - Avg Loss: 0.0420
2025-09-12 00:55:50,632 - src.utils - INFO - Batch 500/39291 - Loss: 0.0291 - Avg Loss: 0.0406
2025-09-12 00:56:15,545 - src.utils - INFO - Batch 600/39291 - Loss: 0.0227 - Avg Loss: 0.0395
2025-09-12 00:56:39,657 - src.utils - INFO - Batch 700/39291 - Loss: 0.0091 - Avg Loss: 0.0382
2025-09-12 00:57:03,772 - src.utils - INFO - Batch 800/39291 - Loss: 0.0671 - Avg Loss: 0.0374
2025-09-12 00:57:27,910 - src.utils - INFO - Batch 900/39291 - Loss: 0.0368 - Avg Loss: 0.0364
2025-09-12 00:57:52,040 - src.utils - INFO - Batch 1000/39291 - Loss: 0.0352 - Avg Loss: 0.0358
2025-09-12 00:58:16,233 - src.utils - INFO - Batch 1100/39291 - Loss: 0.0057 - Avg Loss: 0.0349
2025-09-12 00:58:40,402 - src.utils - INFO - Batch 1200/39291 - Loss: 0.0099 - Avg Loss: 0.0338
2025-09-12 00:59:04,361 - src.utils - INFO - Batch 1300/39291 - Loss: 0.0103 - Avg Loss: 0.0333
2025-09-12 00:59:28,717 - src.utils - INFO - Batch 1400/39291 - Loss: 0.0302 - Avg Loss: 0.0327
2025-09-12 00:59:53,016 - src.utils - INFO - Batch 1500/39291 - Loss: 0.0061 - Avg Loss: 0.0322
2025-09-12 01:00:17,648 - src.utils - INFO - Batch 1600/39291 - Loss: 0.0151 - Avg Loss: 0.0318
2025-09-12 01:00:41,974 - src.utils - INFO - Batch 1700/39291 - Loss: 0.0356 - Avg Loss: 0.0312
2025-09-12 01:01:06,200 - src.utils - INFO - Batch 1800/39291 - Loss: 0.0321 - Avg Loss: 0.0308
2025-09-12 01:01:30,474 - src.utils - INFO - Batch 1900/39291 - Loss: 0.0068 - Avg Loss: 0.0304
2025-09-12 01:01:54,772 - src.utils - INFO - Batch 2000/39291 - Loss: 0.0162 - Avg Loss: 0.0300
2025-09-12 01:02:18,917 - src.utils - INFO - Batch 2100/39291 - Loss: 0.0823 - Avg Loss: 0.0297
2025-09-12 01:02:43,641 - src.utils - INFO - Batch 2200/39291 - Loss: 0.0241 - Avg Loss: 0.0294
2025-09-12 01:03:08,122 - src.utils - INFO - Batch 2300/39291 - Loss: 0.0056 - Avg Loss: 0.0290
2025-09-12 01:03:32,347 - src.utils - INFO - Batch 2400/39291 - Loss: 0.0066 - Avg Loss: 0.0286
2025-09-12 01:03:56,488 - src.utils - INFO - Batch 2500/39291 - Loss: 0.0660 - Avg Loss: 0.0284
2025-09-12 01:04:20,795 - src.utils - INFO - Batch 2600/39291 - Loss: 0.0300 - Avg Loss: 0.0281
2025-09-12 01:04:45,039 - src.utils - INFO - Batch 2700/39291 - Loss: 0.0507 - Avg Loss: 0.0280
2025-09-12 01:05:09,305 - src.utils - INFO - Batch 2800/39291 - Loss: 0.0030 - Avg Loss: 0.0277
2025-09-12 01:05:33,515 - src.utils - INFO - Batch 2900/39291 - Loss: 0.0048 - Avg Loss: 0.0275
2025-09-12 01:05:57,892 - src.utils - INFO - Batch 3000/39291 - Loss: 0.0395 - Avg Loss: 0.0273
2025-09-12 01:06:22,068 - src.utils - INFO - Batch 3100/39291 - Loss: 0.0302 - Avg Loss: 0.0270
2025-09-12 01:06:46,347 - src.utils - INFO - Batch 3200/39291 - Loss: 0.0080 - Avg Loss: 0.0267
2025-09-12 01:07:10,547 - src.utils - INFO - Batch 3300/39291 - Loss: 0.0032 - Avg Loss: 0.0265
2025-09-12 01:07:34,845 - src.utils - INFO - Batch 3400/39291 - Loss: 0.0219 - Avg Loss: 0.0264
2025-09-12 01:07:59,079 - src.utils - INFO - Batch 3500/39291 - Loss: 0.0167 - Avg Loss: 0.0262
2025-09-12 01:08:23,415 - src.utils - INFO - Batch 3600/39291 - Loss: 0.0050 - Avg Loss: 0.0260
2025-09-12 01:08:47,681 - src.utils - INFO - Batch 3700/39291 - Loss: 0.0536 - Avg Loss: 0.0259
2025-09-12 01:09:52,460 - src.utils - INFO - Batch 3800/39291 - Loss: 0.0029 - Avg Loss: 0.0256
2025-09-12 01:10:16,941 - src.utils - INFO - Batch 3900/39291 - Loss: 0.0013 - Avg Loss: 0.0254
2025-09-12 01:10:41,257 - src.utils - INFO - Batch 4000/39291 - Loss: 0.0165 - Avg Loss: 0.0253
2025-09-12 01:11:05,555 - src.utils - INFO - Batch 4100/39291 - Loss: 0.0071 - Avg Loss: 0.0251
2025-09-12 01:11:29,845 - src.utils - INFO - Batch 4200/39291 - Loss: 0.0013 - Avg Loss: 0.0250
2025-09-12 01:11:54,153 - src.utils - INFO - Batch 4300/39291 - Loss: 0.0289 - Avg Loss: 0.0248
2025-09-12 01:12:18,498 - src.utils - INFO - Batch 4400/39291 - Loss: 0.0251 - Avg Loss: 0.0247
2025-09-12 01:12:42,852 - src.utils - INFO - Batch 4500/39291 - Loss: 0.0137 - Avg Loss: 0.0246
2025-09-12 01:13:07,161 - src.utils - INFO - Batch 4600/39291 - Loss: 0.0036 - Avg Loss: 0.0244
2025-09-12 01:13:32,486 - src.utils - INFO - Batch 4700/39291 - Loss: 0.0405 - Avg Loss: 0.0243
2025-09-12 01:17:37,226 - src.utils - INFO - Batch 4800/39291 - Loss: 0.0110 - Avg Loss: 0.0241
2025-09-12 01:17:57,512 - src.utils - INFO - Batch 4900/39291 - Loss: 0.0370 - Avg Loss: 0.0240
2025-09-12 01:18:17,160 - src.utils - INFO - Batch 5000/39291 - Loss: 0.0012 - Avg Loss: 0.0239
2025-09-12 01:18:36,787 - src.utils - INFO - Batch 5100/39291 - Loss: 0.0050 - Avg Loss: 0.0238
2025-09-12 01:18:56,435 - src.utils - INFO - Batch 5200/39291 - Loss: 0.0131 - Avg Loss: 0.0236
2025-09-12 01:19:16,125 - src.utils - INFO - Batch 5300/39291 - Loss: 0.0260 - Avg Loss: 0.0236
2025-09-12 01:19:35,803 - src.utils - INFO - Batch 5400/39291 - Loss: 0.0468 - Avg Loss: 0.0235
2025-09-12 01:19:55,477 - src.utils - INFO - Batch 5500/39291 - Loss: 0.0206 - Avg Loss: 0.0233
2025-09-12 01:20:15,180 - src.utils - INFO - Batch 5600/39291 - Loss: 0.0341 - Avg Loss: 0.0232
2025-09-12 01:20:34,872 - src.utils - INFO - Batch 5700/39291 - Loss: 0.0611 - Avg Loss: 0.0230
2025-09-12 01:20:54,594 - src.utils - INFO - Batch 5800/39291 - Loss: 0.0196 - Avg Loss: 0.0229
2025-09-12 01:21:14,318 - src.utils - INFO - Batch 5900/39291 - Loss: 0.0044 - Avg Loss: 0.0228
2025-09-12 01:21:34,072 - src.utils - INFO - Batch 6000/39291 - Loss: 0.0025 - Avg Loss: 0.0226
2025-09-12 01:21:53,829 - src.utils - INFO - Batch 6100/39291 - Loss: 0.0246 - Avg Loss: 0.0225
2025-09-12 01:22:13,584 - src.utils - INFO - Batch 6200/39291 - Loss: 0.0169 - Avg Loss: 0.0224
2025-09-12 01:22:33,331 - src.utils - INFO - Batch 6300/39291 - Loss: 0.0055 - Avg Loss: 0.0223
2025-09-12 01:25:28,574 - src.utils - INFO - Batch 6400/39291 - Loss: 0.0406 - Avg Loss: 0.0221
2025-09-12 01:25:48,004 - src.utils - INFO - Batch 6500/39291 - Loss: 0.0005 - Avg Loss: 0.0220
2025-09-12 01:26:07,516 - src.utils - INFO - Batch 6600/39291 - Loss: 0.0015 - Avg Loss: 0.0219
2025-09-12 01:26:27,099 - src.utils - INFO - Batch 6700/39291 - Loss: 0.0017 - Avg Loss: 0.0218
2025-09-12 01:26:46,775 - src.utils - INFO - Batch 6800/39291 - Loss: 0.0459 - Avg Loss: 0.0218
2025-09-12 01:27:06,464 - src.utils - INFO - Batch 6900/39291 - Loss: 0.0984 - Avg Loss: 0.0216
2025-09-12 01:27:26,160 - src.utils - INFO - Batch 7000/39291 - Loss: 0.0288 - Avg Loss: 0.0215
2025-09-12 01:27:45,851 - src.utils - INFO - Batch 7100/39291 - Loss: 0.0030 - Avg Loss: 0.0214
2025-09-12 01:28:05,482 - src.utils - INFO - Batch 7200/39291 - Loss: 0.0509 - Avg Loss: 0.0213
2025-09-12 01:28:25,215 - src.utils - INFO - Batch 7300/39291 - Loss: 0.0029 - Avg Loss: 0.0213
2025-09-12 01:28:45,085 - src.utils - INFO - Batch 7400/39291 - Loss: 0.0016 - Avg Loss: 0.0211
2025-09-12 01:29:04,830 - src.utils - INFO - Batch 7500/39291 - Loss: 0.0207 - Avg Loss: 0.0211
2025-09-12 01:29:24,567 - src.utils - INFO - Batch 7600/39291 - Loss: 0.0017 - Avg Loss: 0.0210
2025-09-12 01:29:44,419 - src.utils - INFO - Batch 7700/39291 - Loss: 0.0027 - Avg Loss: 0.0209
2025-09-12 01:30:04,194 - src.utils - INFO - Batch 7800/39291 - Loss: 0.0037 - Avg Loss: 0.0208
2025-09-12 01:30:23,972 - src.utils - INFO - Batch 7900/39291 - Loss: 0.0026 - Avg Loss: 0.0207
2025-09-12 01:30:48,409 - src.utils - INFO - Batch 8000/39291 - Loss: 0.0268 - Avg Loss: 0.0206
2025-09-12 01:31:08,324 - src.utils - INFO - Batch 8100/39291 - Loss: 0.0295 - Avg Loss: 0.0206
2025-09-12 01:31:28,108 - src.utils - INFO - Batch 8200/39291 - Loss: 0.0030 - Avg Loss: 0.0205
2025-09-12 01:31:47,863 - src.utils - INFO - Batch 8300/39291 - Loss: 0.0036 - Avg Loss: 0.0204
2025-09-12 01:32:07,615 - src.utils - INFO - Batch 8400/39291 - Loss: 0.0472 - Avg Loss: 0.0204
2025-09-12 01:32:27,389 - src.utils - INFO - Batch 8500/39291 - Loss: 0.0112 - Avg Loss: 0.0203
2025-09-12 01:32:47,176 - src.utils - INFO - Batch 8600/39291 - Loss: 0.0043 - Avg Loss: 0.0202
2025-09-12 01:33:06,958 - src.utils - INFO - Batch 8700/39291 - Loss: 0.0015 - Avg Loss: 0.0202
2025-09-12 01:33:26,744 - src.utils - INFO - Batch 8800/39291 - Loss: 0.0016 - Avg Loss: 0.0201
2025-09-12 01:33:46,533 - src.utils - INFO - Batch 8900/39291 - Loss: 0.0022 - Avg Loss: 0.0200
2025-09-12 01:34:06,332 - src.utils - INFO - Batch 9000/39291 - Loss: 0.0034 - Avg Loss: 0.0199
2025-09-12 01:34:26,125 - src.utils - INFO - Batch 9100/39291 - Loss: 0.0038 - Avg Loss: 0.0199
2025-09-12 01:34:45,911 - src.utils - INFO - Batch 9200/39291 - Loss: 0.0225 - Avg Loss: 0.0198
2025-09-12 01:35:05,703 - src.utils - INFO - Batch 9300/39291 - Loss: 0.0230 - Avg Loss: 0.0197
2025-09-12 01:35:25,542 - src.utils - INFO - Batch 9400/39291 - Loss: 0.0032 - Avg Loss: 0.0196
2025-09-12 01:35:45,349 - src.utils - INFO - Batch 9500/39291 - Loss: 0.0023 - Avg Loss: 0.0196
2025-09-12 01:36:05,096 - src.utils - INFO - Batch 9600/39291 - Loss: 0.0526 - Avg Loss: 0.0195
2025-09-12 01:36:24,999 - src.utils - INFO - Batch 9700/39291 - Loss: 0.0023 - Avg Loss: 0.0194
2025-09-12 01:38:08,210 - src.utils - INFO - Batch 9800/39291 - Loss: 0.0369 - Avg Loss: 0.0194
2025-09-12 01:38:27,777 - src.utils - INFO - Batch 9900/39291 - Loss: 0.0006 - Avg Loss: 0.0193
2025-09-12 01:38:47,306 - src.utils - INFO - Batch 10000/39291 - Loss: 0.0187 - Avg Loss: 0.0192
2025-09-12 01:39:07,494 - src.utils - INFO - Batch 10100/39291 - Loss: 0.0065 - Avg Loss: 0.0191
2025-09-12 01:39:27,198 - src.utils - INFO - Batch 10200/39291 - Loss: 0.0007 - Avg Loss: 0.0191
2025-09-12 01:39:46,994 - src.utils - INFO - Batch 10300/39291 - Loss: 0.0102 - Avg Loss: 0.0190
2025-09-12 01:40:06,988 - src.utils - INFO - Batch 10400/39291 - Loss: 0.0196 - Avg Loss: 0.0190
2025-09-12 01:40:26,838 - src.utils - INFO - Batch 10500/39291 - Loss: 0.0015 - Avg Loss: 0.0189
2025-09-12 01:40:46,653 - src.utils - INFO - Batch 10600/39291 - Loss: 0.0021 - Avg Loss: 0.0188
2025-09-12 01:41:06,447 - src.utils - INFO - Batch 10700/39291 - Loss: 0.0161 - Avg Loss: 0.0188
2025-09-12 01:41:26,247 - src.utils - INFO - Batch 10800/39291 - Loss: 0.0023 - Avg Loss: 0.0187
2025-09-12 01:41:46,070 - src.utils - INFO - Batch 10900/39291 - Loss: 0.0008 - Avg Loss: 0.0187
2025-09-12 01:42:05,895 - src.utils - INFO - Batch 11000/39291 - Loss: 0.0546 - Avg Loss: 0.0186
2025-09-12 01:42:25,851 - src.utils - INFO - Batch 11100/39291 - Loss: 0.0068 - Avg Loss: 0.0186
2025-09-12 01:42:45,750 - src.utils - INFO - Batch 11200/39291 - Loss: 0.0210 - Avg Loss: 0.0185
2025-09-12 01:43:05,671 - src.utils - INFO - Batch 11300/39291 - Loss: 0.0015 - Avg Loss: 0.0184
2025-09-12 01:43:25,764 - src.utils - INFO - Batch 11400/39291 - Loss: 0.0046 - Avg Loss: 0.0184
2025-09-12 01:43:45,652 - src.utils - INFO - Batch 11500/39291 - Loss: 0.0067 - Avg Loss: 0.0183
2025-09-12 01:44:05,579 - src.utils - INFO - Batch 11600/39291 - Loss: 0.0385 - Avg Loss: 0.0182
2025-09-12 01:44:25,681 - src.utils - INFO - Batch 11700/39291 - Loss: 0.0002 - Avg Loss: 0.0182
2025-09-12 01:44:45,571 - src.utils - INFO - Batch 11800/39291 - Loss: 0.0307 - Avg Loss: 0.0181
2025-09-12 01:45:05,536 - src.utils - INFO - Batch 11900/39291 - Loss: 0.0020 - Avg Loss: 0.0181
2025-09-12 01:45:25,458 - src.utils - INFO - Batch 12000/39291 - Loss: 0.0227 - Avg Loss: 0.0180
2025-09-12 01:45:45,397 - src.utils - INFO - Batch 12100/39291 - Loss: 0.0014 - Avg Loss: 0.0180
2025-09-12 01:46:05,339 - src.utils - INFO - Batch 12200/39291 - Loss: 0.0138 - Avg Loss: 0.0179
2025-09-12 01:46:25,277 - src.utils - INFO - Batch 12300/39291 - Loss: 0.0028 - Avg Loss: 0.0179
2025-09-12 01:46:45,236 - src.utils - INFO - Batch 12400/39291 - Loss: 0.0018 - Avg Loss: 0.0178
2025-09-12 01:47:05,193 - src.utils - INFO - Batch 12500/39291 - Loss: 0.0726 - Avg Loss: 0.0177
2025-09-12 01:47:25,059 - src.utils - INFO - Batch 12600/39291 - Loss: 0.0008 - Avg Loss: 0.0177
2025-09-12 01:47:45,041 - src.utils - INFO - Batch 12700/39291 - Loss: 0.0056 - Avg Loss: 0.0176
2025-09-12 01:48:04,988 - src.utils - INFO - Batch 12800/39291 - Loss: 0.0009 - Avg Loss: 0.0175
2025-09-12 01:48:24,932 - src.utils - INFO - Batch 12900/39291 - Loss: 0.0013 - Avg Loss: 0.0175
2025-09-12 01:48:44,929 - src.utils - INFO - Batch 13000/39291 - Loss: 0.0012 - Avg Loss: 0.0175
2025-09-12 01:49:05,286 - src.utils - INFO - Batch 13100/39291 - Loss: 0.0152 - Avg Loss: 0.0174
2025-09-12 01:49:25,289 - src.utils - INFO - Batch 13200/39291 - Loss: 0.0415 - Avg Loss: 0.0174
2025-09-12 01:49:45,285 - src.utils - INFO - Batch 13300/39291 - Loss: 0.0011 - Avg Loss: 0.0173
2025-09-12 01:50:05,258 - src.utils - INFO - Batch 13400/39291 - Loss: 0.0142 - Avg Loss: 0.0172
2025-09-12 01:50:25,287 - src.utils - INFO - Batch 13500/39291 - Loss: 0.0400 - Avg Loss: 0.0172
2025-09-12 01:50:45,266 - src.utils - INFO - Batch 13600/39291 - Loss: 0.0005 - Avg Loss: 0.0171
2025-09-12 01:51:05,277 - src.utils - INFO - Batch 13700/39291 - Loss: 0.0361 - Avg Loss: 0.0171
2025-09-12 01:51:25,213 - src.utils - INFO - Batch 13800/39291 - Loss: 0.0115 - Avg Loss: 0.0170
2025-09-12 01:51:45,166 - src.utils - INFO - Batch 13900/39291 - Loss: 0.0042 - Avg Loss: 0.0170
2025-09-12 01:52:05,096 - src.utils - INFO - Batch 14000/39291 - Loss: 0.0020 - Avg Loss: 0.0169
2025-09-12 01:52:25,033 - src.utils - INFO - Batch 14100/39291 - Loss: 0.0033 - Avg Loss: 0.0168
2025-09-12 01:52:44,989 - src.utils - INFO - Batch 14200/39291 - Loss: 0.0138 - Avg Loss: 0.0168
2025-09-12 01:53:04,968 - src.utils - INFO - Batch 14300/39291 - Loss: 0.0283 - Avg Loss: 0.0168
2025-09-12 01:53:24,962 - src.utils - INFO - Batch 14400/39291 - Loss: 0.0075 - Avg Loss: 0.0167
2025-09-12 01:53:44,931 - src.utils - INFO - Batch 14500/39291 - Loss: 0.0008 - Avg Loss: 0.0167
2025-09-12 01:54:04,919 - src.utils - INFO - Batch 14600/39291 - Loss: 0.0321 - Avg Loss: 0.0166
2025-09-12 01:54:24,902 - src.utils - INFO - Batch 14700/39291 - Loss: 0.0028 - Avg Loss: 0.0166
2025-09-12 01:54:44,923 - src.utils - INFO - Batch 14800/39291 - Loss: 0.0357 - Avg Loss: 0.0165
2025-09-12 01:55:04,905 - src.utils - INFO - Batch 14900/39291 - Loss: 0.0794 - Avg Loss: 0.0165
2025-09-12 01:55:24,889 - src.utils - INFO - Batch 15000/39291 - Loss: 0.0013 - Avg Loss: 0.0165
2025-09-12 01:55:44,770 - src.utils - INFO - Batch 15100/39291 - Loss: 0.0306 - Avg Loss: 0.0164
2025-09-12 01:56:04,789 - src.utils - INFO - Batch 15200/39291 - Loss: 0.0022 - Avg Loss: 0.0164
2025-09-12 01:56:24,783 - src.utils - INFO - Batch 15300/39291 - Loss: 0.0018 - Avg Loss: 0.0163
2025-09-12 01:56:44,752 - src.utils - INFO - Batch 15400/39291 - Loss: 0.0003 - Avg Loss: 0.0163
2025-09-12 01:57:04,798 - src.utils - INFO - Batch 15500/39291 - Loss: 0.0263 - Avg Loss: 0.0162
2025-09-12 01:57:24,842 - src.utils - INFO - Batch 15600/39291 - Loss: 0.0009 - Avg Loss: 0.0162
2025-09-12 01:57:44,884 - src.utils - INFO - Batch 15700/39291 - Loss: 0.0020 - Avg Loss: 0.0161
2025-09-12 01:58:04,960 - src.utils - INFO - Batch 15800/39291 - Loss: 0.0365 - Avg Loss: 0.0161
2025-09-12 01:58:25,005 - src.utils - INFO - Batch 15900/39291 - Loss: 0.0051 - Avg Loss: 0.0161
2025-09-12 01:58:45,053 - src.utils - INFO - Batch 16000/39291 - Loss: 0.0514 - Avg Loss: 0.0160
2025-09-12 01:59:05,395 - src.utils - INFO - Batch 16100/39291 - Loss: 0.0064 - Avg Loss: 0.0160
2025-09-12 01:59:25,413 - src.utils - INFO - Batch 16200/39291 - Loss: 0.0005 - Avg Loss: 0.0159
2025-09-12 01:59:45,454 - src.utils - INFO - Batch 16300/39291 - Loss: 0.0225 - Avg Loss: 0.0159
2025-09-12 02:00:05,499 - src.utils - INFO - Batch 16400/39291 - Loss: 0.0001 - Avg Loss: 0.0158
2025-09-12 02:00:25,573 - src.utils - INFO - Batch 16500/39291 - Loss: 0.0008 - Avg Loss: 0.0158
2025-09-12 02:00:45,841 - src.utils - INFO - Batch 16600/39291 - Loss: 0.0049 - Avg Loss: 0.0158
2025-09-12 02:01:06,099 - src.utils - INFO - Batch 16700/39291 - Loss: 0.0120 - Avg Loss: 0.0157
2025-09-12 02:01:26,237 - src.utils - INFO - Batch 16800/39291 - Loss: 0.0019 - Avg Loss: 0.0157
2025-09-12 02:01:46,259 - src.utils - INFO - Batch 16900/39291 - Loss: 0.0021 - Avg Loss: 0.0157
2025-09-12 02:02:06,258 - src.utils - INFO - Batch 17000/39291 - Loss: 0.0465 - Avg Loss: 0.0157
2025-09-12 02:02:26,245 - src.utils - INFO - Batch 17100/39291 - Loss: 0.0351 - Avg Loss: 0.0156
2025-09-12 02:02:46,237 - src.utils - INFO - Batch 17200/39291 - Loss: 0.0002 - Avg Loss: 0.0156
2025-09-12 02:03:06,246 - src.utils - INFO - Batch 17300/39291 - Loss: 0.0034 - Avg Loss: 0.0155
2025-09-12 02:03:26,264 - src.utils - INFO - Batch 17400/39291 - Loss: 0.0003 - Avg Loss: 0.0155
2025-09-12 02:03:46,257 - src.utils - INFO - Batch 17500/39291 - Loss: 0.0094 - Avg Loss: 0.0154
2025-09-12 02:04:06,194 - src.utils - INFO - Batch 17600/39291 - Loss: 0.0525 - Avg Loss: 0.0154
2025-09-12 02:04:26,170 - src.utils - INFO - Batch 17700/39291 - Loss: 0.0036 - Avg Loss: 0.0154
2025-09-12 02:04:46,154 - src.utils - INFO - Batch 17800/39291 - Loss: 0.0042 - Avg Loss: 0.0153
2025-09-12 02:05:06,152 - src.utils - INFO - Batch 17900/39291 - Loss: 0.0009 - Avg Loss: 0.0153
2025-09-12 02:05:26,178 - src.utils - INFO - Batch 18000/39291 - Loss: 0.0002 - Avg Loss: 0.0152
2025-09-12 02:05:46,151 - src.utils - INFO - Batch 18100/39291 - Loss: 0.0007 - Avg Loss: 0.0152
2025-09-12 02:06:06,121 - src.utils - INFO - Batch 18200/39291 - Loss: 0.0003 - Avg Loss: 0.0152
2025-09-12 02:06:26,122 - src.utils - INFO - Batch 18300/39291 - Loss: 0.0017 - Avg Loss: 0.0151
2025-09-12 02:06:46,134 - src.utils - INFO - Batch 18400/39291 - Loss: 0.0045 - Avg Loss: 0.0151
2025-09-12 02:07:06,112 - src.utils - INFO - Batch 18500/39291 - Loss: 0.0010 - Avg Loss: 0.0151
2025-09-12 02:07:26,091 - src.utils - INFO - Batch 18600/39291 - Loss: 0.0006 - Avg Loss: 0.0150
2025-09-12 02:07:46,076 - src.utils - INFO - Batch 18700/39291 - Loss: 0.0013 - Avg Loss: 0.0150
2025-09-12 02:08:06,046 - src.utils - INFO - Batch 18800/39291 - Loss: 0.0001 - Avg Loss: 0.0150
2025-09-12 02:08:26,111 - src.utils - INFO - Batch 18900/39291 - Loss: 0.0005 - Avg Loss: 0.0149
2025-09-12 02:08:46,080 - src.utils - INFO - Batch 19000/39291 - Loss: 0.0000 - Avg Loss: 0.0149
2025-09-12 02:09:06,148 - src.utils - INFO - Batch 19100/39291 - Loss: 0.0003 - Avg Loss: 0.0148
2025-09-12 02:09:26,122 - src.utils - INFO - Batch 19200/39291 - Loss: 0.0002 - Avg Loss: 0.0148
2025-09-12 02:09:46,111 - src.utils - INFO - Batch 19300/39291 - Loss: 0.0006 - Avg Loss: 0.0148
2025-09-12 02:10:06,075 - src.utils - INFO - Batch 19400/39291 - Loss: 0.0005 - Avg Loss: 0.0147
2025-09-12 02:10:26,063 - src.utils - INFO - Batch 19500/39291 - Loss: 0.0043 - Avg Loss: 0.0147
2025-09-12 02:10:46,030 - src.utils - INFO - Batch 19600/39291 - Loss: 0.0000 - Avg Loss: 0.0147
2025-09-12 02:11:06,110 - src.utils - INFO - Batch 19700/39291 - Loss: 0.0007 - Avg Loss: 0.0146
2025-09-12 02:11:26,091 - src.utils - INFO - Batch 19800/39291 - Loss: 0.0026 - Avg Loss: 0.0146
2025-09-12 02:11:46,091 - src.utils - INFO - Batch 19900/39291 - Loss: 0.0482 - Avg Loss: 0.0146
2025-09-12 02:12:06,118 - src.utils - INFO - Batch 20000/39291 - Loss: 0.0018 - Avg Loss: 0.0145
2025-09-12 02:12:26,091 - src.utils - INFO - Batch 20100/39291 - Loss: 0.0271 - Avg Loss: 0.0145
2025-09-12 02:12:45,966 - src.utils - INFO - Batch 20200/39291 - Loss: 0.0005 - Avg Loss: 0.0145
2025-09-12 02:13:05,933 - src.utils - INFO - Batch 20300/39291 - Loss: 0.0016 - Avg Loss: 0.0145
2025-09-12 02:13:25,889 - src.utils - INFO - Batch 20400/39291 - Loss: 0.0506 - Avg Loss: 0.0144
2025-09-12 02:13:45,868 - src.utils - INFO - Batch 20500/39291 - Loss: 0.0477 - Avg Loss: 0.0144
2025-09-12 02:14:05,840 - src.utils - INFO - Batch 20600/39291 - Loss: 0.0014 - Avg Loss: 0.0144
2025-09-12 02:14:25,790 - src.utils - INFO - Batch 20700/39291 - Loss: 0.0005 - Avg Loss: 0.0143
2025-09-12 02:14:45,755 - src.utils - INFO - Batch 20800/39291 - Loss: 0.0018 - Avg Loss: 0.0143
2025-09-12 02:15:05,639 - src.utils - INFO - Batch 20900/39291 - Loss: 0.0000 - Avg Loss: 0.0143
2025-09-12 02:15:25,607 - src.utils - INFO - Batch 21000/39291 - Loss: 0.0012 - Avg Loss: 0.0142
2025-09-12 02:15:45,587 - src.utils - INFO - Batch 21100/39291 - Loss: 0.0003 - Avg Loss: 0.0142
2025-09-12 02:16:05,562 - src.utils - INFO - Batch 21200/39291 - Loss: 0.0015 - Avg Loss: 0.0142
2025-09-12 02:16:25,563 - src.utils - INFO - Batch 21300/39291 - Loss: 0.0347 - Avg Loss: 0.0141
2025-09-12 02:16:45,543 - src.utils - INFO - Batch 21400/39291 - Loss: 0.0013 - Avg Loss: 0.0141
2025-09-12 02:17:05,492 - src.utils - INFO - Batch 21500/39291 - Loss: 0.0029 - Avg Loss: 0.0141
2025-09-12 02:17:25,428 - src.utils - INFO - Batch 21600/39291 - Loss: 0.0091 - Avg Loss: 0.0140
2025-09-12 02:17:45,366 - src.utils - INFO - Batch 21700/39291 - Loss: 0.0011 - Avg Loss: 0.0140
2025-09-12 02:18:05,333 - src.utils - INFO - Batch 21800/39291 - Loss: 0.0011 - Avg Loss: 0.0140
2025-09-12 02:18:25,288 - src.utils - INFO - Batch 21900/39291 - Loss: 0.0008 - Avg Loss: 0.0140
2025-09-12 02:18:45,257 - src.utils - INFO - Batch 22000/39291 - Loss: 0.0001 - Avg Loss: 0.0139
2025-09-12 02:19:05,428 - src.utils - INFO - Batch 22100/39291 - Loss: 0.0006 - Avg Loss: 0.0139
2025-09-12 02:19:25,344 - src.utils - INFO - Batch 22200/39291 - Loss: 0.0012 - Avg Loss: 0.0139
2025-09-12 02:19:45,277 - src.utils - INFO - Batch 22300/39291 - Loss: 0.0023 - Avg Loss: 0.0138
2025-09-12 02:20:05,347 - src.utils - INFO - Batch 22400/39291 - Loss: 0.0001 - Avg Loss: 0.0138
2025-09-12 02:20:25,321 - src.utils - INFO - Batch 22500/39291 - Loss: 0.0005 - Avg Loss: 0.0138
2025-09-12 02:20:45,352 - src.utils - INFO - Batch 22600/39291 - Loss: 0.0001 - Avg Loss: 0.0137
2025-09-12 02:21:05,360 - src.utils - INFO - Batch 22700/39291 - Loss: 0.0005 - Avg Loss: 0.0137
2025-09-12 02:21:25,370 - src.utils - INFO - Batch 22800/39291 - Loss: 0.0017 - Avg Loss: 0.0137
2025-09-12 02:21:45,359 - src.utils - INFO - Batch 22900/39291 - Loss: 0.0005 - Avg Loss: 0.0136
2025-09-12 02:22:05,339 - src.utils - INFO - Batch 23000/39291 - Loss: 0.0003 - Avg Loss: 0.0136
2025-09-12 02:22:25,427 - src.utils - INFO - Batch 23100/39291 - Loss: 0.0007 - Avg Loss: 0.0136
2025-09-12 02:22:45,566 - src.utils - INFO - Batch 23200/39291 - Loss: 0.0004 - Avg Loss: 0.0136
2025-09-12 02:23:05,561 - src.utils - INFO - Batch 23300/39291 - Loss: 0.0001 - Avg Loss: 0.0135
2025-09-12 02:23:25,546 - src.utils - INFO - Batch 23400/39291 - Loss: 0.0004 - Avg Loss: 0.0135
2025-09-12 02:23:45,528 - src.utils - INFO - Batch 23500/39291 - Loss: 0.0010 - Avg Loss: 0.0135
2025-09-12 02:24:05,508 - src.utils - INFO - Batch 23600/39291 - Loss: 0.0011 - Avg Loss: 0.0134
2025-09-12 02:24:25,514 - src.utils - INFO - Batch 23700/39291 - Loss: 0.0161 - Avg Loss: 0.0134
2025-09-12 02:24:45,497 - src.utils - INFO - Batch 23800/39291 - Loss: 0.0003 - Avg Loss: 0.0134
2025-09-12 02:25:05,484 - src.utils - INFO - Batch 23900/39291 - Loss: 0.0075 - Avg Loss: 0.0133
2025-09-12 02:25:25,493 - src.utils - INFO - Batch 24000/39291 - Loss: 0.0263 - Avg Loss: 0.0133
2025-09-12 02:25:45,462 - src.utils - INFO - Batch 24100/39291 - Loss: 0.0004 - Avg Loss: 0.0133
2025-09-12 02:26:05,441 - src.utils - INFO - Batch 24200/39291 - Loss: 0.0003 - Avg Loss: 0.0133
2025-09-12 02:26:25,438 - src.utils - INFO - Batch 24300/39291 - Loss: 0.0002 - Avg Loss: 0.0132
2025-09-12 02:26:45,411 - src.utils - INFO - Batch 24400/39291 - Loss: 0.0009 - Avg Loss: 0.0132
2025-09-12 02:27:05,375 - src.utils - INFO - Batch 24500/39291 - Loss: 0.0016 - Avg Loss: 0.0132
2025-09-12 02:27:25,352 - src.utils - INFO - Batch 24600/39291 - Loss: 0.0002 - Avg Loss: 0.0131
2025-09-12 02:27:45,329 - src.utils - INFO - Batch 24700/39291 - Loss: 0.0005 - Avg Loss: 0.0131
2025-09-12 02:28:05,313 - src.utils - INFO - Batch 24800/39291 - Loss: 0.0003 - Avg Loss: 0.0131
2025-09-12 02:28:25,323 - src.utils - INFO - Batch 24900/39291 - Loss: 0.0005 - Avg Loss: 0.0131
2025-09-12 02:28:45,309 - src.utils - INFO - Batch 25000/39291 - Loss: 0.0003 - Avg Loss: 0.0130
2025-09-12 02:29:05,435 - src.utils - INFO - Batch 25100/39291 - Loss: 0.0007 - Avg Loss: 0.0130
2025-09-12 02:29:25,436 - src.utils - INFO - Batch 25200/39291 - Loss: 0.0001 - Avg Loss: 0.0130
2025-09-12 02:29:45,433 - src.utils - INFO - Batch 25300/39291 - Loss: 0.0435 - Avg Loss: 0.0130
2025-09-12 02:30:05,434 - src.utils - INFO - Batch 25400/39291 - Loss: 0.0001 - Avg Loss: 0.0129
2025-09-12 02:30:25,478 - src.utils - INFO - Batch 25500/39291 - Loss: 0.0004 - Avg Loss: 0.0129
2025-09-12 02:30:45,468 - src.utils - INFO - Batch 25600/39291 - Loss: 0.0163 - Avg Loss: 0.0129
2025-09-12 02:31:05,443 - src.utils - INFO - Batch 25700/39291 - Loss: 0.0010 - Avg Loss: 0.0129
2025-09-12 02:31:25,589 - src.utils - INFO - Batch 25800/39291 - Loss: 0.0006 - Avg Loss: 0.0128
2025-09-12 02:31:45,916 - src.utils - INFO - Batch 25900/39291 - Loss: 0.0007 - Avg Loss: 0.0128
2025-09-12 02:32:05,957 - src.utils - INFO - Batch 26000/39291 - Loss: 0.0003 - Avg Loss: 0.0128
2025-09-12 02:32:26,027 - src.utils - INFO - Batch 26100/39291 - Loss: 0.0002 - Avg Loss: 0.0128
2025-09-12 02:32:46,061 - src.utils - INFO - Batch 26200/39291 - Loss: 0.0002 - Avg Loss: 0.0127
2025-09-12 02:33:11,529 - src.utils - INFO - Batch 26300/39291 - Loss: 0.0327 - Avg Loss: 0.0127
2025-09-12 02:33:36,246 - src.utils - INFO - Batch 26400/39291 - Loss: 0.0352 - Avg Loss: 0.0127
2025-09-12 02:34:00,876 - src.utils - INFO - Batch 26500/39291 - Loss: 0.0004 - Avg Loss: 0.0127
2025-09-12 02:34:25,163 - src.utils - INFO - Batch 26600/39291 - Loss: 0.0007 - Avg Loss: 0.0126
2025-09-12 02:34:49,313 - src.utils - INFO - Batch 26700/39291 - Loss: 0.0005 - Avg Loss: 0.0126
2025-09-12 02:35:13,717 - src.utils - INFO - Batch 26800/39291 - Loss: 0.0001 - Avg Loss: 0.0126
2025-09-12 02:35:38,135 - src.utils - INFO - Batch 26900/39291 - Loss: 0.0004 - Avg Loss: 0.0126
2025-09-12 02:36:02,480 - src.utils - INFO - Batch 27000/39291 - Loss: 0.0005 - Avg Loss: 0.0125
2025-09-12 02:36:26,828 - src.utils - INFO - Batch 27100/39291 - Loss: 0.0005 - Avg Loss: 0.0125
2025-09-12 02:36:51,282 - src.utils - INFO - Batch 27200/39291 - Loss: 0.0003 - Avg Loss: 0.0125
2025-09-12 02:37:15,501 - src.utils - INFO - Batch 27300/39291 - Loss: 0.0003 - Avg Loss: 0.0125
2025-09-12 02:37:39,956 - src.utils - INFO - Batch 27400/39291 - Loss: 0.0001 - Avg Loss: 0.0124
2025-09-12 02:38:03,957 - src.utils - INFO - Batch 27500/39291 - Loss: 0.0102 - Avg Loss: 0.0124
2025-09-12 02:38:27,966 - src.utils - INFO - Batch 27600/39291 - Loss: 0.0040 - Avg Loss: 0.0124
2025-09-12 02:38:52,404 - src.utils - INFO - Batch 27700/39291 - Loss: 0.0004 - Avg Loss: 0.0124
2025-09-12 02:39:16,644 - src.utils - INFO - Batch 27800/39291 - Loss: 0.0596 - Avg Loss: 0.0123
2025-09-12 02:39:40,856 - src.utils - INFO - Batch 27900/39291 - Loss: 0.0004 - Avg Loss: 0.0123
2025-09-12 02:40:04,911 - src.utils - INFO - Batch 28000/39291 - Loss: 0.0003 - Avg Loss: 0.0123
2025-09-12 02:40:28,881 - src.utils - INFO - Batch 28100/39291 - Loss: 0.0004 - Avg Loss: 0.0123
2025-09-12 02:40:52,674 - src.utils - INFO - Batch 28200/39291 - Loss: 0.0001 - Avg Loss: 0.0122
2025-09-12 02:41:16,700 - src.utils - INFO - Batch 28300/39291 - Loss: 0.0018 - Avg Loss: 0.0122
2025-09-12 02:41:40,817 - src.utils - INFO - Batch 28400/39291 - Loss: 0.0176 - Avg Loss: 0.0122
2025-09-12 02:42:05,072 - src.utils - INFO - Batch 28500/39291 - Loss: 0.0002 - Avg Loss: 0.0122
2025-09-12 02:42:29,341 - src.utils - INFO - Batch 28600/39291 - Loss: 0.0006 - Avg Loss: 0.0121
2025-09-12 02:42:53,623 - src.utils - INFO - Batch 28700/39291 - Loss: 0.0003 - Avg Loss: 0.0121
2025-09-12 02:43:17,834 - src.utils - INFO - Batch 28800/39291 - Loss: 0.0002 - Avg Loss: 0.0121
2025-09-12 02:43:42,040 - src.utils - INFO - Batch 28900/39291 - Loss: 0.0050 - Avg Loss: 0.0121
2025-09-12 02:44:06,229 - src.utils - INFO - Batch 29000/39291 - Loss: 0.0040 - Avg Loss: 0.0121
2025-09-12 02:44:30,327 - src.utils - INFO - Batch 29100/39291 - Loss: 0.0006 - Avg Loss: 0.0120
2025-09-12 02:44:54,487 - src.utils - INFO - Batch 29200/39291 - Loss: 0.0007 - Avg Loss: 0.0120
2025-09-12 02:45:18,638 - src.utils - INFO - Batch 29300/39291 - Loss: 0.0003 - Avg Loss: 0.0120
2025-09-12 02:45:42,800 - src.utils - INFO - Batch 29400/39291 - Loss: 0.0007 - Avg Loss: 0.0119
2025-09-12 02:46:06,898 - src.utils - INFO - Batch 29500/39291 - Loss: 0.0002 - Avg Loss: 0.0119
2025-09-12 02:46:31,104 - src.utils - INFO - Batch 29600/39291 - Loss: 0.0002 - Avg Loss: 0.0119
2025-09-12 02:46:55,237 - src.utils - INFO - Batch 29700/39291 - Loss: 0.0002 - Avg Loss: 0.0119
2025-09-12 02:47:19,412 - src.utils - INFO - Batch 29800/39291 - Loss: 0.0555 - Avg Loss: 0.0119
2025-09-12 02:47:43,282 - src.utils - INFO - Batch 29900/39291 - Loss: 0.0001 - Avg Loss: 0.0118
2025-09-12 02:48:07,206 - src.utils - INFO - Batch 30000/39291 - Loss: 0.0006 - Avg Loss: 0.0118
2025-09-12 02:48:31,117 - src.utils - INFO - Batch 30100/39291 - Loss: 0.0000 - Avg Loss: 0.0118
2025-09-12 02:48:55,426 - src.utils - INFO - Batch 30200/39291 - Loss: 0.0007 - Avg Loss: 0.0118
2025-09-12 02:49:19,521 - src.utils - INFO - Batch 30300/39291 - Loss: 0.0001 - Avg Loss: 0.0118
2025-09-12 02:49:43,573 - src.utils - INFO - Batch 30400/39291 - Loss: 0.0002 - Avg Loss: 0.0117
2025-09-12 02:50:07,661 - src.utils - INFO - Batch 30500/39291 - Loss: 0.0004 - Avg Loss: 0.0117
2025-09-12 02:50:31,696 - src.utils - INFO - Batch 30600/39291 - Loss: 0.0001 - Avg Loss: 0.0117
2025-09-12 02:50:55,716 - src.utils - INFO - Batch 30700/39291 - Loss: 0.0001 - Avg Loss: 0.0117
2025-09-12 02:51:19,665 - src.utils - INFO - Batch 30800/39291 - Loss: 0.0002 - Avg Loss: 0.0116
2025-09-12 02:51:43,584 - src.utils - INFO - Batch 30900/39291 - Loss: 0.0008 - Avg Loss: 0.0116
2025-09-12 02:52:07,730 - src.utils - INFO - Batch 31000/39291 - Loss: 0.0002 - Avg Loss: 0.0116
2025-09-12 02:52:31,871 - src.utils - INFO - Batch 31100/39291 - Loss: 0.0003 - Avg Loss: 0.0116
2025-09-12 02:52:56,298 - src.utils - INFO - Batch 31200/39291 - Loss: 0.0006 - Avg Loss: 0.0115
2025-09-12 02:53:20,532 - src.utils - INFO - Batch 31300/39291 - Loss: 0.0002 - Avg Loss: 0.0115
2025-09-12 02:53:44,816 - src.utils - INFO - Batch 31400/39291 - Loss: 0.0002 - Avg Loss: 0.0115
2025-09-12 02:54:09,007 - src.utils - INFO - Batch 31500/39291 - Loss: 0.0004 - Avg Loss: 0.0115
2025-09-12 02:54:33,135 - src.utils - INFO - Batch 31600/39291 - Loss: 0.0001 - Avg Loss: 0.0114
2025-09-12 02:54:57,276 - src.utils - INFO - Batch 31700/39291 - Loss: 0.0001 - Avg Loss: 0.0114
2025-09-12 02:55:21,449 - src.utils - INFO - Batch 31800/39291 - Loss: 0.0002 - Avg Loss: 0.0114
2025-09-12 02:55:45,792 - src.utils - INFO - Batch 31900/39291 - Loss: 0.0010 - Avg Loss: 0.0114
2025-09-12 02:56:09,912 - src.utils - INFO - Batch 32000/39291 - Loss: 0.0005 - Avg Loss: 0.0114
2025-09-12 02:56:34,002 - src.utils - INFO - Batch 32100/39291 - Loss: 0.0004 - Avg Loss: 0.0114
2025-09-12 02:56:58,130 - src.utils - INFO - Batch 32200/39291 - Loss: 0.0054 - Avg Loss: 0.0113
2025-09-12 02:57:22,275 - src.utils - INFO - Batch 32300/39291 - Loss: 0.0003 - Avg Loss: 0.0113
2025-09-12 02:57:46,217 - src.utils - INFO - Batch 32400/39291 - Loss: 0.0002 - Avg Loss: 0.0113
2025-09-12 02:58:10,107 - src.utils - INFO - Batch 32500/39291 - Loss: 0.0001 - Avg Loss: 0.0113
2025-09-12 02:58:34,024 - src.utils - INFO - Batch 32600/39291 - Loss: 0.0001 - Avg Loss: 0.0113
2025-09-12 02:58:58,054 - src.utils - INFO - Batch 32700/39291 - Loss: 0.0002 - Avg Loss: 0.0112
2025-09-12 02:59:21,910 - src.utils - INFO - Batch 32800/39291 - Loss: 0.0003 - Avg Loss: 0.0112
2025-09-12 02:59:45,846 - src.utils - INFO - Batch 32900/39291 - Loss: 0.0685 - Avg Loss: 0.0112
2025-09-12 03:00:09,833 - src.utils - INFO - Batch 33000/39291 - Loss: 0.0001 - Avg Loss: 0.0112
2025-09-12 03:00:33,713 - src.utils - INFO - Batch 33100/39291 - Loss: 0.0002 - Avg Loss: 0.0112
2025-09-12 03:00:57,699 - src.utils - INFO - Batch 33200/39291 - Loss: 0.0001 - Avg Loss: 0.0111
2025-09-12 03:01:21,590 - src.utils - INFO - Batch 33300/39291 - Loss: 0.0001 - Avg Loss: 0.0111
2025-09-12 03:01:45,555 - src.utils - INFO - Batch 33400/39291 - Loss: 0.0001 - Avg Loss: 0.0111
2025-09-12 03:02:09,435 - src.utils - INFO - Batch 33500/39291 - Loss: 0.0001 - Avg Loss: 0.0111
2025-09-12 03:02:33,636 - src.utils - INFO - Batch 33600/39291 - Loss: 0.0003 - Avg Loss: 0.0110
2025-09-12 03:02:57,912 - src.utils - INFO - Batch 33700/39291 - Loss: 0.0001 - Avg Loss: 0.0110
2025-09-12 03:03:22,109 - src.utils - INFO - Batch 33800/39291 - Loss: 0.0003 - Avg Loss: 0.0110
2025-09-12 03:03:46,269 - src.utils - INFO - Batch 33900/39291 - Loss: 0.0323 - Avg Loss: 0.0110
2025-09-12 03:04:10,595 - src.utils - INFO - Batch 34000/39291 - Loss: 0.0001 - Avg Loss: 0.0110
2025-09-12 03:04:34,677 - src.utils - INFO - Batch 34100/39291 - Loss: 0.0002 - Avg Loss: 0.0109
2025-09-12 03:04:58,826 - src.utils - INFO - Batch 34200/39291 - Loss: 0.0001 - Avg Loss: 0.0109
2025-09-12 03:05:23,055 - src.utils - INFO - Batch 34300/39291 - Loss: 0.0003 - Avg Loss: 0.0109
2025-09-12 03:05:47,177 - src.utils - INFO - Batch 34400/39291 - Loss: 0.0004 - Avg Loss: 0.0109
2025-09-12 03:06:11,293 - src.utils - INFO - Batch 34500/39291 - Loss: 0.0479 - Avg Loss: 0.0109
2025-09-12 03:06:35,578 - src.utils - INFO - Batch 34600/39291 - Loss: 0.0000 - Avg Loss: 0.0108
2025-09-12 03:06:59,863 - src.utils - INFO - Batch 34700/39291 - Loss: 0.0005 - Avg Loss: 0.0108
2025-09-12 03:07:23,995 - src.utils - INFO - Batch 34800/39291 - Loss: 0.0002 - Avg Loss: 0.0108
2025-09-12 03:07:49,163 - src.utils - INFO - Batch 34900/39291 - Loss: 0.0002 - Avg Loss: 0.0108
2025-09-12 03:08:13,006 - src.utils - INFO - Batch 35000/39291 - Loss: 0.0002 - Avg Loss: 0.0108
2025-09-12 03:08:37,139 - src.utils - INFO - Batch 35100/39291 - Loss: 0.0001 - Avg Loss: 0.0108
2025-09-12 03:09:01,332 - src.utils - INFO - Batch 35200/39291 - Loss: 0.0000 - Avg Loss: 0.0107
2025-09-12 03:09:25,156 - src.utils - INFO - Batch 35300/39291 - Loss: 0.0001 - Avg Loss: 0.0107
2025-09-12 03:09:49,318 - src.utils - INFO - Batch 35400/39291 - Loss: 0.0005 - Avg Loss: 0.0107
2025-09-12 03:10:13,569 - src.utils - INFO - Batch 35500/39291 - Loss: 0.0002 - Avg Loss: 0.0107
2025-09-12 03:10:37,781 - src.utils - INFO - Batch 35600/39291 - Loss: 0.0006 - Avg Loss: 0.0107
2025-09-12 03:11:02,847 - src.utils - INFO - Batch 35700/39291 - Loss: 0.0005 - Avg Loss: 0.0107
2025-09-12 03:11:27,185 - src.utils - INFO - Batch 35800/39291 - Loss: 0.0003 - Avg Loss: 0.0106
2025-09-12 03:11:51,416 - src.utils - INFO - Batch 35900/39291 - Loss: 0.0011 - Avg Loss: 0.0106
2025-09-12 03:12:15,689 - src.utils - INFO - Batch 36000/39291 - Loss: 0.0001 - Avg Loss: 0.0106
2025-09-12 03:12:39,897 - src.utils - INFO - Batch 36100/39291 - Loss: 0.0000 - Avg Loss: 0.0106
2025-09-12 03:13:04,212 - src.utils - INFO - Batch 36200/39291 - Loss: 0.0002 - Avg Loss: 0.0106
2025-09-12 03:13:28,359 - src.utils - INFO - Batch 36300/39291 - Loss: 0.0002 - Avg Loss: 0.0106
2025-09-12 03:13:52,372 - src.utils - INFO - Batch 36400/39291 - Loss: 0.0006 - Avg Loss: 0.0105
2025-09-12 03:14:16,572 - src.utils - INFO - Batch 36500/39291 - Loss: 0.0083 - Avg Loss: 0.0105
2025-09-12 03:14:40,790 - src.utils - INFO - Batch 36600/39291 - Loss: 0.0000 - Avg Loss: 0.0105
2025-09-12 03:15:04,969 - src.utils - INFO - Batch 36700/39291 - Loss: 0.0226 - Avg Loss: 0.0105
2025-09-12 03:15:29,107 - src.utils - INFO - Batch 36800/39291 - Loss: 0.0484 - Avg Loss: 0.0105
2025-09-12 03:15:53,419 - src.utils - INFO - Batch 36900/39291 - Loss: 0.0000 - Avg Loss: 0.0104
2025-09-12 03:16:17,650 - src.utils - INFO - Batch 37000/39291 - Loss: 0.0004 - Avg Loss: 0.0104
2025-09-12 03:16:41,921 - src.utils - INFO - Batch 37100/39291 - Loss: 0.0001 - Avg Loss: 0.0104
2025-09-12 03:17:06,314 - src.utils - INFO - Batch 37200/39291 - Loss: 0.0001 - Avg Loss: 0.0104
2025-09-12 03:17:30,674 - src.utils - INFO - Batch 37300/39291 - Loss: 0.0003 - Avg Loss: 0.0104
2025-09-12 03:17:55,066 - src.utils - INFO - Batch 37400/39291 - Loss: 0.0003 - Avg Loss: 0.0104
2025-09-12 03:18:19,498 - src.utils - INFO - Batch 37500/39291 - Loss: 0.0004 - Avg Loss: 0.0103
2025-09-12 03:18:43,357 - src.utils - INFO - Batch 37600/39291 - Loss: 0.0002 - Avg Loss: 0.0103
2025-09-12 03:19:03,069 - src.utils - INFO - Batch 37700/39291 - Loss: 0.0001 - Avg Loss: 0.0103
2025-09-12 03:19:22,664 - src.utils - INFO - Batch 37800/39291 - Loss: 0.0001 - Avg Loss: 0.0103
2025-09-12 03:19:42,305 - src.utils - INFO - Batch 37900/39291 - Loss: 0.0674 - Avg Loss: 0.0103
2025-09-12 03:20:01,970 - src.utils - INFO - Batch 38000/39291 - Loss: 0.0002 - Avg Loss: 0.0103
2025-09-12 03:20:21,659 - src.utils - INFO - Batch 38100/39291 - Loss: 0.0000 - Avg Loss: 0.0102
2025-09-12 03:20:41,359 - src.utils - INFO - Batch 38200/39291 - Loss: 0.0258 - Avg Loss: 0.0102
2025-09-12 03:21:01,070 - src.utils - INFO - Batch 38300/39291 - Loss: 0.0004 - Avg Loss: 0.0102
2025-09-12 03:21:20,790 - src.utils - INFO - Batch 38400/39291 - Loss: 0.0000 - Avg Loss: 0.0102
2025-09-12 03:21:40,522 - src.utils - INFO - Batch 38500/39291 - Loss: 0.0002 - Avg Loss: 0.0102
2025-09-12 03:22:00,331 - src.utils - INFO - Batch 38600/39291 - Loss: 0.0001 - Avg Loss: 0.0101
2025-09-12 03:22:20,069 - src.utils - INFO - Batch 38700/39291 - Loss: 0.0001 - Avg Loss: 0.0101
2025-09-12 03:22:39,836 - src.utils - INFO - Batch 38800/39291 - Loss: 0.0001 - Avg Loss: 0.0101
2025-09-12 03:22:59,598 - src.utils - INFO - Batch 38900/39291 - Loss: 0.0004 - Avg Loss: 0.0101
2025-09-12 03:23:19,458 - src.utils - INFO - Batch 39000/39291 - Loss: 0.0000 - Avg Loss: 0.0101
2025-09-12 03:23:39,229 - src.utils - INFO - Batch 39100/39291 - Loss: 0.0014 - Avg Loss: 0.0101
2025-09-12 03:23:59,020 - src.utils - INFO - Batch 39200/39291 - Loss: 0.0003 - Avg Loss: 0.0100
2025-09-12 03:29:02,680 - src.utils - INFO - Epoch 1 Results:
2025-09-12 03:29:02,680 - src.utils - INFO -   Train Loss: 0.0100
2025-09-12 03:29:02,680 - src.utils - INFO -   Val Loss: 0.0150
2025-09-12 03:29:02,681 - src.utils - INFO -   Val Accuracy: 0.9674
2025-09-12 03:29:02,681 - src.utils - INFO -   Epoch Time: 2.59h
2025-09-12 03:29:02,681 - src.utils - INFO - New best model! Accuracy: 0.9674
2025-09-12 03:29:12,767 - src.utils - INFO - Best model saved at epoch 1 with accuracy 0.9674
2025-09-12 03:29:12,767 - src.utils - INFO - Model checkpoint saved for epoch 1
2025-09-12 03:29:12,767 - src.utils - INFO - 
==================================================
2025-09-12 03:29:12,767 - src.utils - INFO - Epoch 2/3
2025-09-12 03:29:12,767 - src.utils - INFO - ==================================================
2025-09-12 03:29:33,379 - src.utils - INFO - Batch 100/39291 - Loss: 0.0002 - Avg Loss: 0.0025
2025-09-12 03:29:55,033 - src.utils - INFO - Starting evaluation process...
2025-09-12 03:29:55,034 - src.utils - INFO - Loading dataset...
2025-09-12 03:29:55,832 - src.utils - INFO - Tokenizer loaded: UBC-NLP/MARBERT
2025-09-12 03:29:55,833 - src.utils - INFO - Loading cleaned dataset from CSV file...
2025-09-12 03:29:57,533 - src.utils - INFO - Successfully loaded 449038 samples from CSV
2025-09-12 03:29:57,533 - src.utils - INFO - Data split - Train: 314326, Val: 67355, Test: 67357
2025-09-12 03:29:57,541 - src.utils - INFO - After split - Train: 314326, Val: 67355, Test: 67357
2025-09-12 03:29:57,574 - src.utils - INFO - Train label distribution: {0: 308487, 1: 5839}
2025-09-12 03:29:57,574 - src.utils - INFO - Validation label distribution: {0: 66225, 1: 1130}
2025-09-12 03:29:57,574 - src.utils - INFO - Test label distribution: {0: 57789, 1: 9568}
2025-09-12 03:29:57,575 - src.utils - INFO - Dataset initialized with 314326 samples
2025-09-12 03:29:57,576 - src.utils - INFO - Dataset initialized with 67355 samples
2025-09-12 03:29:57,576 - src.utils - INFO - Dataset initialized with 67357 samples
2025-09-12 03:30:09,431 - src.utils - INFO - Created WeightedRandomSampler with class weights: [3.24162769e-06 1.71262202e-04]
2025-09-12 03:30:09,431 - src.utils - INFO - Class distribution: [308487   5839]
2025-09-12 03:30:09,437 - src.utils - INFO - Using WeightedRandomSampler for training
2025-09-12 03:30:09,438 - src.utils - INFO - DataLoaders created - Batch size: 8
2025-09-12 03:30:09,439 - src.utils - INFO - Evaluator initialized on device: cuda
2025-09-12 03:30:09,439 - src.utils - INFO - Starting model evaluation...
2025-09-12 03:30:14,199 - src.utils - INFO - Model initialized with 162842882 parameters
2025-09-12 03:30:14,201 - src.utils - INFO - Trainable parameters: 162842882
2025-09-12 03:30:14,201 - src.utils - INFO - Loss function: focal
2025-09-12 03:30:15,720 - src.utils - INFO - Model created and moved to cuda
2025-09-12 03:30:17,479 - src.utils - INFO - Model loaded from C:\deep learning\Balanced data\models\best_marbert_model.pt
2025-09-12 03:30:17,480 - src.utils - INFO - Epoch: 1, Loss: 0.0150, Accuracy: 0.9674
2025-09-12 03:30:17,482 - src.utils - INFO - Best model loaded successfully
2025-09-12 03:30:17,485 - src.utils - INFO - Starting evaluation...
2025-09-12 03:42:59,402 - src.utils - ERROR - Evaluation failed: int() argument must be a string, a bytes-like object or a real number, not 'NoneType'
2025-09-12 03:46:52,007 - src.utils - INFO - Starting evaluation process...
2025-09-12 03:46:52,007 - src.utils - INFO - Loading dataset...
2025-09-12 03:46:53,016 - src.utils - INFO - Tokenizer loaded: UBC-NLP/MARBERT
2025-09-12 03:46:53,016 - src.utils - INFO - Loading cleaned dataset from CSV file...
2025-09-12 03:46:53,810 - src.utils - INFO - Successfully loaded 449038 samples from CSV
2025-09-12 03:46:53,811 - src.utils - INFO - Data split - Train: 314326, Val: 67355, Test: 67357
2025-09-12 03:46:53,817 - src.utils - INFO - After split - Train: 314326, Val: 67355, Test: 67357
2025-09-12 03:46:53,831 - src.utils - INFO - Train label distribution: {0: 308487, 1: 5839}
2025-09-12 03:46:53,832 - src.utils - INFO - Validation label distribution: {0: 66225, 1: 1130}
2025-09-12 03:46:53,832 - src.utils - INFO - Test label distribution: {0: 57789, 1: 9568}
2025-09-12 03:46:53,832 - src.utils - INFO - Dataset initialized with 314326 samples
2025-09-12 03:46:53,832 - src.utils - INFO - Dataset initialized with 67355 samples
2025-09-12 03:46:53,832 - src.utils - INFO - Dataset initialized with 67357 samples
2025-09-12 03:46:58,256 - src.utils - INFO - Created WeightedRandomSampler with class weights: [3.24162769e-06 1.71262202e-04]
2025-09-12 03:46:58,256 - src.utils - INFO - Class distribution: [308487   5839]
2025-09-12 03:46:58,259 - src.utils - INFO - Using WeightedRandomSampler for training
2025-09-12 03:46:58,260 - src.utils - INFO - DataLoaders created - Batch size: 8
2025-09-12 03:46:58,260 - src.utils - INFO - Evaluator initialized on device: cuda
2025-09-12 03:46:58,260 - src.utils - INFO - Starting model evaluation...
2025-09-12 03:47:00,139 - src.utils - INFO - Model initialized with 162842882 parameters
2025-09-12 03:47:00,139 - src.utils - INFO - Trainable parameters: 162842882
2025-09-12 03:47:00,139 - src.utils - INFO - Loss function: focal
2025-09-12 03:47:00,408 - src.utils - INFO - Model created and moved to cuda
2025-09-12 03:47:01,364 - src.utils - INFO - Model loaded from C:\deep learning\Balanced data\models\best_marbert_model.pt
2025-09-12 03:47:01,364 - src.utils - INFO - Epoch: 1, Loss: 0.0150, Accuracy: 0.9674
2025-09-12 03:47:01,365 - src.utils - INFO - Best model loaded successfully
2025-09-12 03:47:01,366 - src.utils - INFO - Starting evaluation...
2025-09-12 03:58:45,426 - src.utils - INFO - 
==================================================
2025-09-12 03:58:45,426 - src.utils - INFO - EVALUATION RESULTS
2025-09-12 03:58:45,427 - src.utils - INFO - ==================================================
2025-09-12 03:58:45,427 - src.utils - INFO - Test Loss: 0.1489
2025-09-12 03:58:45,427 - src.utils - INFO - Accuracy: 0.8496
2025-09-12 03:58:45,427 - src.utils - INFO - Precision: 0.7966
2025-09-12 03:58:45,427 - src.utils - INFO - Recall: 0.8496
2025-09-12 03:58:45,427 - src.utils - INFO - F1-Score: 0.8078
2025-09-12 03:58:45,428 - src.utils - INFO - ==================================================
2025-09-12 03:58:45,440 - src.utils - INFO - 
Detailed Classification Report:
2025-09-12 03:58:45,441 - src.utils - INFO - --------------------------------------------------
2025-09-12 03:58:46,075 - src.utils - INFO - Confusion matrix saved to: C:\deep learning\Balanced data\results/confusion_matrix.png
2025-09-12 03:58:46,466 - src.utils - ERROR - Evaluation failed: Object of type int32 is not JSON serializable
2025-09-12 06:03:00,073 - src.utils - INFO - Starting training process...
2025-09-12 06:03:01,116 - src.utils - INFO - Loading dataset...
2025-09-12 06:03:02,066 - src.utils - INFO - Tokenizer loaded: UBC-NLP/MARBERT
2025-09-12 06:03:02,068 - src.utils - INFO - Loading cleaned dataset from CSV file...
2025-09-12 06:03:03,793 - src.utils - INFO - Successfully loaded 100000 samples from CSV
2025-09-12 06:03:03,793 - src.utils - INFO - Data split - Train: 70000, Val: 15000, Test: 15000
2025-09-12 06:03:03,795 - src.utils - INFO - After split - Train: 70000, Val: 15000, Test: 15000
2025-09-12 06:03:03,803 - src.utils - INFO - Train label distribution: {0: 67487, 1: 2513}
2025-09-12 06:03:03,804 - src.utils - INFO - Validation label distribution: {0: 14430, 1: 570}
2025-09-12 06:03:03,804 - src.utils - INFO - Test label distribution: {0: 14412, 1: 588}
2025-09-12 06:03:03,804 - src.utils - INFO - Dataset initialized with 70000 samples
2025-09-12 06:03:03,804 - src.utils - INFO - Dataset initialized with 15000 samples
2025-09-12 06:03:03,804 - src.utils - INFO - Dataset initialized with 15000 samples
2025-09-12 06:03:06,470 - src.utils - INFO - Created WeightedRandomSampler with class weights: [1.48176686e-05 3.97930760e-04]
2025-09-12 06:03:06,470 - src.utils - INFO - Class distribution: [67487  2513]
2025-09-12 06:03:06,472 - src.utils - INFO - Using WeightedRandomSampler for training
2025-09-12 06:03:06,472 - src.utils - INFO - DataLoaders created - Batch size: 12
2025-09-12 06:03:06,473 - src.utils - INFO - ==================================================
2025-09-12 06:03:06,473 - src.utils - INFO - DATASET INFORMATION
2025-09-12 06:03:06,474 - src.utils - INFO - ==================================================
2025-09-12 06:03:06,474 - src.utils - INFO - Training samples: 70000
2025-09-12 06:03:06,474 - src.utils - INFO - Validation samples: 15000
2025-09-12 06:03:06,474 - src.utils - INFO - Test samples: 15000
2025-09-12 06:03:06,475 - src.utils - INFO - Total samples: 100000
2025-09-12 06:03:06,475 - src.utils - INFO - Max sequence length: 64
2025-09-12 06:03:06,475 - src.utils - INFO - Batch size: 12
2025-09-12 06:03:06,475 - src.utils - INFO - ==================================================
2025-09-12 06:03:06,503 - src.utils - INFO - Mixed precision training enabled
2025-09-12 06:03:06,503 - src.utils - INFO - Trainer initialized on device: cuda
2025-09-12 06:03:06,503 - src.utils - INFO - Starting model training...
2025-09-12 06:03:10,515 - src.utils - INFO - Model initialized with 162842882 parameters
2025-09-12 06:03:10,517 - src.utils - INFO - Trainable parameters: 162842882
2025-09-12 06:03:10,517 - src.utils - INFO - Loss function: focal
2025-09-12 06:03:10,925 - src.utils - INFO - Model created and moved to cuda
2025-09-12 06:03:13,721 - src.utils - INFO - Model parameters: 162842882
2025-09-12 06:03:13,721 - src.utils - INFO - Optimizer: AdamW (lr=1e-05)
2025-09-12 06:03:13,722 - src.utils - INFO - Scheduler: Linear with warmup (100 steps)
2025-09-12 06:03:13,722 - src.utils - INFO - Starting training...
2025-09-12 06:03:13,722 - src.utils - INFO - Epochs: 3
2025-09-12 06:03:13,723 - src.utils - INFO - Batch size: 12
2025-09-12 06:03:13,723 - src.utils - INFO - Learning rate: 1e-05
2025-09-12 06:03:13,723 - src.utils - INFO - 
==================================================
2025-09-12 06:03:13,723 - src.utils - INFO - Epoch 1/3
2025-09-12 06:03:13,724 - src.utils - INFO - ==================================================
2025-09-12 06:03:37,488 - src.utils - INFO - Batch 100/5834 - Loss: 0.0322 - Avg Loss: 0.0437
2025-09-12 06:03:59,538 - src.utils - INFO - Batch 200/5834 - Loss: 0.0294 - Avg Loss: 0.0396
2025-09-12 06:04:21,634 - src.utils - INFO - Batch 300/5834 - Loss: 0.0240 - Avg Loss: 0.0381
2025-09-12 06:04:43,739 - src.utils - INFO - Batch 400/5834 - Loss: 0.0229 - Avg Loss: 0.0365
2025-09-12 06:05:05,777 - src.utils - INFO - Batch 500/5834 - Loss: 0.0104 - Avg Loss: 0.0349
2025-09-12 06:05:27,902 - src.utils - INFO - Batch 600/5834 - Loss: 0.0378 - Avg Loss: 0.0336
2025-09-12 06:05:49,927 - src.utils - INFO - Batch 700/5834 - Loss: 0.0214 - Avg Loss: 0.0322
2025-09-12 06:06:12,287 - src.utils - INFO - Batch 800/5834 - Loss: 0.0082 - Avg Loss: 0.0313
2025-09-12 06:06:45,699 - src.utils - INFO - Batch 900/5834 - Loss: 0.0263 - Avg Loss: 0.0303
2025-09-12 06:07:08,419 - src.utils - INFO - Batch 1000/5834 - Loss: 0.0238 - Avg Loss: 0.0297
2025-09-12 06:07:30,850 - src.utils - INFO - Batch 1100/5834 - Loss: 0.0225 - Avg Loss: 0.0288
2025-09-12 06:07:52,966 - src.utils - INFO - Batch 1200/5834 - Loss: 0.0213 - Avg Loss: 0.0281
2025-09-12 06:08:15,071 - src.utils - INFO - Batch 1300/5834 - Loss: 0.0037 - Avg Loss: 0.0273
2025-09-12 06:08:37,246 - src.utils - INFO - Batch 1400/5834 - Loss: 0.0175 - Avg Loss: 0.0265
2025-09-12 06:08:59,310 - src.utils - INFO - Batch 1500/5834 - Loss: 0.0142 - Avg Loss: 0.0259
2025-09-12 06:09:21,356 - src.utils - INFO - Batch 1600/5834 - Loss: 0.0116 - Avg Loss: 0.0252
2025-09-12 06:09:43,554 - src.utils - INFO - Batch 1700/5834 - Loss: 0.0079 - Avg Loss: 0.0245
2025-09-12 06:12:51,598 - src.utils - INFO - Batch 1800/5834 - Loss: 0.0034 - Avg Loss: 0.0240
2025-09-12 06:13:13,668 - src.utils - INFO - Batch 1900/5834 - Loss: 0.0029 - Avg Loss: 0.0235
2025-09-12 06:13:34,855 - src.utils - INFO - Batch 2000/5834 - Loss: 0.0045 - Avg Loss: 0.0230
2025-09-12 06:13:52,262 - src.utils - INFO - Batch 2100/5834 - Loss: 0.0218 - Avg Loss: 0.0226
2025-09-12 06:14:09,796 - src.utils - INFO - Batch 2200/5834 - Loss: 0.0193 - Avg Loss: 0.0222
2025-09-12 06:14:27,377 - src.utils - INFO - Batch 2300/5834 - Loss: 0.0055 - Avg Loss: 0.0218
2025-09-12 06:14:45,007 - src.utils - INFO - Batch 2400/5834 - Loss: 0.0047 - Avg Loss: 0.0214
2025-09-12 06:15:02,681 - src.utils - INFO - Batch 2500/5834 - Loss: 0.0011 - Avg Loss: 0.0210
2025-09-12 06:15:20,367 - src.utils - INFO - Batch 2600/5834 - Loss: 0.0445 - Avg Loss: 0.0206
2025-09-12 06:15:38,090 - src.utils - INFO - Batch 2700/5834 - Loss: 0.0022 - Avg Loss: 0.0204
2025-09-12 06:15:55,810 - src.utils - INFO - Batch 2800/5834 - Loss: 0.0061 - Avg Loss: 0.0200
2025-09-12 06:16:13,531 - src.utils - INFO - Batch 2900/5834 - Loss: 0.0010 - Avg Loss: 0.0197
2025-09-12 06:16:31,291 - src.utils - INFO - Batch 3000/5834 - Loss: 0.0190 - Avg Loss: 0.0194
2025-09-12 06:16:49,070 - src.utils - INFO - Batch 3100/5834 - Loss: 0.0054 - Avg Loss: 0.0191
2025-09-12 06:17:06,876 - src.utils - INFO - Batch 3200/5834 - Loss: 0.0020 - Avg Loss: 0.0188
2025-09-12 06:17:24,830 - src.utils - INFO - Batch 3300/5834 - Loss: 0.0009 - Avg Loss: 0.0185
2025-09-12 06:17:42,586 - src.utils - INFO - Batch 3400/5834 - Loss: 0.0012 - Avg Loss: 0.0183
2025-09-12 06:18:00,441 - src.utils - INFO - Batch 3500/5834 - Loss: 0.0619 - Avg Loss: 0.0181
2025-09-12 06:18:18,377 - src.utils - INFO - Batch 3600/5834 - Loss: 0.0148 - Avg Loss: 0.0178
2025-09-12 06:18:36,285 - src.utils - INFO - Batch 3700/5834 - Loss: 0.0013 - Avg Loss: 0.0176
2025-09-12 06:19:53,618 - src.utils - INFO - Batch 3800/5834 - Loss: 0.0341 - Avg Loss: 0.0173
2025-09-12 06:20:11,179 - src.utils - INFO - Batch 3900/5834 - Loss: 0.0003 - Avg Loss: 0.0171
2025-09-12 06:20:28,834 - src.utils - INFO - Batch 4000/5834 - Loss: 0.0405 - Avg Loss: 0.0169
2025-09-12 06:20:46,545 - src.utils - INFO - Batch 4100/5834 - Loss: 0.0012 - Avg Loss: 0.0167
2025-09-12 06:21:04,303 - src.utils - INFO - Batch 4200/5834 - Loss: 0.0013 - Avg Loss: 0.0165
2025-09-12 06:21:22,084 - src.utils - INFO - Batch 4300/5834 - Loss: 0.0227 - Avg Loss: 0.0163
2025-09-12 06:21:39,860 - src.utils - INFO - Batch 4400/5834 - Loss: 0.0007 - Avg Loss: 0.0161
2025-09-12 06:21:57,656 - src.utils - INFO - Batch 4500/5834 - Loss: 0.0005 - Avg Loss: 0.0159
2025-09-12 06:22:15,463 - src.utils - INFO - Batch 4600/5834 - Loss: 0.0008 - Avg Loss: 0.0157
2025-09-12 06:22:33,287 - src.utils - INFO - Batch 4700/5834 - Loss: 0.0235 - Avg Loss: 0.0156
2025-09-12 06:22:51,122 - src.utils - INFO - Batch 4800/5834 - Loss: 0.0013 - Avg Loss: 0.0153
2025-09-12 06:23:08,960 - src.utils - INFO - Batch 4900/5834 - Loss: 0.0006 - Avg Loss: 0.0152
2025-09-12 06:23:26,810 - src.utils - INFO - Batch 5000/5834 - Loss: 0.0029 - Avg Loss: 0.0150
2025-09-12 06:23:44,704 - src.utils - INFO - Batch 5100/5834 - Loss: 0.0007 - Avg Loss: 0.0149
2025-09-12 06:24:02,562 - src.utils - INFO - Batch 5200/5834 - Loss: 0.0016 - Avg Loss: 0.0147
2025-09-12 06:24:20,421 - src.utils - INFO - Batch 5300/5834 - Loss: 0.0072 - Avg Loss: 0.0146
2025-09-12 06:24:38,289 - src.utils - INFO - Batch 5400/5834 - Loss: 0.0004 - Avg Loss: 0.0144
2025-09-12 06:24:56,254 - src.utils - INFO - Batch 5500/5834 - Loss: 0.0023 - Avg Loss: 0.0142
2025-09-12 06:25:14,567 - src.utils - INFO - Batch 5600/5834 - Loss: 0.0003 - Avg Loss: 0.0141
2025-09-12 06:25:32,670 - src.utils - INFO - Batch 5700/5834 - Loss: 0.0010 - Avg Loss: 0.0139
2025-09-12 06:25:50,554 - src.utils - INFO - Batch 5800/5834 - Loss: 0.0002 - Avg Loss: 0.0138
2025-09-12 06:26:34,316 - src.utils - INFO - Epoch 1 Results:
2025-09-12 06:26:34,316 - src.utils - INFO -   Train Loss: 0.0137
2025-09-12 06:26:34,316 - src.utils - INFO -   Val Loss: 0.0229
2025-09-12 06:26:34,316 - src.utils - INFO -   Val Accuracy: 0.9447
2025-09-12 06:26:34,316 - src.utils - INFO -   Epoch Time: 23.34m
2025-09-12 06:26:34,317 - src.utils - INFO - New best model! Accuracy: 0.9447
2025-09-12 06:26:36,169 - src.utils - ERROR - Training failed: [enforce fail at inline_container.cc:603] . unexpected pos 809841344 vs 809841232
2025-09-12 12:46:21,503 - src.utils - INFO - Starting training process...
2025-09-12 12:46:21,532 - src.utils - INFO - Loading dataset...
2025-09-12 12:46:22,221 - src.utils - INFO - Tokenizer loaded: UBC-NLP/MARBERT
2025-09-12 12:46:22,221 - src.utils - INFO - Loading cleaned dataset from CSV file...
2025-09-12 12:46:22,985 - src.utils - INFO - Successfully loaded 100000 samples from CSV
2025-09-12 12:46:22,985 - src.utils - INFO - Data split - Train: 70000, Val: 15000, Test: 15000
2025-09-12 12:46:22,988 - src.utils - INFO - After split - Train: 70000, Val: 15000, Test: 15000
2025-09-12 12:46:22,990 - src.utils - INFO - Train label distribution: {0: 67487, 1: 2513}
2025-09-12 12:46:22,991 - src.utils - INFO - Validation label distribution: {0: 14430, 1: 570}
2025-09-12 12:46:22,991 - src.utils - INFO - Test label distribution: {0: 14412, 1: 588}
2025-09-12 12:46:22,991 - src.utils - INFO - Dataset initialized with 70000 samples
2025-09-12 12:46:22,991 - src.utils - INFO - Dataset initialized with 15000 samples
2025-09-12 12:46:22,991 - src.utils - INFO - Dataset initialized with 15000 samples
2025-09-12 12:46:24,019 - src.utils - INFO - Created WeightedRandomSampler with class weights: [1.48176686e-05 3.97930760e-04]
2025-09-12 12:46:24,019 - src.utils - INFO - Class distribution: [67487  2513]
2025-09-12 12:46:24,020 - src.utils - INFO - Using WeightedRandomSampler for training
2025-09-12 12:46:24,020 - src.utils - INFO - DataLoaders created - Batch size: 12
2025-09-12 12:46:24,020 - src.utils - INFO - ==================================================
2025-09-12 12:46:24,020 - src.utils - INFO - DATASET INFORMATION
2025-09-12 12:46:24,021 - src.utils - INFO - ==================================================
2025-09-12 12:46:24,021 - src.utils - INFO - Training samples: 70000
2025-09-12 12:46:24,021 - src.utils - INFO - Validation samples: 15000
2025-09-12 12:46:24,021 - src.utils - INFO - Test samples: 15000
2025-09-12 12:46:24,021 - src.utils - INFO - Total samples: 100000
2025-09-12 12:46:24,021 - src.utils - INFO - Max sequence length: 64
2025-09-12 12:46:24,021 - src.utils - INFO - Batch size: 12
2025-09-12 12:46:24,022 - src.utils - INFO - ==================================================
2025-09-12 12:46:24,036 - src.utils - INFO - Mixed precision training enabled
2025-09-12 12:46:24,036 - src.utils - INFO - Trainer initialized on device: cuda
2025-09-12 12:46:24,036 - src.utils - INFO - Starting model training...
2025-09-12 12:46:26,385 - src.utils - INFO - Model initialized with 162842882 parameters
2025-09-12 12:46:26,386 - src.utils - INFO - Trainable parameters: 162842882
2025-09-12 12:46:26,386 - src.utils - INFO - Loss function: focal
2025-09-12 12:46:26,652 - src.utils - INFO - Model created and moved to cuda
2025-09-12 12:46:27,849 - src.utils - INFO - Model parameters: 162842882
2025-09-12 12:46:27,849 - src.utils - INFO - Optimizer: AdamW (lr=1e-05)
2025-09-12 12:46:27,850 - src.utils - INFO - Scheduler: Linear with warmup (100 steps)
2025-09-12 12:46:27,850 - src.utils - INFO - Starting training...
2025-09-12 12:46:27,850 - src.utils - INFO - Epochs: 3
2025-09-12 12:46:27,850 - src.utils - INFO - Batch size: 12
2025-09-12 12:46:27,850 - src.utils - INFO - Learning rate: 1e-05
2025-09-12 12:46:27,850 - src.utils - INFO - 
==================================================
2025-09-12 12:46:27,850 - src.utils - INFO - Epoch 1/3
2025-09-12 12:46:27,850 - src.utils - INFO - ==================================================
2025-09-12 12:46:45,703 - src.utils - INFO - Batch 100/5834 - Loss: 0.0322 - Avg Loss: 0.0437
2025-09-12 12:47:03,255 - src.utils - INFO - Batch 200/5834 - Loss: 0.0294 - Avg Loss: 0.0396
2025-09-12 12:47:20,811 - src.utils - INFO - Batch 300/5834 - Loss: 0.0240 - Avg Loss: 0.0381
2025-09-12 12:47:38,358 - src.utils - INFO - Batch 400/5834 - Loss: 0.0229 - Avg Loss: 0.0365
2025-09-12 12:47:55,932 - src.utils - INFO - Batch 500/5834 - Loss: 0.0104 - Avg Loss: 0.0349
2025-09-12 12:48:13,530 - src.utils - INFO - Batch 600/5834 - Loss: 0.0378 - Avg Loss: 0.0336
2025-09-12 12:48:31,150 - src.utils - INFO - Batch 700/5834 - Loss: 0.0214 - Avg Loss: 0.0322
2025-09-12 12:48:48,795 - src.utils - INFO - Batch 800/5834 - Loss: 0.0082 - Avg Loss: 0.0313
2025-09-12 12:49:06,461 - src.utils - INFO - Batch 900/5834 - Loss: 0.0263 - Avg Loss: 0.0303
2025-09-12 12:49:24,145 - src.utils - INFO - Batch 1000/5834 - Loss: 0.0238 - Avg Loss: 0.0297
2025-09-12 12:49:41,841 - src.utils - INFO - Batch 1100/5834 - Loss: 0.0225 - Avg Loss: 0.0288
2025-09-12 12:49:59,551 - src.utils - INFO - Batch 1200/5834 - Loss: 0.0213 - Avg Loss: 0.0281
2025-09-12 12:50:17,288 - src.utils - INFO - Batch 1300/5834 - Loss: 0.0037 - Avg Loss: 0.0273
2025-09-12 12:50:35,101 - src.utils - INFO - Batch 1400/5834 - Loss: 0.0175 - Avg Loss: 0.0265
2025-09-12 12:50:52,926 - src.utils - INFO - Batch 1500/5834 - Loss: 0.0142 - Avg Loss: 0.0259
2025-09-12 12:51:10,701 - src.utils - INFO - Batch 1600/5834 - Loss: 0.0116 - Avg Loss: 0.0252
2025-09-12 12:51:28,569 - src.utils - INFO - Batch 1700/5834 - Loss: 0.0079 - Avg Loss: 0.0245
2025-09-12 12:51:46,388 - src.utils - INFO - Batch 1800/5834 - Loss: 0.0034 - Avg Loss: 0.0240
2025-09-12 13:37:36,103 - src.utils - INFO - Batch 1900/5834 - Loss: 0.0029 - Avg Loss: 0.0235
2025-09-12 13:37:53,641 - src.utils - INFO - Batch 2000/5834 - Loss: 0.0045 - Avg Loss: 0.0230
2025-09-12 13:38:11,103 - src.utils - INFO - Batch 2100/5834 - Loss: 0.0218 - Avg Loss: 0.0226
2025-09-12 13:38:28,738 - src.utils - INFO - Batch 2200/5834 - Loss: 0.0193 - Avg Loss: 0.0222
2025-09-12 13:38:46,356 - src.utils - INFO - Batch 2300/5834 - Loss: 0.0055 - Avg Loss: 0.0218
2025-09-12 13:39:03,945 - src.utils - INFO - Batch 2400/5834 - Loss: 0.0047 - Avg Loss: 0.0214
2025-09-12 13:39:21,541 - src.utils - INFO - Batch 2500/5834 - Loss: 0.0011 - Avg Loss: 0.0210
2025-09-12 13:39:39,158 - src.utils - INFO - Batch 2600/5834 - Loss: 0.0445 - Avg Loss: 0.0206
2025-09-12 13:39:56,799 - src.utils - INFO - Batch 2700/5834 - Loss: 0.0022 - Avg Loss: 0.0204
2025-09-12 13:40:14,452 - src.utils - INFO - Batch 2800/5834 - Loss: 0.0061 - Avg Loss: 0.0200
2025-09-12 13:40:32,128 - src.utils - INFO - Batch 2900/5834 - Loss: 0.0010 - Avg Loss: 0.0197
2025-09-12 13:40:49,814 - src.utils - INFO - Batch 3000/5834 - Loss: 0.0190 - Avg Loss: 0.0194
2025-09-12 13:41:07,511 - src.utils - INFO - Batch 3100/5834 - Loss: 0.0054 - Avg Loss: 0.0191
2025-09-12 13:41:25,223 - src.utils - INFO - Batch 3200/5834 - Loss: 0.0020 - Avg Loss: 0.0188
2025-09-12 13:41:43,138 - src.utils - INFO - Batch 3300/5834 - Loss: 0.0009 - Avg Loss: 0.0185
2025-09-12 13:42:00,806 - src.utils - INFO - Batch 3400/5834 - Loss: 0.0012 - Avg Loss: 0.0183
2025-09-12 13:42:18,562 - src.utils - INFO - Batch 3500/5834 - Loss: 0.0619 - Avg Loss: 0.0181
2025-09-12 13:42:36,473 - src.utils - INFO - Batch 3600/5834 - Loss: 0.0148 - Avg Loss: 0.0178
2025-09-12 13:42:54,502 - src.utils - INFO - Batch 3700/5834 - Loss: 0.0013 - Avg Loss: 0.0176
2025-09-12 13:43:12,253 - src.utils - INFO - Batch 3800/5834 - Loss: 0.0341 - Avg Loss: 0.0173
2025-09-12 13:43:30,019 - src.utils - INFO - Batch 3900/5834 - Loss: 0.0003 - Avg Loss: 0.0171
2025-09-12 13:43:47,787 - src.utils - INFO - Batch 4000/5834 - Loss: 0.0405 - Avg Loss: 0.0169
2025-09-12 13:44:05,548 - src.utils - INFO - Batch 4100/5834 - Loss: 0.0012 - Avg Loss: 0.0167
2025-09-12 13:44:23,333 - src.utils - INFO - Batch 4200/5834 - Loss: 0.0013 - Avg Loss: 0.0165
2025-09-12 13:44:41,133 - src.utils - INFO - Batch 4300/5834 - Loss: 0.0227 - Avg Loss: 0.0163
2025-09-12 13:44:58,931 - src.utils - INFO - Batch 4400/5834 - Loss: 0.0007 - Avg Loss: 0.0161
2025-09-12 13:45:16,787 - src.utils - INFO - Batch 4500/5834 - Loss: 0.0005 - Avg Loss: 0.0159
2025-09-12 13:45:34,673 - src.utils - INFO - Batch 4600/5834 - Loss: 0.0008 - Avg Loss: 0.0157
2025-09-12 13:45:52,496 - src.utils - INFO - Batch 4700/5834 - Loss: 0.0235 - Avg Loss: 0.0156
2025-09-12 13:46:10,327 - src.utils - INFO - Batch 4800/5834 - Loss: 0.0013 - Avg Loss: 0.0153
2025-09-12 13:46:28,160 - src.utils - INFO - Batch 4900/5834 - Loss: 0.0006 - Avg Loss: 0.0152
2025-09-12 13:46:46,025 - src.utils - INFO - Batch 5000/5834 - Loss: 0.0029 - Avg Loss: 0.0150
2025-09-12 13:47:03,906 - src.utils - INFO - Batch 5100/5834 - Loss: 0.0007 - Avg Loss: 0.0149
2025-09-12 13:47:21,759 - src.utils - INFO - Batch 5200/5834 - Loss: 0.0016 - Avg Loss: 0.0147
2025-09-12 13:47:39,794 - src.utils - INFO - Batch 5300/5834 - Loss: 0.0072 - Avg Loss: 0.0146
2025-09-12 13:47:57,784 - src.utils - INFO - Batch 5400/5834 - Loss: 0.0004 - Avg Loss: 0.0144
2025-09-12 13:48:15,734 - src.utils - INFO - Batch 5500/5834 - Loss: 0.0023 - Avg Loss: 0.0142
2025-09-12 13:48:33,579 - src.utils - INFO - Batch 5600/5834 - Loss: 0.0003 - Avg Loss: 0.0141
2025-09-12 13:48:51,431 - src.utils - INFO - Batch 5700/5834 - Loss: 0.0010 - Avg Loss: 0.0139
2025-09-12 13:49:09,292 - src.utils - INFO - Batch 5800/5834 - Loss: 0.0002 - Avg Loss: 0.0138
2025-09-12 13:49:52,243 - src.utils - INFO - Epoch 1 Results:
2025-09-12 13:49:52,243 - src.utils - INFO -   Train Loss: 0.0137
2025-09-12 13:49:52,243 - src.utils - INFO -   Val Loss: 0.0229
2025-09-12 13:49:52,243 - src.utils - INFO -   Val Accuracy: 0.9447
2025-09-12 13:49:52,243 - src.utils - INFO -   Epoch Time: 1.06h
2025-09-12 13:49:52,243 - src.utils - INFO - New best model! Accuracy: 0.9447
2025-09-12 13:49:54,034 - src.utils - ERROR - Training failed: [enforce fail at inline_container.cc:603] . unexpected pos 809841344 vs 809841232
2025-09-12 13:55:42,199 - src.utils - INFO - Starting training process...
2025-09-12 13:55:43,246 - src.utils - INFO - Loading dataset...
2025-09-12 13:55:44,213 - src.utils - INFO - Tokenizer loaded: UBC-NLP/MARBERT
2025-09-12 13:55:44,214 - src.utils - INFO - Loading cleaned dataset from CSV file...
2025-09-12 13:55:45,878 - src.utils - INFO - Successfully loaded 100000 samples from CSV
2025-09-12 13:55:45,878 - src.utils - INFO - Data split - Train: 70000, Val: 15000, Test: 15000
2025-09-12 13:55:45,880 - src.utils - INFO - After split - Train: 70000, Val: 15000, Test: 15000
2025-09-12 13:55:45,889 - src.utils - INFO - Train label distribution: {0: 67487, 1: 2513}
2025-09-12 13:55:45,889 - src.utils - INFO - Validation label distribution: {0: 14430, 1: 570}
2025-09-12 13:55:45,889 - src.utils - INFO - Test label distribution: {0: 14412, 1: 588}
2025-09-12 13:55:45,890 - src.utils - INFO - Dataset initialized with 70000 samples
2025-09-12 13:55:45,890 - src.utils - INFO - Dataset initialized with 15000 samples
2025-09-12 13:55:45,891 - src.utils - INFO - Dataset initialized with 15000 samples
2025-09-12 13:55:48,296 - src.utils - INFO - Created WeightedRandomSampler with class weights: [1.48176686e-05 3.97930760e-04]
2025-09-12 13:55:48,297 - src.utils - INFO - Class distribution: [67487  2513]
2025-09-12 13:55:48,299 - src.utils - INFO - Using WeightedRandomSampler for training
2025-09-12 13:55:48,299 - src.utils - INFO - DataLoaders created - Batch size: 12
2025-09-12 13:55:48,299 - src.utils - INFO - ==================================================
2025-09-12 13:55:48,300 - src.utils - INFO - DATASET INFORMATION
2025-09-12 13:55:48,300 - src.utils - INFO - ==================================================
2025-09-12 13:55:48,300 - src.utils - INFO - Training samples: 70000
2025-09-12 13:55:48,301 - src.utils - INFO - Validation samples: 15000
2025-09-12 13:55:48,301 - src.utils - INFO - Test samples: 15000
2025-09-12 13:55:48,301 - src.utils - INFO - Total samples: 100000
2025-09-12 13:55:48,301 - src.utils - INFO - Max sequence length: 64
2025-09-12 13:55:48,302 - src.utils - INFO - Batch size: 12
2025-09-12 13:55:48,302 - src.utils - INFO - ==================================================
2025-09-12 13:55:48,315 - src.utils - INFO - Mixed precision training enabled
2025-09-12 13:55:48,315 - src.utils - INFO - Trainer initialized on device: cuda
2025-09-12 13:55:48,315 - src.utils - INFO - Starting model training...
2025-09-12 13:55:52,168 - src.utils - INFO - Model initialized with 162842882 parameters
2025-09-12 13:55:52,170 - src.utils - INFO - Trainable parameters: 162842882
2025-09-12 13:55:52,170 - src.utils - INFO - Loss function: focal
2025-09-12 13:55:52,503 - src.utils - INFO - Model created and moved to cuda
2025-09-12 13:55:55,373 - src.utils - INFO - Model parameters: 162842882
2025-09-12 13:55:55,374 - src.utils - INFO - Optimizer: AdamW (lr=1e-05)
2025-09-12 13:55:55,374 - src.utils - INFO - Scheduler: Linear with warmup (100 steps)
2025-09-12 13:55:55,374 - src.utils - INFO - Starting training...
2025-09-12 13:55:55,376 - src.utils - INFO - Epochs: 3
2025-09-12 13:55:55,376 - src.utils - INFO - Batch size: 12
2025-09-12 13:55:55,376 - src.utils - INFO - Learning rate: 1e-05
2025-09-12 13:55:55,376 - src.utils - INFO - 
==================================================
2025-09-12 13:55:55,376 - src.utils - INFO - Epoch 1/3
2025-09-12 13:55:55,377 - src.utils - INFO - ==================================================
2025-09-12 13:56:19,093 - src.utils - INFO - Batch 100/5834 - Loss: 0.0322 - Avg Loss: 0.0437
2025-09-12 13:56:41,311 - src.utils - INFO - Batch 200/5834 - Loss: 0.0294 - Avg Loss: 0.0396
2025-09-12 13:57:03,781 - src.utils - INFO - Batch 300/5834 - Loss: 0.0240 - Avg Loss: 0.0381
2025-09-12 13:57:26,299 - src.utils - INFO - Batch 400/5834 - Loss: 0.0229 - Avg Loss: 0.0365
2025-09-12 13:57:48,750 - src.utils - INFO - Batch 500/5834 - Loss: 0.0104 - Avg Loss: 0.0349
2025-09-12 13:58:11,217 - src.utils - INFO - Batch 600/5834 - Loss: 0.0378 - Avg Loss: 0.0336
2025-09-12 13:58:33,937 - src.utils - INFO - Batch 700/5834 - Loss: 0.0214 - Avg Loss: 0.0322
2025-09-12 13:58:56,409 - src.utils - INFO - Batch 800/5834 - Loss: 0.0082 - Avg Loss: 0.0313
2025-09-12 13:59:18,788 - src.utils - INFO - Batch 900/5834 - Loss: 0.0263 - Avg Loss: 0.0303
2025-09-12 13:59:40,938 - src.utils - INFO - Batch 1000/5834 - Loss: 0.0238 - Avg Loss: 0.0297
2025-09-12 14:00:03,179 - src.utils - INFO - Batch 1100/5834 - Loss: 0.0225 - Avg Loss: 0.0288
2025-09-12 14:00:25,444 - src.utils - INFO - Batch 1200/5834 - Loss: 0.0213 - Avg Loss: 0.0281
2025-09-12 14:00:47,741 - src.utils - INFO - Batch 1300/5834 - Loss: 0.0037 - Avg Loss: 0.0273
2025-09-12 14:01:09,963 - src.utils - INFO - Batch 1400/5834 - Loss: 0.0175 - Avg Loss: 0.0265
2025-09-12 14:01:32,816 - src.utils - INFO - Batch 1500/5834 - Loss: 0.0142 - Avg Loss: 0.0259
2025-09-12 14:03:13,391 - src.utils - INFO - Batch 1600/5834 - Loss: 0.0116 - Avg Loss: 0.0252
2025-09-12 14:03:35,423 - src.utils - INFO - Batch 1700/5834 - Loss: 0.0079 - Avg Loss: 0.0245
2025-09-12 14:03:57,567 - src.utils - INFO - Batch 1800/5834 - Loss: 0.0034 - Avg Loss: 0.0240
2025-09-12 14:04:19,782 - src.utils - INFO - Batch 1900/5834 - Loss: 0.0029 - Avg Loss: 0.0235
2025-09-12 14:04:42,059 - src.utils - INFO - Batch 2000/5834 - Loss: 0.0045 - Avg Loss: 0.0230
2025-09-12 14:05:04,154 - src.utils - INFO - Batch 2100/5834 - Loss: 0.0218 - Avg Loss: 0.0226
2025-09-12 14:05:26,490 - src.utils - INFO - Batch 2200/5834 - Loss: 0.0193 - Avg Loss: 0.0222
2025-09-12 14:05:48,815 - src.utils - INFO - Batch 2300/5834 - Loss: 0.0055 - Avg Loss: 0.0218
2025-09-12 14:06:11,161 - src.utils - INFO - Batch 2400/5834 - Loss: 0.0047 - Avg Loss: 0.0214
2025-09-12 14:06:33,387 - src.utils - INFO - Batch 2500/5834 - Loss: 0.0011 - Avg Loss: 0.0210
2025-09-12 14:07:38,587 - src.utils - INFO - Batch 2600/5834 - Loss: 0.0445 - Avg Loss: 0.0206
2025-09-12 14:08:00,803 - src.utils - INFO - Batch 2700/5834 - Loss: 0.0022 - Avg Loss: 0.0204
2025-09-12 14:08:23,037 - src.utils - INFO - Batch 2800/5834 - Loss: 0.0061 - Avg Loss: 0.0200
2025-09-12 14:08:45,176 - src.utils - INFO - Batch 2900/5834 - Loss: 0.0010 - Avg Loss: 0.0197
2025-09-12 14:09:07,291 - src.utils - INFO - Batch 3000/5834 - Loss: 0.0190 - Avg Loss: 0.0194
2025-09-12 14:09:29,601 - src.utils - INFO - Batch 3100/5834 - Loss: 0.0054 - Avg Loss: 0.0191
2025-09-12 14:09:51,733 - src.utils - INFO - Batch 3200/5834 - Loss: 0.0020 - Avg Loss: 0.0188
2025-09-12 14:10:13,942 - src.utils - INFO - Batch 3300/5834 - Loss: 0.0009 - Avg Loss: 0.0185
2025-09-12 14:10:36,259 - src.utils - INFO - Batch 3400/5834 - Loss: 0.0012 - Avg Loss: 0.0183
2025-09-12 14:12:59,215 - src.utils - INFO - Batch 3500/5834 - Loss: 0.0619 - Avg Loss: 0.0181
2025-09-12 14:13:22,000 - src.utils - INFO - Batch 3600/5834 - Loss: 0.0148 - Avg Loss: 0.0178
2025-09-12 14:13:44,478 - src.utils - INFO - Batch 3700/5834 - Loss: 0.0013 - Avg Loss: 0.0176
2025-09-12 14:14:06,887 - src.utils - INFO - Batch 3800/5834 - Loss: 0.0341 - Avg Loss: 0.0173
2025-09-12 14:14:29,442 - src.utils - INFO - Batch 3900/5834 - Loss: 0.0003 - Avg Loss: 0.0171
2025-09-12 14:14:52,947 - src.utils - INFO - Batch 4000/5834 - Loss: 0.0405 - Avg Loss: 0.0169
2025-09-12 14:15:16,091 - src.utils - INFO - Batch 4100/5834 - Loss: 0.0012 - Avg Loss: 0.0167
2025-09-12 14:15:39,171 - src.utils - INFO - Batch 4200/5834 - Loss: 0.0013 - Avg Loss: 0.0165
2025-09-12 14:16:02,086 - src.utils - INFO - Batch 4300/5834 - Loss: 0.0227 - Avg Loss: 0.0163
2025-09-12 14:16:25,225 - src.utils - INFO - Batch 4400/5834 - Loss: 0.0007 - Avg Loss: 0.0161
2025-09-12 14:16:48,076 - src.utils - INFO - Batch 4500/5834 - Loss: 0.0005 - Avg Loss: 0.0159
2025-09-12 14:17:11,115 - src.utils - INFO - Batch 4600/5834 - Loss: 0.0008 - Avg Loss: 0.0157
2025-09-12 14:17:33,890 - src.utils - INFO - Batch 4700/5834 - Loss: 0.0235 - Avg Loss: 0.0156
2025-09-12 14:17:56,884 - src.utils - INFO - Batch 4800/5834 - Loss: 0.0013 - Avg Loss: 0.0153
2025-09-12 14:18:19,814 - src.utils - INFO - Batch 4900/5834 - Loss: 0.0006 - Avg Loss: 0.0152
2025-09-12 14:18:42,706 - src.utils - INFO - Batch 5000/5834 - Loss: 0.0029 - Avg Loss: 0.0150
2025-09-12 14:19:05,560 - src.utils - INFO - Batch 5100/5834 - Loss: 0.0007 - Avg Loss: 0.0149
2025-09-12 14:19:28,557 - src.utils - INFO - Batch 5200/5834 - Loss: 0.0016 - Avg Loss: 0.0147
2025-09-12 14:19:51,500 - src.utils - INFO - Batch 5300/5834 - Loss: 0.0072 - Avg Loss: 0.0146
2025-09-12 14:20:14,366 - src.utils - INFO - Batch 5400/5834 - Loss: 0.0004 - Avg Loss: 0.0144
2025-09-12 14:20:37,409 - src.utils - INFO - Batch 5500/5834 - Loss: 0.0023 - Avg Loss: 0.0142
2025-09-12 14:21:00,377 - src.utils - INFO - Batch 5600/5834 - Loss: 0.0003 - Avg Loss: 0.0141
2025-09-12 14:21:23,516 - src.utils - INFO - Batch 5700/5834 - Loss: 0.0010 - Avg Loss: 0.0139
2025-09-12 14:21:46,608 - src.utils - INFO - Batch 5800/5834 - Loss: 0.0002 - Avg Loss: 0.0138
2025-09-12 14:22:47,418 - src.utils - INFO - Epoch 1 Results:
2025-09-12 14:22:47,418 - src.utils - INFO -   Train Loss: 0.0137
2025-09-12 14:22:47,418 - src.utils - INFO -   Val Loss: 0.0229
2025-09-12 14:22:47,418 - src.utils - INFO -   Val Accuracy: 0.9447
2025-09-12 14:22:47,420 - src.utils - INFO -   Epoch Time: 26.87m
2025-09-12 14:22:47,420 - src.utils - INFO - New best model! Accuracy: 0.9447
2025-09-12 14:23:35,980 - src.utils - INFO - Best model saved at epoch 1 with accuracy 0.9447
2025-09-12 14:23:35,981 - src.utils - INFO - Model checkpoint saved for epoch 1
2025-09-12 14:23:35,981 - src.utils - INFO - 
==================================================
2025-09-12 14:23:35,981 - src.utils - INFO - Epoch 2/3
2025-09-12 14:23:35,981 - src.utils - INFO - ==================================================
2025-09-12 14:23:58,363 - src.utils - INFO - Batch 100/5834 - Loss: 0.0004 - Avg Loss: 0.0058
2025-09-12 14:24:20,987 - src.utils - INFO - Batch 200/5834 - Loss: 0.0015 - Avg Loss: 0.0058
2025-09-12 14:24:43,821 - src.utils - INFO - Batch 300/5834 - Loss: 0.0005 - Avg Loss: 0.0056
2025-09-12 14:25:06,717 - src.utils - INFO - Batch 400/5834 - Loss: 0.0001 - Avg Loss: 0.0052
2025-09-12 14:25:29,672 - src.utils - INFO - Batch 500/5834 - Loss: 0.0006 - Avg Loss: 0.0053
2025-09-12 14:25:52,872 - src.utils - INFO - Batch 600/5834 - Loss: 0.0094 - Avg Loss: 0.0052
2025-09-12 14:26:15,761 - src.utils - INFO - Batch 700/5834 - Loss: 0.0003 - Avg Loss: 0.0053
2025-09-12 14:26:38,795 - src.utils - INFO - Batch 800/5834 - Loss: 0.0009 - Avg Loss: 0.0052
2025-09-12 14:27:02,039 - src.utils - INFO - Batch 900/5834 - Loss: 0.0011 - Avg Loss: 0.0051
2025-09-12 14:27:25,037 - src.utils - INFO - Batch 1000/5834 - Loss: 0.0003 - Avg Loss: 0.0052
2025-09-12 14:27:48,027 - src.utils - INFO - Batch 1100/5834 - Loss: 0.0365 - Avg Loss: 0.0053
2025-09-12 14:28:11,279 - src.utils - INFO - Batch 1200/5834 - Loss: 0.0004 - Avg Loss: 0.0051
2025-09-12 14:28:34,269 - src.utils - INFO - Batch 1300/5834 - Loss: 0.0001 - Avg Loss: 0.0050
2025-09-12 14:28:57,259 - src.utils - INFO - Batch 1400/5834 - Loss: 0.0198 - Avg Loss: 0.0048
2025-09-12 14:29:20,324 - src.utils - INFO - Batch 1500/5834 - Loss: 0.0007 - Avg Loss: 0.0048
2025-09-12 14:29:43,279 - src.utils - INFO - Batch 1600/5834 - Loss: 0.0038 - Avg Loss: 0.0048
2025-09-12 14:30:06,770 - src.utils - INFO - Batch 1700/5834 - Loss: 0.0005 - Avg Loss: 0.0048
2025-09-12 14:30:29,927 - src.utils - INFO - Batch 1800/5834 - Loss: 0.0001 - Avg Loss: 0.0047
2025-09-12 14:30:52,910 - src.utils - INFO - Batch 1900/5834 - Loss: 0.0025 - Avg Loss: 0.0046
2025-09-12 14:31:15,988 - src.utils - INFO - Batch 2000/5834 - Loss: 0.0004 - Avg Loss: 0.0045
2025-09-12 14:31:38,858 - src.utils - INFO - Batch 2100/5834 - Loss: 0.0002 - Avg Loss: 0.0045
2025-09-12 14:32:01,863 - src.utils - INFO - Batch 2200/5834 - Loss: 0.0002 - Avg Loss: 0.0044
2025-09-12 14:32:24,989 - src.utils - INFO - Batch 2300/5834 - Loss: 0.0002 - Avg Loss: 0.0044
2025-09-12 14:32:48,027 - src.utils - INFO - Batch 2400/5834 - Loss: 0.0253 - Avg Loss: 0.0044
2025-09-12 14:33:11,310 - src.utils - INFO - Batch 2500/5834 - Loss: 0.0002 - Avg Loss: 0.0044
2025-09-12 14:33:34,430 - src.utils - INFO - Batch 2600/5834 - Loss: 0.0001 - Avg Loss: 0.0044
2025-09-12 14:33:57,383 - src.utils - INFO - Batch 2700/5834 - Loss: 0.0234 - Avg Loss: 0.0044
2025-09-12 14:34:20,346 - src.utils - INFO - Batch 2800/5834 - Loss: 0.0001 - Avg Loss: 0.0043
2025-09-12 14:34:43,144 - src.utils - INFO - Batch 2900/5834 - Loss: 0.0000 - Avg Loss: 0.0043
2025-09-12 14:35:06,060 - src.utils - INFO - Batch 3000/5834 - Loss: 0.0002 - Avg Loss: 0.0042
2025-09-12 14:35:29,071 - src.utils - INFO - Batch 3100/5834 - Loss: 0.0002 - Avg Loss: 0.0042
2025-09-12 14:35:52,459 - src.utils - INFO - Batch 3200/5834 - Loss: 0.0001 - Avg Loss: 0.0042
2025-09-12 14:36:15,901 - src.utils - INFO - Batch 3300/5834 - Loss: 0.0002 - Avg Loss: 0.0041
2025-09-12 14:36:38,494 - src.utils - INFO - Batch 3400/5834 - Loss: 0.0002 - Avg Loss: 0.0041
2025-09-12 14:37:00,956 - src.utils - INFO - Batch 3500/5834 - Loss: 0.0002 - Avg Loss: 0.0041
2025-09-12 14:37:23,588 - src.utils - INFO - Batch 3600/5834 - Loss: 0.0003 - Avg Loss: 0.0041
2025-09-12 14:37:46,267 - src.utils - INFO - Batch 3700/5834 - Loss: 0.0001 - Avg Loss: 0.0040
2025-09-12 14:38:08,874 - src.utils - INFO - Batch 3800/5834 - Loss: 0.0002 - Avg Loss: 0.0040
2025-09-12 14:38:31,388 - src.utils - INFO - Batch 3900/5834 - Loss: 0.0288 - Avg Loss: 0.0040
2025-09-12 14:38:53,938 - src.utils - INFO - Batch 4000/5834 - Loss: 0.0034 - Avg Loss: 0.0039
2025-09-12 14:39:16,464 - src.utils - INFO - Batch 4100/5834 - Loss: 0.0003 - Avg Loss: 0.0039
2025-09-12 14:48:14,012 - src.utils - INFO - Batch 4200/5834 - Loss: 0.0001 - Avg Loss: 0.0039
2025-09-12 14:48:36,076 - src.utils - INFO - Batch 4300/5834 - Loss: 0.0003 - Avg Loss: 0.0039
2025-09-12 14:48:58,475 - src.utils - INFO - Batch 4400/5834 - Loss: 0.0007 - Avg Loss: 0.0039
2025-09-12 14:49:21,936 - src.utils - INFO - Batch 4500/5834 - Loss: 0.0004 - Avg Loss: 0.0038
2025-09-12 14:49:44,712 - src.utils - INFO - Batch 4600/5834 - Loss: 0.0000 - Avg Loss: 0.0038
2025-09-12 14:50:07,323 - src.utils - INFO - Batch 4700/5834 - Loss: 0.0001 - Avg Loss: 0.0038
2025-09-12 14:50:30,408 - src.utils - INFO - Batch 4800/5834 - Loss: 0.0001 - Avg Loss: 0.0038
2025-09-12 14:50:53,273 - src.utils - INFO - Batch 4900/5834 - Loss: 0.0022 - Avg Loss: 0.0038
2025-09-12 14:51:16,210 - src.utils - INFO - Batch 5000/5834 - Loss: 0.0000 - Avg Loss: 0.0037
2025-09-12 14:51:39,361 - src.utils - INFO - Batch 5100/5834 - Loss: 0.0001 - Avg Loss: 0.0037
2025-09-12 14:52:02,237 - src.utils - INFO - Batch 5200/5834 - Loss: 0.0003 - Avg Loss: 0.0037
2025-09-12 14:52:25,072 - src.utils - INFO - Batch 5300/5834 - Loss: 0.0002 - Avg Loss: 0.0037
2025-09-12 14:52:48,054 - src.utils - INFO - Batch 5400/5834 - Loss: 0.0002 - Avg Loss: 0.0036
2025-09-12 14:53:11,224 - src.utils - INFO - Batch 5500/5834 - Loss: 0.0000 - Avg Loss: 0.0036
2025-09-12 14:53:34,415 - src.utils - INFO - Batch 5600/5834 - Loss: 0.0001 - Avg Loss: 0.0036
2025-09-12 14:53:57,618 - src.utils - INFO - Batch 5700/5834 - Loss: 0.0001 - Avg Loss: 0.0036
2025-09-12 14:54:21,360 - src.utils - INFO - Batch 5800/5834 - Loss: 0.0000 - Avg Loss: 0.0035
2025-09-12 14:55:23,813 - src.utils - INFO - Epoch 2 Results:
2025-09-12 14:55:23,813 - src.utils - INFO -   Train Loss: 0.0035
2025-09-12 14:55:23,813 - src.utils - INFO -   Val Loss: 0.0236
2025-09-12 14:55:23,815 - src.utils - INFO -   Val Accuracy: 0.9625
2025-09-12 14:55:23,815 - src.utils - INFO -   Epoch Time: 31.80m
2025-09-12 14:55:23,815 - src.utils - INFO - New best model! Accuracy: 0.9625
2025-09-12 14:55:28,963 - src.utils - ERROR - Training failed: [enforce fail at inline_container.cc:603] . unexpected pos 1722741056 vs 1722740948
2025-09-12 14:56:43,279 - src.utils - INFO - Starting evaluation process...
2025-09-12 14:56:43,279 - src.utils - INFO - Loading dataset...
2025-09-12 14:56:44,225 - src.utils - INFO - Tokenizer loaded: UBC-NLP/MARBERT
2025-09-12 14:56:44,225 - src.utils - INFO - Loading cleaned dataset from CSV file...
2025-09-12 14:56:45,889 - src.utils - INFO - Successfully loaded 100000 samples from CSV
2025-09-12 14:56:45,890 - src.utils - INFO - Data split - Train: 70000, Val: 15000, Test: 15000
2025-09-12 14:56:45,892 - src.utils - INFO - After split - Train: 70000, Val: 15000, Test: 15000
2025-09-12 14:56:45,898 - src.utils - INFO - Train label distribution: {0: 67487, 1: 2513}
2025-09-12 14:56:45,898 - src.utils - INFO - Validation label distribution: {0: 14430, 1: 570}
2025-09-12 14:56:45,899 - src.utils - INFO - Test label distribution: {0: 14412, 1: 588}
2025-09-12 14:56:45,899 - src.utils - INFO - Dataset initialized with 70000 samples
2025-09-12 14:56:45,899 - src.utils - INFO - Dataset initialized with 15000 samples
2025-09-12 14:56:45,900 - src.utils - INFO - Dataset initialized with 15000 samples
2025-09-12 14:56:49,379 - src.utils - INFO - Created WeightedRandomSampler with class weights: [1.48176686e-05 3.97930760e-04]
2025-09-12 14:56:49,380 - src.utils - INFO - Class distribution: [67487  2513]
2025-09-12 14:56:49,382 - src.utils - INFO - Using WeightedRandomSampler for training
2025-09-12 14:56:49,383 - src.utils - INFO - DataLoaders created - Batch size: 12
2025-09-12 14:56:49,383 - src.utils - INFO - Evaluator initialized on device: cuda
2025-09-12 14:56:49,383 - src.utils - INFO - Starting model evaluation...
2025-09-12 14:56:53,583 - src.utils - INFO - Model initialized with 162842882 parameters
2025-09-12 14:56:53,586 - src.utils - INFO - Trainable parameters: 162842882
2025-09-12 14:56:53,586 - src.utils - INFO - Loss function: focal
2025-09-12 14:56:53,983 - src.utils - INFO - Model created and moved to cuda
2025-09-12 14:56:57,767 - src.utils - INFO - Model loaded from C:\deep learning\Balanced data\models\best_marbert_model.pt
2025-09-12 14:56:57,768 - src.utils - INFO - Epoch: 1, Loss: 0.0229, Accuracy: 0.9447
2025-09-12 14:56:57,770 - src.utils - INFO - Best model loaded successfully
2025-09-12 14:56:57,772 - src.utils - INFO - Starting evaluation...
2025-09-12 14:56:57,772 - src.utils - INFO - Using threshold: 0.2
2025-09-12 14:58:44,136 - src.utils - INFO - 
==================================================
2025-09-12 14:58:44,138 - src.utils - INFO - EVALUATION RESULTS
2025-09-12 14:58:44,138 - src.utils - INFO - ==================================================
2025-09-12 14:58:44,138 - src.utils - INFO - Test Loss: 0.0243
2025-09-12 14:58:44,138 - src.utils - INFO - Accuracy: 0.9271
2025-09-12 14:58:44,139 - src.utils - INFO - Precision: 0.9567
2025-09-12 14:58:44,139 - src.utils - INFO - Recall: 0.9271
2025-09-12 14:58:44,139 - src.utils - INFO - F1-Score: 0.9392
2025-09-12 14:58:44,140 - src.utils - INFO - Threshold: 0.2000
2025-09-12 14:58:44,140 - src.utils - INFO - ==================================================
2025-09-12 14:58:44,144 - src.utils - INFO - 
Detailed Classification Report:
2025-09-12 14:58:44,144 - src.utils - INFO - --------------------------------------------------
2025-09-12 14:58:45,349 - src.utils - INFO - Confusion matrix saved to: C:\deep learning\Balanced data\results/confusion_matrix.png
2025-09-12 14:58:45,531 - src.utils - ERROR - Evaluation failed: Object of type int32 is not JSON serializable
2025-09-12 15:08:34,381 - src.utils - INFO - Starting training process...
2025-09-12 15:08:35,451 - src.utils - INFO - Loading dataset...
2025-09-12 15:08:36,274 - src.utils - INFO - Tokenizer loaded: UBC-NLP/MARBERT
2025-09-12 15:08:36,275 - src.utils - INFO - Loading cleaned dataset from CSV file...
2025-09-12 15:08:37,891 - src.utils - INFO - Successfully loaded 50000 samples from CSV
2025-09-12 15:08:37,892 - src.utils - INFO - Data split - Train: 35000, Val: 7500, Test: 7500
2025-09-12 15:08:37,893 - src.utils - INFO - After split - Train: 35000, Val: 7500, Test: 7500
2025-09-12 15:08:37,897 - src.utils - INFO - Train label distribution: {0: 33735, 1: 1265}
2025-09-12 15:08:37,897 - src.utils - INFO - Validation label distribution: {0: 7216, 1: 284}
2025-09-12 15:08:37,897 - src.utils - INFO - Test label distribution: {0: 7250, 1: 250}
2025-09-12 15:08:37,898 - src.utils - INFO - Dataset initialized with 35000 samples
2025-09-12 15:08:37,899 - src.utils - INFO - Dataset initialized with 7500 samples
2025-09-12 15:08:37,899 - src.utils - INFO - Dataset initialized with 7500 samples
2025-09-12 15:08:39,222 - src.utils - INFO - Created WeightedRandomSampler with class weights: [2.96428042e-05 7.90513834e-04]
2025-09-12 15:08:39,223 - src.utils - INFO - Class distribution: [33735  1265]
2025-09-12 15:08:39,224 - src.utils - INFO - Using WeightedRandomSampler for training
2025-09-12 15:08:39,224 - src.utils - INFO - DataLoaders created - Batch size: 12
2025-09-12 15:08:39,225 - src.utils - INFO - ==================================================
2025-09-12 15:08:39,225 - src.utils - INFO - DATASET INFORMATION
2025-09-12 15:08:39,225 - src.utils - INFO - ==================================================
2025-09-12 15:08:39,225 - src.utils - INFO - Training samples: 35000
2025-09-12 15:08:39,226 - src.utils - INFO - Validation samples: 7500
2025-09-12 15:08:39,226 - src.utils - INFO - Test samples: 7500
2025-09-12 15:08:39,226 - src.utils - INFO - Total samples: 50000
2025-09-12 15:08:39,227 - src.utils - INFO - Max sequence length: 64
2025-09-12 15:08:39,227 - src.utils - INFO - Batch size: 12
2025-09-12 15:08:39,227 - src.utils - INFO - ==================================================
2025-09-12 15:08:39,241 - src.utils - INFO - Mixed precision training enabled
2025-09-12 15:08:39,242 - src.utils - INFO - Trainer initialized on device: cuda
2025-09-12 15:08:39,242 - src.utils - INFO - Starting model training...
2025-09-12 15:08:42,206 - src.utils - INFO - Model initialized with 162842882 parameters
2025-09-12 15:08:42,208 - src.utils - INFO - Trainable parameters: 162842882
2025-09-12 15:08:42,208 - src.utils - INFO - Loss function: focal
2025-09-12 15:08:42,535 - src.utils - INFO - Model created and moved to cuda
2025-09-12 15:08:44,961 - src.utils - INFO - Model parameters: 162842882
2025-09-12 15:08:44,961 - src.utils - INFO - Optimizer: AdamW (lr=1e-05)
2025-09-12 15:08:44,962 - src.utils - INFO - Scheduler: Linear with warmup (100 steps)
2025-09-12 15:08:44,962 - src.utils - INFO - Starting training...
2025-09-12 15:08:44,962 - src.utils - INFO - Epochs: 3
2025-09-12 15:08:44,962 - src.utils - INFO - Batch size: 12
2025-09-12 15:08:44,962 - src.utils - INFO - Learning rate: 1e-05
2025-09-12 15:08:44,963 - src.utils - INFO - 
==================================================
2025-09-12 15:08:44,963 - src.utils - INFO - Epoch 1/3
2025-09-12 15:08:44,963 - src.utils - INFO - ==================================================
2025-09-12 15:09:57,342 - src.utils - INFO - Starting training process...
2025-09-12 15:09:58,367 - src.utils - INFO - Loading dataset...
2025-09-12 15:09:59,417 - src.utils - INFO - Tokenizer loaded: UBC-NLP/MARBERT
2025-09-12 15:09:59,417 - src.utils - INFO - Loading cleaned dataset from CSV file...
2025-09-12 15:10:01,092 - src.utils - INFO - Successfully loaded 50000 samples from CSV
2025-09-12 15:10:01,093 - src.utils - INFO - Data split - Train: 35000, Val: 7500, Test: 7500
2025-09-12 15:10:01,093 - src.utils - INFO - After split - Train: 35000, Val: 7500, Test: 7500
2025-09-12 15:10:01,098 - src.utils - INFO - Train label distribution: {0: 33735, 1: 1265}
2025-09-12 15:10:01,098 - src.utils - INFO - Validation label distribution: {0: 7216, 1: 284}
2025-09-12 15:10:01,098 - src.utils - INFO - Test label distribution: {0: 7250, 1: 250}
2025-09-12 15:10:01,099 - src.utils - INFO - Dataset initialized with 35000 samples
2025-09-12 15:10:01,099 - src.utils - INFO - Dataset initialized with 7500 samples
2025-09-12 15:10:01,100 - src.utils - INFO - Dataset initialized with 7500 samples
2025-09-12 15:10:02,303 - src.utils - INFO - Created WeightedRandomSampler with class weights: [2.96428042e-05 7.90513834e-04]
2025-09-12 15:10:02,303 - src.utils - INFO - Class distribution: [33735  1265]
2025-09-12 15:10:02,305 - src.utils - INFO - Using WeightedRandomSampler for training
2025-09-12 15:10:02,305 - src.utils - INFO - DataLoaders created - Batch size: 12
2025-09-12 15:10:02,306 - src.utils - INFO - ==================================================
2025-09-12 15:10:02,306 - src.utils - INFO - DATASET INFORMATION
2025-09-12 15:10:02,306 - src.utils - INFO - ==================================================
2025-09-12 15:10:02,306 - src.utils - INFO - Training samples: 35000
2025-09-12 15:10:02,307 - src.utils - INFO - Validation samples: 7500
2025-09-12 15:10:02,307 - src.utils - INFO - Test samples: 7500
2025-09-12 15:10:02,307 - src.utils - INFO - Total samples: 50000
2025-09-12 15:10:02,307 - src.utils - INFO - Max sequence length: 64
2025-09-12 15:10:02,307 - src.utils - INFO - Batch size: 12
2025-09-12 15:10:02,307 - src.utils - INFO - ==================================================
2025-09-12 15:10:02,318 - src.utils - INFO - Mixed precision training enabled
2025-09-12 15:10:02,319 - src.utils - INFO - Trainer initialized on device: cuda
2025-09-12 15:10:02,319 - src.utils - INFO - Starting model training...
2025-09-12 15:10:05,458 - src.utils - INFO - Model initialized with 162842882 parameters
2025-09-12 15:10:05,460 - src.utils - INFO - Trainable parameters: 162842882
2025-09-12 15:10:05,460 - src.utils - INFO - Loss function: focal
2025-09-12 15:10:05,815 - src.utils - INFO - Model created and moved to cuda
2025-09-12 15:10:08,245 - src.utils - INFO - Model parameters: 162842882
2025-09-12 15:10:08,246 - src.utils - INFO - Optimizer: AdamW (lr=5e-06)
2025-09-12 15:10:08,246 - src.utils - INFO - Scheduler: Linear with warmup (100 steps)
2025-09-12 15:10:08,246 - src.utils - INFO - Starting training...
2025-09-12 15:10:08,247 - src.utils - INFO - Epochs: 4
2025-09-12 15:10:08,247 - src.utils - INFO - Batch size: 12
2025-09-12 15:10:08,247 - src.utils - INFO - Learning rate: 5e-06
2025-09-12 15:10:08,247 - src.utils - INFO - 
==================================================
2025-09-12 15:10:08,248 - src.utils - INFO - Epoch 1/4
2025-09-12 15:10:08,248 - src.utils - INFO - ==================================================
2025-09-12 15:10:30,959 - src.utils - INFO - Batch 100/2917 - Loss: 0.0116 - Avg Loss: 0.0130
2025-09-12 15:11:06,683 - src.utils - INFO - Starting training process...
2025-09-12 15:11:07,740 - src.utils - INFO - Loading dataset...
2025-09-12 15:11:09,028 - src.utils - INFO - Tokenizer loaded: UBC-NLP/MARBERT
2025-09-12 15:11:09,028 - src.utils - INFO - Loading cleaned dataset from CSV file...
2025-09-12 15:11:10,838 - src.utils - INFO - Successfully loaded 50000 samples from CSV
2025-09-12 15:11:10,839 - src.utils - INFO - Data split - Train: 35000, Val: 7500, Test: 7500
2025-09-12 15:11:10,840 - src.utils - INFO - After split - Train: 35000, Val: 7500, Test: 7500
2025-09-12 15:11:10,843 - src.utils - INFO - Train label distribution: {0: 33735, 1: 1265}
2025-09-12 15:11:10,845 - src.utils - INFO - Validation label distribution: {0: 7216, 1: 284}
2025-09-12 15:11:10,845 - src.utils - INFO - Test label distribution: {0: 7250, 1: 250}
2025-09-12 15:11:10,845 - src.utils - INFO - Dataset initialized with 35000 samples
2025-09-12 15:11:10,846 - src.utils - INFO - Dataset initialized with 7500 samples
2025-09-12 15:11:10,846 - src.utils - INFO - Dataset initialized with 7500 samples
2025-09-12 15:11:12,261 - src.utils - INFO - Created WeightedRandomSampler with class weights: [2.96428042e-05 7.90513834e-04]
2025-09-12 15:11:12,262 - src.utils - INFO - Class distribution: [33735  1265]
2025-09-12 15:11:12,263 - src.utils - INFO - Using WeightedRandomSampler for training
2025-09-12 15:11:12,264 - src.utils - INFO - DataLoaders created - Batch size: 12
2025-09-12 15:11:12,264 - src.utils - INFO - ==================================================
2025-09-12 15:11:12,265 - src.utils - INFO - DATASET INFORMATION
2025-09-12 15:11:12,265 - src.utils - INFO - ==================================================
2025-09-12 15:11:12,265 - src.utils - INFO - Training samples: 35000
2025-09-12 15:11:12,266 - src.utils - INFO - Validation samples: 7500
2025-09-12 15:11:12,266 - src.utils - INFO - Test samples: 7500
2025-09-12 15:11:12,266 - src.utils - INFO - Total samples: 50000
2025-09-12 15:11:12,266 - src.utils - INFO - Max sequence length: 64
2025-09-12 15:11:12,267 - src.utils - INFO - Batch size: 12
2025-09-12 15:11:12,267 - src.utils - INFO - ==================================================
2025-09-12 15:11:12,279 - src.utils - INFO - Mixed precision training enabled
2025-09-12 15:11:12,279 - src.utils - INFO - Trainer initialized on device: cuda
2025-09-12 15:11:12,280 - src.utils - INFO - Starting model training...
2025-09-12 15:11:15,094 - src.utils - INFO - Model initialized with 162842882 parameters
2025-09-12 15:11:15,095 - src.utils - INFO - Trainable parameters: 162842882
2025-09-12 15:11:15,096 - src.utils - INFO - Loss function: focal
2025-09-12 15:11:15,425 - src.utils - INFO - Model created and moved to cuda
2025-09-12 15:11:18,119 - src.utils - INFO - Model parameters: 162842882
2025-09-12 15:11:18,119 - src.utils - INFO - Optimizer: AdamW (lr=5e-06)
2025-09-12 15:11:18,119 - src.utils - INFO - Scheduler: Linear with warmup (100 steps)
2025-09-12 15:11:18,120 - src.utils - INFO - Starting training...
2025-09-12 15:11:18,120 - src.utils - INFO - Epochs: 3
2025-09-12 15:11:18,120 - src.utils - INFO - Batch size: 12
2025-09-12 15:11:18,120 - src.utils - INFO - Learning rate: 5e-06
2025-09-12 15:11:18,122 - src.utils - INFO - 
==================================================
2025-09-12 15:11:18,122 - src.utils - INFO - Epoch 1/3
2025-09-12 15:11:18,122 - src.utils - INFO - ==================================================
2025-09-12 15:11:41,552 - src.utils - INFO - Batch 100/2917 - Loss: 0.0116 - Avg Loss: 0.0130
2025-09-12 15:12:04,195 - src.utils - INFO - Batch 200/2917 - Loss: 0.0156 - Avg Loss: 0.0116
2025-09-12 15:12:27,086 - src.utils - INFO - Batch 300/2917 - Loss: 0.0072 - Avg Loss: 0.0109
2025-09-12 15:12:49,687 - src.utils - INFO - Batch 400/2917 - Loss: 0.0048 - Avg Loss: 0.0104
2025-09-12 15:13:12,452 - src.utils - INFO - Batch 500/2917 - Loss: 0.0112 - Avg Loss: 0.0099
2025-09-12 15:13:35,263 - src.utils - INFO - Batch 600/2917 - Loss: 0.0084 - Avg Loss: 0.0094
2025-09-12 15:13:58,049 - src.utils - INFO - Batch 700/2917 - Loss: 0.0112 - Avg Loss: 0.0090
2025-09-12 15:14:20,548 - src.utils - INFO - Batch 800/2917 - Loss: 0.0064 - Avg Loss: 0.0087
2025-09-12 15:14:42,962 - src.utils - INFO - Batch 900/2917 - Loss: 0.0069 - Avg Loss: 0.0083
2025-09-12 15:15:05,656 - src.utils - INFO - Batch 1000/2917 - Loss: 0.0039 - Avg Loss: 0.0080
2025-09-12 15:15:29,644 - src.utils - INFO - Batch 1100/2917 - Loss: 0.0058 - Avg Loss: 0.0077
2025-09-12 15:15:52,291 - src.utils - INFO - Batch 1200/2917 - Loss: 0.0029 - Avg Loss: 0.0075
2025-09-12 15:16:14,848 - src.utils - INFO - Batch 1300/2917 - Loss: 0.0099 - Avg Loss: 0.0072
2025-09-12 15:16:37,244 - src.utils - INFO - Batch 1400/2917 - Loss: 0.0057 - Avg Loss: 0.0070
2025-09-12 15:16:59,651 - src.utils - INFO - Batch 1500/2917 - Loss: 0.0016 - Avg Loss: 0.0067
2025-09-12 15:17:21,947 - src.utils - INFO - Batch 1600/2917 - Loss: 0.0025 - Avg Loss: 0.0065
2025-09-12 15:17:44,318 - src.utils - INFO - Batch 1700/2917 - Loss: 0.0014 - Avg Loss: 0.0063
2025-09-12 15:18:05,321 - src.utils - INFO - Batch 1800/2917 - Loss: 0.0008 - Avg Loss: 0.0061
2025-09-12 15:18:23,045 - src.utils - INFO - Batch 1900/2917 - Loss: 0.0039 - Avg Loss: 0.0060
2025-09-12 15:18:40,809 - src.utils - INFO - Batch 2000/2917 - Loss: 0.0010 - Avg Loss: 0.0058
2025-09-12 15:18:58,623 - src.utils - INFO - Batch 2100/2917 - Loss: 0.0005 - Avg Loss: 0.0057
2025-09-12 15:19:16,428 - src.utils - INFO - Batch 2200/2917 - Loss: 0.0004 - Avg Loss: 0.0055
2025-09-12 15:19:34,242 - src.utils - INFO - Batch 2300/2917 - Loss: 0.0008 - Avg Loss: 0.0054
2025-09-12 15:19:52,095 - src.utils - INFO - Batch 2400/2917 - Loss: 0.0010 - Avg Loss: 0.0053
2025-09-12 15:20:09,937 - src.utils - INFO - Batch 2500/2917 - Loss: 0.0017 - Avg Loss: 0.0051
2025-09-12 15:20:27,791 - src.utils - INFO - Batch 2600/2917 - Loss: 0.0014 - Avg Loss: 0.0050
2025-09-12 15:20:45,653 - src.utils - INFO - Batch 2700/2917 - Loss: 0.0003 - Avg Loss: 0.0049
2025-09-12 15:21:03,599 - src.utils - INFO - Batch 2800/2917 - Loss: 0.0001 - Avg Loss: 0.0048
2025-09-12 15:21:21,466 - src.utils - INFO - Batch 2900/2917 - Loss: 0.0010 - Avg Loss: 0.0047
2025-09-12 15:21:43,146 - src.utils - INFO - Epoch 1 Results:
2025-09-12 15:21:43,146 - src.utils - INFO -   Train Loss: 0.0047
2025-09-12 15:21:43,146 - src.utils - INFO -   Val Loss: 0.0066
2025-09-12 15:21:43,146 - src.utils - INFO -   Val Accuracy: 0.9308
2025-09-12 15:21:43,146 - src.utils - INFO -   Epoch Time: 10.42m
2025-09-12 15:21:43,147 - src.utils - INFO - New best model! Accuracy: 0.9308
2025-09-12 15:21:54,221 - src.utils - INFO - Best model saved at epoch 1 with accuracy 0.9308
2025-09-12 15:21:54,221 - src.utils - INFO - Model checkpoint saved for epoch 1
2025-09-12 15:21:54,221 - src.utils - INFO - 
==================================================
2025-09-12 15:21:54,222 - src.utils - INFO - Epoch 2/3
2025-09-12 15:21:54,222 - src.utils - INFO - ==================================================
2025-09-12 15:22:12,349 - src.utils - INFO - Batch 100/2917 - Loss: 0.0005 - Avg Loss: 0.0013
2025-09-12 15:22:30,159 - src.utils - INFO - Batch 200/2917 - Loss: 0.0001 - Avg Loss: 0.0013
2025-09-12 15:22:48,046 - src.utils - INFO - Batch 300/2917 - Loss: 0.0003 - Avg Loss: 0.0013
2025-09-12 15:23:06,104 - src.utils - INFO - Batch 400/2917 - Loss: 0.0000 - Avg Loss: 0.0014
2025-09-12 15:23:23,959 - src.utils - INFO - Batch 500/2917 - Loss: 0.0001 - Avg Loss: 0.0013
2025-09-12 15:23:41,770 - src.utils - INFO - Batch 600/2917 - Loss: 0.0005 - Avg Loss: 0.0014
2025-09-12 15:23:59,589 - src.utils - INFO - Batch 700/2917 - Loss: 0.0009 - Avg Loss: 0.0014
2025-09-12 15:24:17,428 - src.utils - INFO - Batch 800/2917 - Loss: 0.0006 - Avg Loss: 0.0014
2025-09-12 15:24:35,271 - src.utils - INFO - Batch 900/2917 - Loss: 0.0004 - Avg Loss: 0.0013
2025-09-12 15:24:53,127 - src.utils - INFO - Batch 1000/2917 - Loss: 0.0001 - Avg Loss: 0.0013
2025-09-12 15:25:10,990 - src.utils - INFO - Batch 1100/2917 - Loss: 0.0027 - Avg Loss: 0.0013
2025-09-12 15:25:28,866 - src.utils - INFO - Batch 1200/2917 - Loss: 0.0007 - Avg Loss: 0.0013
2025-09-12 15:25:46,660 - src.utils - INFO - Batch 1300/2917 - Loss: 0.0011 - Avg Loss: 0.0013
2025-09-12 15:26:04,547 - src.utils - INFO - Batch 1400/2917 - Loss: 0.0002 - Avg Loss: 0.0013
2025-09-12 15:26:22,434 - src.utils - INFO - Batch 1500/2917 - Loss: 0.0002 - Avg Loss: 0.0012
2025-09-12 15:26:40,331 - src.utils - INFO - Batch 1600/2917 - Loss: 0.0002 - Avg Loss: 0.0012
2025-09-12 15:26:58,223 - src.utils - INFO - Batch 1700/2917 - Loss: 0.0037 - Avg Loss: 0.0012
2025-09-12 15:27:16,119 - src.utils - INFO - Batch 1800/2917 - Loss: 0.0001 - Avg Loss: 0.0011
2025-09-12 15:27:33,975 - src.utils - INFO - Batch 1900/2917 - Loss: 0.0013 - Avg Loss: 0.0011
2025-09-12 15:27:51,834 - src.utils - INFO - Batch 2000/2917 - Loss: 0.0018 - Avg Loss: 0.0011
2025-09-12 15:28:09,712 - src.utils - INFO - Batch 2100/2917 - Loss: 0.0000 - Avg Loss: 0.0011
2025-09-12 15:28:27,578 - src.utils - INFO - Batch 2200/2917 - Loss: 0.0001 - Avg Loss: 0.0011
2025-09-12 15:28:45,526 - src.utils - INFO - Batch 2300/2917 - Loss: 0.0003 - Avg Loss: 0.0011
2025-09-12 15:29:03,461 - src.utils - INFO - Batch 2400/2917 - Loss: 0.0000 - Avg Loss: 0.0010
2025-09-12 15:29:21,517 - src.utils - INFO - Batch 2500/2917 - Loss: 0.0000 - Avg Loss: 0.0010
2025-09-12 15:29:39,395 - src.utils - INFO - Batch 2600/2917 - Loss: 0.0002 - Avg Loss: 0.0010
2025-09-12 15:29:57,261 - src.utils - INFO - Batch 2700/2917 - Loss: 0.0050 - Avg Loss: 0.0010
2025-09-12 15:30:15,174 - src.utils - INFO - Batch 2800/2917 - Loss: 0.0000 - Avg Loss: 0.0010
2025-09-12 15:30:33,099 - src.utils - INFO - Batch 2900/2917 - Loss: 0.0000 - Avg Loss: 0.0010
2025-09-12 15:30:54,568 - src.utils - INFO - Epoch 2 Results:
2025-09-12 15:30:54,568 - src.utils - INFO -   Train Loss: 0.0010
2025-09-12 15:30:54,568 - src.utils - INFO -   Val Loss: 0.0084
2025-09-12 15:30:54,568 - src.utils - INFO -   Val Accuracy: 0.9505
2025-09-12 15:30:54,568 - src.utils - INFO -   Epoch Time: 9.01m
2025-09-12 15:30:54,569 - src.utils - INFO - New best model! Accuracy: 0.9505
2025-09-12 15:30:56,159 - src.utils - ERROR - Training failed: [enforce fail at inline_container.cc:603] . unexpected pos 1134386496 vs 1134386384
2025-09-12 15:31:13,758 - src.utils - INFO - Starting evaluation process...
2025-09-12 15:31:13,758 - src.utils - INFO - Loading dataset...
2025-09-12 15:31:14,402 - src.utils - INFO - Tokenizer loaded: UBC-NLP/MARBERT
2025-09-12 15:31:14,402 - src.utils - INFO - Loading cleaned dataset from CSV file...
2025-09-12 15:31:15,148 - src.utils - INFO - Successfully loaded 50000 samples from CSV
2025-09-12 15:31:15,148 - src.utils - INFO - Data split - Train: 35000, Val: 7500, Test: 7500
2025-09-12 15:31:15,149 - src.utils - INFO - After split - Train: 35000, Val: 7500, Test: 7500
2025-09-12 15:31:15,152 - src.utils - INFO - Train label distribution: {0: 33735, 1: 1265}
2025-09-12 15:31:15,152 - src.utils - INFO - Validation label distribution: {0: 7216, 1: 284}
2025-09-12 15:31:15,152 - src.utils - INFO - Test label distribution: {0: 7250, 1: 250}
2025-09-12 15:31:15,152 - src.utils - INFO - Dataset initialized with 35000 samples
2025-09-12 15:31:15,152 - src.utils - INFO - Dataset initialized with 7500 samples
2025-09-12 15:31:15,152 - src.utils - INFO - Dataset initialized with 7500 samples
2025-09-12 15:31:15,707 - src.utils - INFO - Created WeightedRandomSampler with class weights: [2.96428042e-05 7.90513834e-04]
2025-09-12 15:31:15,708 - src.utils - INFO - Class distribution: [33735  1265]
2025-09-12 15:31:15,709 - src.utils - INFO - Using WeightedRandomSampler for training
2025-09-12 15:31:15,709 - src.utils - INFO - DataLoaders created - Batch size: 12
2025-09-12 15:31:15,709 - src.utils - INFO - Evaluator initialized on device: cuda
2025-09-12 15:31:15,709 - src.utils - INFO - Starting model evaluation...
2025-09-12 15:31:18,010 - src.utils - INFO - Model initialized with 162842882 parameters
2025-09-12 15:31:18,010 - src.utils - INFO - Trainable parameters: 162842882
2025-09-12 15:31:18,010 - src.utils - INFO - Loss function: focal
2025-09-12 15:31:18,273 - src.utils - INFO - Model created and moved to cuda
2025-09-12 15:31:19,770 - src.utils - INFO - Model loaded from C:\deep learning\Balanced data\models\best_marbert_model.pt
2025-09-12 15:31:19,770 - src.utils - INFO - Epoch: 1, Loss: 0.0066, Accuracy: 0.9308
2025-09-12 15:31:19,772 - src.utils - INFO - Best model loaded successfully
2025-09-12 15:31:19,772 - src.utils - INFO - Starting evaluation...
2025-09-12 15:31:19,773 - src.utils - INFO - Using threshold: 0.3
2025-09-12 15:31:59,444 - src.utils - INFO - 
==================================================
2025-09-12 15:31:59,445 - src.utils - INFO - EVALUATION RESULTS
2025-09-12 15:31:59,445 - src.utils - INFO - ==================================================
2025-09-12 15:31:59,445 - src.utils - INFO - Test Loss: 0.0065
2025-09-12 15:31:59,445 - src.utils - INFO - Accuracy: 0.9011
2025-09-12 15:31:59,445 - src.utils - INFO - Precision: 0.9604
2025-09-12 15:31:59,445 - src.utils - INFO - Recall: 0.9011
2025-09-12 15:31:59,445 - src.utils - INFO - F1-Score: 0.9253
2025-09-12 15:31:59,445 - src.utils - INFO - Threshold: 0.3000
2025-09-12 15:31:59,445 - src.utils - INFO - ==================================================
2025-09-12 15:31:59,447 - src.utils - INFO - 
Detailed Classification Report:
2025-09-12 15:31:59,447 - src.utils - INFO - --------------------------------------------------
2025-09-12 15:32:00,106 - src.utils - INFO - Confusion matrix saved to: C:\deep learning\Balanced data\results/confusion_matrix.png
2025-09-12 15:32:00,149 - src.utils - ERROR - Evaluation failed: Object of type int32 is not JSON serializable
2025-09-12 15:39:22,755 - src.utils - INFO - Starting training process...
2025-09-12 15:39:22,793 - src.utils - INFO - Loading dataset...
2025-09-12 15:39:23,383 - src.utils - INFO - Tokenizer loaded: UBC-NLP/MARBERT
2025-09-12 15:39:23,384 - src.utils - INFO - Loading cleaned dataset from CSV file...
2025-09-12 15:39:24,095 - src.utils - INFO - Successfully loaded 50000 samples from CSV
2025-09-12 15:39:24,096 - src.utils - INFO - Data split - Train: 35000, Val: 7500, Test: 7500
2025-09-12 15:39:24,096 - src.utils - INFO - After split - Train: 35000, Val: 7500, Test: 7500
2025-09-12 15:39:24,098 - src.utils - INFO - Train label distribution: {0: 33735, 1: 1265}
2025-09-12 15:39:24,098 - src.utils - INFO - Validation label distribution: {0: 7216, 1: 284}
2025-09-12 15:39:24,098 - src.utils - INFO - Test label distribution: {0: 7250, 1: 250}
2025-09-12 15:39:24,098 - src.utils - INFO - Dataset initialized with 35000 samples
2025-09-12 15:39:24,099 - src.utils - INFO - Dataset initialized with 7500 samples
2025-09-12 15:39:24,099 - src.utils - INFO - Dataset initialized with 7500 samples
2025-09-12 15:39:24,614 - src.utils - INFO - Created WeightedRandomSampler with class weights: [2.96428042e-05 7.90513834e-04]
2025-09-12 15:39:24,614 - src.utils - INFO - Class distribution: [33735  1265]
2025-09-12 15:39:24,614 - src.utils - INFO - Using WeightedRandomSampler for training
2025-09-12 15:39:24,614 - src.utils - INFO - DataLoaders created - Batch size: 12
2025-09-12 15:39:24,616 - src.utils - INFO - ==================================================
2025-09-12 15:39:24,616 - src.utils - INFO - DATASET INFORMATION
2025-09-12 15:39:24,616 - src.utils - INFO - ==================================================
2025-09-12 15:39:24,616 - src.utils - INFO - Training samples: 35000
2025-09-12 15:39:24,616 - src.utils - INFO - Validation samples: 7500
2025-09-12 15:39:24,616 - src.utils - INFO - Test samples: 7500
2025-09-12 15:39:24,616 - src.utils - INFO - Total samples: 50000
2025-09-12 15:39:24,617 - src.utils - INFO - Max sequence length: 64
2025-09-12 15:39:24,617 - src.utils - INFO - Batch size: 12
2025-09-12 15:39:24,617 - src.utils - INFO - ==================================================
2025-09-12 15:39:24,621 - src.utils - INFO - Mixed precision training enabled
2025-09-12 15:39:24,621 - src.utils - INFO - Trainer initialized on device: cuda
2025-09-12 15:39:24,621 - src.utils - INFO - Starting model training...
2025-09-12 15:39:26,175 - src.utils - INFO - Model initialized with 162842882 parameters
2025-09-12 15:39:26,176 - src.utils - INFO - Trainable parameters: 162842882
2025-09-12 15:39:26,176 - src.utils - INFO - Loss function: focal
2025-09-12 15:39:26,388 - src.utils - INFO - Model created and moved to cuda
2025-09-12 15:39:27,407 - src.utils - INFO - Model parameters: 162842882
2025-09-12 15:39:27,407 - src.utils - INFO - Optimizer: AdamW (lr=8e-06)
2025-09-12 15:39:27,407 - src.utils - INFO - Scheduler: Linear with warmup (100 steps)
2025-09-12 15:39:27,407 - src.utils - INFO - Starting training...
2025-09-12 15:39:27,407 - src.utils - INFO - Epochs: 3
2025-09-12 15:39:27,408 - src.utils - INFO - Batch size: 12
2025-09-12 15:39:27,408 - src.utils - INFO - Learning rate: 8e-06
2025-09-12 15:39:27,408 - src.utils - INFO - 
==================================================
2025-09-12 15:39:27,408 - src.utils - INFO - Epoch 1/3
2025-09-12 15:39:27,408 - src.utils - INFO - ==================================================
2025-09-12 15:39:45,251 - src.utils - INFO - Batch 100/2917 - Loss: 0.0209 - Avg Loss: 0.0253
2025-09-12 15:40:02,718 - src.utils - INFO - Batch 200/2917 - Loss: 0.0360 - Avg Loss: 0.0226
2025-09-12 15:40:20,518 - src.utils - INFO - Batch 300/2917 - Loss: 0.0134 - Avg Loss: 0.0213
2025-09-12 15:40:38,162 - src.utils - INFO - Batch 400/2917 - Loss: 0.0073 - Avg Loss: 0.0200
2025-09-12 15:40:55,849 - src.utils - INFO - Batch 500/2917 - Loss: 0.0199 - Avg Loss: 0.0189
2025-09-12 15:41:13,617 - src.utils - INFO - Batch 600/2917 - Loss: 0.0119 - Avg Loss: 0.0179
2025-09-12 15:41:31,397 - src.utils - INFO - Batch 700/2917 - Loss: 0.0188 - Avg Loss: 0.0170
2025-09-12 15:41:49,181 - src.utils - INFO - Batch 800/2917 - Loss: 0.0170 - Avg Loss: 0.0162
2025-09-12 15:42:06,994 - src.utils - INFO - Batch 900/2917 - Loss: 0.0115 - Avg Loss: 0.0156
2025-09-12 15:42:24,847 - src.utils - INFO - Batch 1000/2917 - Loss: 0.0037 - Avg Loss: 0.0150
2025-09-12 15:42:42,716 - src.utils - INFO - Batch 1100/2917 - Loss: 0.0058 - Avg Loss: 0.0143
2025-09-12 15:43:00,583 - src.utils - INFO - Batch 1200/2917 - Loss: 0.0097 - Avg Loss: 0.0138
2025-09-12 15:43:18,468 - src.utils - INFO - Batch 1300/2917 - Loss: 0.0162 - Avg Loss: 0.0133
2025-09-12 15:43:36,372 - src.utils - INFO - Batch 1400/2917 - Loss: 0.0225 - Avg Loss: 0.0128
2025-09-12 15:43:54,294 - src.utils - INFO - Batch 1500/2917 - Loss: 0.0006 - Avg Loss: 0.0123
2025-09-12 15:44:12,171 - src.utils - INFO - Batch 1600/2917 - Loss: 0.0044 - Avg Loss: 0.0119
2025-09-12 15:44:30,027 - src.utils - INFO - Batch 1700/2917 - Loss: 0.0033 - Avg Loss: 0.0116
2025-09-12 15:44:47,968 - src.utils - INFO - Batch 1800/2917 - Loss: 0.0008 - Avg Loss: 0.0112
2025-09-12 15:45:05,875 - src.utils - INFO - Batch 1900/2917 - Loss: 0.0134 - Avg Loss: 0.0110
2025-09-12 15:45:23,787 - src.utils - INFO - Batch 2000/2917 - Loss: 0.0004 - Avg Loss: 0.0106
2025-09-12 15:45:41,702 - src.utils - INFO - Batch 2100/2917 - Loss: 0.0003 - Avg Loss: 0.0103
2025-09-12 15:45:59,618 - src.utils - INFO - Batch 2200/2917 - Loss: 0.0004 - Avg Loss: 0.0100
2025-09-12 15:46:17,601 - src.utils - INFO - Batch 2300/2917 - Loss: 0.0004 - Avg Loss: 0.0097
2025-09-12 15:46:35,649 - src.utils - INFO - Batch 2400/2917 - Loss: 0.0003 - Avg Loss: 0.0095
2025-09-12 15:46:53,603 - src.utils - INFO - Batch 2500/2917 - Loss: 0.0012 - Avg Loss: 0.0093
2025-09-12 15:47:11,565 - src.utils - INFO - Batch 2600/2917 - Loss: 0.0015 - Avg Loss: 0.0091
2025-09-12 15:47:29,560 - src.utils - INFO - Batch 2700/2917 - Loss: 0.0001 - Avg Loss: 0.0089
2025-09-12 15:47:47,679 - src.utils - INFO - Batch 2800/2917 - Loss: 0.0002 - Avg Loss: 0.0087
2025-09-12 15:48:05,651 - src.utils - INFO - Batch 2900/2917 - Loss: 0.0009 - Avg Loss: 0.0085
2025-09-12 15:48:27,875 - src.utils - INFO - Epoch 1 Results:
2025-09-12 15:48:27,875 - src.utils - INFO -   Train Loss: 0.0085
2025-09-12 15:48:27,875 - src.utils - INFO -   Val Loss: 0.0167
2025-09-12 15:48:27,876 - src.utils - INFO -   Val Accuracy: 0.9213
2025-09-12 15:48:27,876 - src.utils - INFO -   Epoch Time: 9.01m
2025-09-12 15:48:27,876 - src.utils - INFO - New best model! Accuracy: 0.9213
2025-09-12 15:48:37,784 - src.utils - INFO - Best model saved at epoch 1 with accuracy 0.9213
2025-09-12 15:48:37,785 - src.utils - INFO - Model checkpoint saved for epoch 1
2025-09-12 15:48:37,785 - src.utils - INFO - 
==================================================
2025-09-12 15:48:37,786 - src.utils - INFO - Epoch 2/3
2025-09-12 15:48:37,786 - src.utils - INFO - ==================================================
2025-09-12 15:48:56,449 - src.utils - INFO - Batch 100/2917 - Loss: 0.0004 - Avg Loss: 0.0032
2025-09-12 15:49:14,347 - src.utils - INFO - Batch 200/2917 - Loss: 0.0001 - Avg Loss: 0.0033
2025-09-12 15:49:32,240 - src.utils - INFO - Batch 300/2917 - Loss: 0.0006 - Avg Loss: 0.0031
2025-09-12 15:49:50,161 - src.utils - INFO - Batch 400/2917 - Loss: 0.0001 - Avg Loss: 0.0030
2025-09-12 15:50:08,101 - src.utils - INFO - Batch 500/2917 - Loss: 0.0001 - Avg Loss: 0.0030
2025-09-12 15:50:26,139 - src.utils - INFO - Batch 600/2917 - Loss: 0.0006 - Avg Loss: 0.0032
2025-09-12 15:50:44,224 - src.utils - INFO - Batch 700/2917 - Loss: 0.0006 - Avg Loss: 0.0031
2025-09-12 15:51:02,798 - src.utils - INFO - Batch 800/2917 - Loss: 0.0001 - Avg Loss: 0.0030
2025-09-12 15:51:20,789 - src.utils - INFO - Batch 900/2917 - Loss: 0.0014 - Avg Loss: 0.0028
2025-09-12 15:51:38,792 - src.utils - INFO - Batch 1000/2917 - Loss: 0.0001 - Avg Loss: 0.0026
2025-09-12 15:51:56,829 - src.utils - INFO - Batch 1100/2917 - Loss: 0.0001 - Avg Loss: 0.0026
2025-09-12 15:52:14,841 - src.utils - INFO - Batch 1200/2917 - Loss: 0.0000 - Avg Loss: 0.0025
2025-09-12 15:52:32,840 - src.utils - INFO - Batch 1300/2917 - Loss: 0.0008 - Avg Loss: 0.0025
2025-09-12 15:52:50,830 - src.utils - INFO - Batch 1400/2917 - Loss: 0.0001 - Avg Loss: 0.0024
2025-09-12 15:53:08,868 - src.utils - INFO - Batch 1500/2917 - Loss: 0.0000 - Avg Loss: 0.0023
2025-09-12 15:53:26,855 - src.utils - INFO - Batch 1600/2917 - Loss: 0.0002 - Avg Loss: 0.0022
2025-09-12 15:53:44,880 - src.utils - INFO - Batch 1700/2917 - Loss: 0.0003 - Avg Loss: 0.0023
2025-09-12 15:54:02,904 - src.utils - INFO - Batch 1800/2917 - Loss: 0.0001 - Avg Loss: 0.0023
2025-09-12 15:54:20,967 - src.utils - INFO - Batch 1900/2917 - Loss: 0.0000 - Avg Loss: 0.0022
2025-09-12 15:54:38,955 - src.utils - INFO - Batch 2000/2917 - Loss: 0.0017 - Avg Loss: 0.0022
2025-09-12 15:54:57,035 - src.utils - INFO - Batch 2100/2917 - Loss: 0.0000 - Avg Loss: 0.0021
2025-09-12 15:55:15,035 - src.utils - INFO - Batch 2200/2917 - Loss: 0.0000 - Avg Loss: 0.0021
2025-09-12 15:55:33,233 - src.utils - INFO - Batch 2300/2917 - Loss: 0.0003 - Avg Loss: 0.0021
2025-09-12 15:55:51,242 - src.utils - INFO - Batch 2400/2917 - Loss: 0.0000 - Avg Loss: 0.0021
2025-09-12 15:56:09,304 - src.utils - INFO - Batch 2500/2917 - Loss: 0.0000 - Avg Loss: 0.0020
2025-09-12 15:56:27,894 - src.utils - INFO - Batch 2600/2917 - Loss: 0.0001 - Avg Loss: 0.0020
2025-09-12 15:56:46,079 - src.utils - INFO - Batch 2700/2917 - Loss: 0.0231 - Avg Loss: 0.0019
2025-09-12 15:57:04,109 - src.utils - INFO - Batch 2800/2917 - Loss: 0.0001 - Avg Loss: 0.0019
2025-09-12 15:57:22,135 - src.utils - INFO - Batch 2900/2917 - Loss: 0.0002 - Avg Loss: 0.0019
2025-09-12 15:57:44,315 - src.utils - INFO - Epoch 2 Results:
2025-09-12 15:57:44,316 - src.utils - INFO -   Train Loss: 0.0019
2025-09-12 15:57:44,316 - src.utils - INFO -   Val Loss: 0.0213
2025-09-12 15:57:44,316 - src.utils - INFO -   Val Accuracy: 0.9608
2025-09-12 15:57:44,316 - src.utils - INFO -   Epoch Time: 9.11m
2025-09-12 15:57:44,316 - src.utils - INFO - New best model! Accuracy: 0.9608
2025-09-12 15:57:46,311 - src.utils - ERROR - Training failed: [enforce fail at inline_container.cc:603] . unexpected pos 1422675136 vs 1422675028
2025-09-12 15:58:01,105 - src.utils - INFO - Starting evaluation process...
2025-09-12 15:58:01,105 - src.utils - INFO - Loading dataset...
2025-09-12 15:58:01,898 - src.utils - INFO - Tokenizer loaded: UBC-NLP/MARBERT
2025-09-12 15:58:01,898 - src.utils - INFO - Loading cleaned dataset from CSV file...
2025-09-12 15:58:02,632 - src.utils - INFO - Successfully loaded 50000 samples from CSV
2025-09-12 15:58:02,632 - src.utils - INFO - Data split - Train: 35000, Val: 7500, Test: 7500
2025-09-12 15:58:02,632 - src.utils - INFO - After split - Train: 35000, Val: 7500, Test: 7500
2025-09-12 15:58:02,634 - src.utils - INFO - Train label distribution: {0: 33735, 1: 1265}
2025-09-12 15:58:02,634 - src.utils - INFO - Validation label distribution: {0: 7216, 1: 284}
2025-09-12 15:58:02,634 - src.utils - INFO - Test label distribution: {0: 7250, 1: 250}
2025-09-12 15:58:02,634 - src.utils - INFO - Dataset initialized with 35000 samples
2025-09-12 15:58:02,634 - src.utils - INFO - Dataset initialized with 7500 samples
2025-09-12 15:58:02,634 - src.utils - INFO - Dataset initialized with 7500 samples
2025-09-12 15:58:03,204 - src.utils - INFO - Created WeightedRandomSampler with class weights: [2.96428042e-05 7.90513834e-04]
2025-09-12 15:58:03,204 - src.utils - INFO - Class distribution: [33735  1265]
2025-09-12 15:58:03,205 - src.utils - INFO - Using WeightedRandomSampler for training
2025-09-12 15:58:03,205 - src.utils - INFO - DataLoaders created - Batch size: 12
2025-09-12 15:58:03,205 - src.utils - INFO - Evaluator initialized on device: cuda
2025-09-12 15:58:03,205 - src.utils - INFO - Starting model evaluation...
2025-09-12 15:58:05,493 - src.utils - INFO - Model initialized with 162842882 parameters
2025-09-12 15:58:05,494 - src.utils - INFO - Trainable parameters: 162842882
2025-09-12 15:58:05,494 - src.utils - INFO - Loss function: focal
2025-09-12 15:58:05,754 - src.utils - INFO - Model created and moved to cuda
2025-09-12 15:58:07,626 - src.utils - INFO - Model loaded from C:\deep learning\Balanced data\models\best_marbert_model.pt
2025-09-12 15:58:07,626 - src.utils - INFO - Epoch: 1, Loss: 0.0167, Accuracy: 0.9213
2025-09-12 15:58:07,627 - src.utils - INFO - Best model loaded successfully
2025-09-12 15:58:07,628 - src.utils - INFO - Starting evaluation...
2025-09-12 15:58:07,628 - src.utils - INFO - Using threshold: 0.6
2025-09-12 15:58:48,572 - src.utils - ERROR - Evaluation failed: int() argument must be a string, a bytes-like object or a real number, not 'NoneType'
2025-09-12 15:59:24,646 - src.utils - INFO - Starting evaluation process...
2025-09-12 15:59:24,646 - src.utils - INFO - Loading dataset...
2025-09-12 15:59:25,349 - src.utils - INFO - Tokenizer loaded: UBC-NLP/MARBERT
2025-09-12 15:59:25,349 - src.utils - INFO - Loading cleaned dataset from CSV file...
2025-09-12 15:59:26,090 - src.utils - INFO - Successfully loaded 50000 samples from CSV
2025-09-12 15:59:26,090 - src.utils - INFO - Data split - Train: 35000, Val: 7500, Test: 7500
2025-09-12 15:59:26,091 - src.utils - INFO - After split - Train: 35000, Val: 7500, Test: 7500
2025-09-12 15:59:26,093 - src.utils - INFO - Train label distribution: {0: 33735, 1: 1265}
2025-09-12 15:59:26,093 - src.utils - INFO - Validation label distribution: {0: 7216, 1: 284}
2025-09-12 15:59:26,093 - src.utils - INFO - Test label distribution: {0: 7250, 1: 250}
2025-09-12 15:59:26,093 - src.utils - INFO - Dataset initialized with 35000 samples
2025-09-12 15:59:26,093 - src.utils - INFO - Dataset initialized with 7500 samples
2025-09-12 15:59:26,093 - src.utils - INFO - Dataset initialized with 7500 samples
2025-09-12 15:59:26,642 - src.utils - INFO - Created WeightedRandomSampler with class weights: [2.96428042e-05 7.90513834e-04]
2025-09-12 15:59:26,643 - src.utils - INFO - Class distribution: [33735  1265]
2025-09-12 15:59:26,643 - src.utils - INFO - Using WeightedRandomSampler for training
2025-09-12 15:59:26,644 - src.utils - INFO - DataLoaders created - Batch size: 12
2025-09-12 15:59:26,644 - src.utils - INFO - Evaluator initialized on device: cuda
2025-09-12 15:59:26,644 - src.utils - INFO - Starting model evaluation...
2025-09-12 15:59:28,641 - src.utils - INFO - Model initialized with 162842882 parameters
2025-09-12 15:59:28,642 - src.utils - INFO - Trainable parameters: 162842882
2025-09-12 15:59:28,642 - src.utils - INFO - Loss function: focal
2025-09-12 15:59:28,869 - src.utils - INFO - Model created and moved to cuda
2025-09-12 15:59:29,794 - src.utils - INFO - Model loaded from C:\deep learning\Balanced data\models\best_marbert_model.pt
2025-09-12 15:59:29,794 - src.utils - INFO - Epoch: 1, Loss: 0.0167, Accuracy: 0.9213
2025-09-12 15:59:29,795 - src.utils - INFO - Best model loaded successfully
2025-09-12 15:59:29,796 - src.utils - INFO - Starting evaluation...
2025-09-12 15:59:29,796 - src.utils - INFO - Using threshold: 0.6
2025-09-12 16:00:09,186 - src.utils - INFO - 
==================================================
2025-09-12 16:00:09,186 - src.utils - INFO - EVALUATION RESULTS
2025-09-12 16:00:09,186 - src.utils - INFO - ==================================================
2025-09-12 16:00:09,186 - src.utils - INFO - Test Loss: 0.0163
2025-09-12 16:00:09,186 - src.utils - INFO - Accuracy: 0.9300
2025-09-12 16:00:09,187 - src.utils - INFO - Precision: 0.9586
2025-09-12 16:00:09,187 - src.utils - INFO - Recall: 0.9300
2025-09-12 16:00:09,187 - src.utils - INFO - F1-Score: 0.9422
2025-09-12 16:00:09,187 - src.utils - INFO - Threshold: 0.6000
2025-09-12 16:00:09,187 - src.utils - INFO - ==================================================
2025-09-12 16:00:09,188 - src.utils - INFO - 
Detailed Classification Report:
2025-09-12 16:00:09,188 - src.utils - INFO - --------------------------------------------------
2025-09-12 16:00:09,883 - src.utils - INFO - Confusion matrix saved to: C:\deep learning\Balanced data\results/confusion_matrix.png
2025-09-12 16:00:09,925 - src.utils - ERROR - Evaluation failed: Object of type int32 is not JSON serializable
2025-09-12 16:07:16,468 - src.utils - INFO - Starting training process...
2025-09-12 16:07:16,507 - src.utils - INFO - Loading dataset...
2025-09-12 16:07:17,116 - src.utils - INFO - Tokenizer loaded: UBC-NLP/MARBERT
2025-09-12 16:07:17,117 - src.utils - INFO - Loading cleaned dataset from CSV file...
2025-09-12 16:07:17,836 - src.utils - INFO - Successfully loaded 50000 samples from CSV
2025-09-12 16:07:17,838 - src.utils - INFO - Data split - Train: 35000, Val: 7500, Test: 7500
2025-09-12 16:07:17,838 - src.utils - INFO - After split - Train: 35000, Val: 7500, Test: 7500
2025-09-12 16:07:17,840 - src.utils - INFO - Train label distribution: {0: 33735, 1: 1265}
2025-09-12 16:07:17,840 - src.utils - INFO - Validation label distribution: {0: 7216, 1: 284}
2025-09-12 16:07:17,840 - src.utils - INFO - Test label distribution: {0: 7250, 1: 250}
2025-09-12 16:07:17,840 - src.utils - INFO - Dataset initialized with 35000 samples
2025-09-12 16:07:17,840 - src.utils - INFO - Dataset initialized with 7500 samples
2025-09-12 16:07:17,840 - src.utils - INFO - Dataset initialized with 7500 samples
2025-09-12 16:07:18,347 - src.utils - INFO - Created WeightedRandomSampler with class weights: [2.96428042e-05 7.90513834e-04]
2025-09-12 16:07:18,348 - src.utils - INFO - Class distribution: [33735  1265]
2025-09-12 16:07:18,349 - src.utils - INFO - Using WeightedRandomSampler for training
2025-09-12 16:07:18,350 - src.utils - INFO - DataLoaders created - Batch size: 12
2025-09-12 16:07:18,350 - src.utils - INFO - ==================================================
2025-09-12 16:07:18,350 - src.utils - INFO - DATASET INFORMATION
2025-09-12 16:07:18,350 - src.utils - INFO - ==================================================
2025-09-12 16:07:18,350 - src.utils - INFO - Training samples: 35000
2025-09-12 16:07:18,350 - src.utils - INFO - Validation samples: 7500
2025-09-12 16:07:18,350 - src.utils - INFO - Test samples: 7500
2025-09-12 16:07:18,350 - src.utils - INFO - Total samples: 50000
2025-09-12 16:07:18,350 - src.utils - INFO - Max sequence length: 64
2025-09-12 16:07:18,351 - src.utils - INFO - Batch size: 12
2025-09-12 16:07:18,351 - src.utils - INFO - ==================================================
2025-09-12 16:07:18,355 - src.utils - INFO - Mixed precision training enabled
2025-09-12 16:07:18,355 - src.utils - INFO - Trainer initialized on device: cuda
2025-09-12 16:07:18,355 - src.utils - INFO - Starting model training...
2025-09-12 16:07:20,051 - src.utils - INFO - Model initialized with 162842882 parameters
2025-09-12 16:07:20,052 - src.utils - INFO - Trainable parameters: 162842882
2025-09-12 16:07:20,052 - src.utils - INFO - Loss function: focal
2025-09-12 16:07:20,301 - src.utils - INFO - Model created and moved to cuda
2025-09-12 16:07:21,480 - src.utils - INFO - Model parameters: 162842882
2025-09-12 16:07:21,480 - src.utils - INFO - Optimizer: AdamW (lr=2e-05)
2025-09-12 16:07:21,480 - src.utils - INFO - Scheduler: Linear with warmup (100 steps)
2025-09-12 16:07:21,481 - src.utils - INFO - Starting training...
2025-09-12 16:07:21,481 - src.utils - INFO - Epochs: 3
2025-09-12 16:07:21,481 - src.utils - INFO - Batch size: 12
2025-09-12 16:07:21,481 - src.utils - INFO - Learning rate: 2e-05
2025-09-12 16:07:21,481 - src.utils - INFO - 
==================================================
2025-09-12 16:07:21,481 - src.utils - INFO - Epoch 1/3
2025-09-12 16:07:21,481 - src.utils - INFO - ==================================================
2025-09-12 16:07:39,410 - src.utils - INFO - Batch 100/2917 - Loss: 0.0199 - Avg Loss: 0.0241
2025-09-12 16:07:56,936 - src.utils - INFO - Batch 200/2917 - Loss: 0.0443 - Avg Loss: 0.0216
2025-09-12 16:08:14,697 - src.utils - INFO - Batch 300/2917 - Loss: 0.0097 - Avg Loss: 0.0200
2025-09-12 16:08:32,413 - src.utils - INFO - Batch 400/2917 - Loss: 0.0084 - Avg Loss: 0.0188
2025-09-12 16:08:50,189 - src.utils - INFO - Batch 500/2917 - Loss: 0.0157 - Avg Loss: 0.0177
2025-09-12 16:09:08,018 - src.utils - INFO - Batch 600/2917 - Loss: 0.0250 - Avg Loss: 0.0166
2025-09-12 16:09:25,877 - src.utils - INFO - Batch 700/2917 - Loss: 0.0327 - Avg Loss: 0.0159
2025-09-12 16:09:43,769 - src.utils - INFO - Batch 800/2917 - Loss: 0.0056 - Avg Loss: 0.0152
2025-09-12 16:10:02,337 - src.utils - INFO - Batch 900/2917 - Loss: 0.0087 - Avg Loss: 0.0146
2025-09-12 16:10:20,251 - src.utils - INFO - Batch 1000/2917 - Loss: 0.0046 - Avg Loss: 0.0139
2025-09-12 16:10:38,134 - src.utils - INFO - Batch 1100/2917 - Loss: 0.0057 - Avg Loss: 0.0133
2025-09-12 16:10:56,041 - src.utils - INFO - Batch 1200/2917 - Loss: 0.0060 - Avg Loss: 0.0128
2025-09-12 16:11:13,959 - src.utils - INFO - Batch 1300/2917 - Loss: 0.0298 - Avg Loss: 0.0123
2025-09-12 16:11:31,886 - src.utils - INFO - Batch 1400/2917 - Loss: 0.0253 - Avg Loss: 0.0119
2025-09-12 16:11:49,876 - src.utils - INFO - Batch 1500/2917 - Loss: 0.0002 - Avg Loss: 0.0115
2025-09-12 16:12:07,881 - src.utils - INFO - Batch 1600/2917 - Loss: 0.0043 - Avg Loss: 0.0111
2025-09-12 16:12:25,992 - src.utils - INFO - Batch 1700/2917 - Loss: 0.0006 - Avg Loss: 0.0107
2025-09-12 16:12:44,150 - src.utils - INFO - Batch 1800/2917 - Loss: 0.0002 - Avg Loss: 0.0103
2025-09-12 16:13:02,195 - src.utils - INFO - Batch 1900/2917 - Loss: 0.0047 - Avg Loss: 0.0101
2025-09-12 16:13:20,370 - src.utils - INFO - Batch 2000/2917 - Loss: 0.0002 - Avg Loss: 0.0098
2025-09-12 16:13:38,419 - src.utils - INFO - Batch 2100/2917 - Loss: 0.0018 - Avg Loss: 0.0095
2025-09-12 16:13:56,416 - src.utils - INFO - Batch 2200/2917 - Loss: 0.0009 - Avg Loss: 0.0093
2025-09-12 16:14:14,397 - src.utils - INFO - Batch 2300/2917 - Loss: 0.0002 - Avg Loss: 0.0090
2025-09-12 16:14:32,382 - src.utils - INFO - Batch 2400/2917 - Loss: 0.0098 - Avg Loss: 0.0088
2025-09-12 16:14:50,376 - src.utils - INFO - Batch 2500/2917 - Loss: 0.0042 - Avg Loss: 0.0086
2025-09-12 16:15:08,377 - src.utils - INFO - Batch 2600/2917 - Loss: 0.0124 - Avg Loss: 0.0084
2025-09-12 16:15:26,374 - src.utils - INFO - Batch 2700/2917 - Loss: 0.0000 - Avg Loss: 0.0082
2025-09-12 16:15:44,371 - src.utils - INFO - Batch 2800/2917 - Loss: 0.0000 - Avg Loss: 0.0079
2025-09-12 16:16:02,659 - src.utils - INFO - Batch 2900/2917 - Loss: 0.0005 - Avg Loss: 0.0077
2025-09-12 16:16:24,574 - src.utils - INFO - Epoch 1 Results:
2025-09-12 16:16:24,575 - src.utils - INFO -   Train Loss: 0.0077
2025-09-12 16:16:24,575 - src.utils - INFO -   Val Loss: 0.0152
2025-09-12 16:16:24,575 - src.utils - INFO -   Val Accuracy: 0.9456
2025-09-12 16:16:24,575 - src.utils - INFO -   Epoch Time: 9.05m
2025-09-12 16:16:24,575 - src.utils - INFO - New best model! Accuracy: 0.9456
2025-09-12 16:16:58,145 - src.utils - INFO - Best model saved at epoch 1 with accuracy 0.9456
2025-09-12 16:16:58,146 - src.utils - INFO - Model checkpoint saved for epoch 1
2025-09-12 16:16:58,146 - src.utils - INFO - 
==================================================
2025-09-12 16:16:58,146 - src.utils - INFO - Epoch 2/3
2025-09-12 16:16:58,146 - src.utils - INFO - ==================================================
2025-09-12 16:17:15,987 - src.utils - INFO - Batch 100/2917 - Loss: 0.0002 - Avg Loss: 0.0014
2025-09-12 16:17:33,753 - src.utils - INFO - Batch 200/2917 - Loss: 0.0001 - Avg Loss: 0.0020
2025-09-12 16:17:51,606 - src.utils - INFO - Batch 300/2917 - Loss: 0.0003 - Avg Loss: 0.0019
2025-09-12 16:18:09,511 - src.utils - INFO - Batch 400/2917 - Loss: 0.0000 - Avg Loss: 0.0018
2025-09-12 16:18:27,434 - src.utils - INFO - Batch 500/2917 - Loss: 0.0000 - Avg Loss: 0.0020
2025-09-12 16:18:45,358 - src.utils - INFO - Batch 600/2917 - Loss: 0.0001 - Avg Loss: 0.0020
2025-09-12 16:19:03,304 - src.utils - INFO - Batch 700/2917 - Loss: 0.0001 - Avg Loss: 0.0020
2025-09-12 16:19:21,275 - src.utils - INFO - Batch 800/2917 - Loss: 0.0000 - Avg Loss: 0.0019
2025-09-12 16:19:39,253 - src.utils - INFO - Batch 900/2917 - Loss: 0.0000 - Avg Loss: 0.0019
2025-09-12 16:19:57,239 - src.utils - INFO - Batch 1000/2917 - Loss: 0.0001 - Avg Loss: 0.0018
2025-09-12 16:20:15,465 - src.utils - INFO - Batch 1100/2917 - Loss: 0.0004 - Avg Loss: 0.0018
2025-09-12 16:20:33,726 - src.utils - INFO - Batch 1200/2917 - Loss: 0.0000 - Avg Loss: 0.0017
2025-09-12 16:20:51,972 - src.utils - INFO - Batch 1300/2917 - Loss: 0.0130 - Avg Loss: 0.0017
2025-09-12 16:21:10,107 - src.utils - INFO - Batch 1400/2917 - Loss: 0.0000 - Avg Loss: 0.0017
2025-09-12 16:21:28,181 - src.utils - INFO - Batch 1500/2917 - Loss: 0.0001 - Avg Loss: 0.0016
2025-09-12 16:21:46,701 - src.utils - INFO - Batch 1600/2917 - Loss: 0.0007 - Avg Loss: 0.0015
2025-09-12 16:22:05,341 - src.utils - INFO - Batch 1700/2917 - Loss: 0.0003 - Avg Loss: 0.0015
2025-09-12 16:22:23,948 - src.utils - INFO - Batch 1800/2917 - Loss: 0.0000 - Avg Loss: 0.0015
2025-09-12 16:22:42,705 - src.utils - INFO - Batch 1900/2917 - Loss: 0.0000 - Avg Loss: 0.0014
2025-09-12 16:23:00,845 - src.utils - INFO - Batch 2000/2917 - Loss: 0.0001 - Avg Loss: 0.0014
2025-09-12 16:23:19,276 - src.utils - INFO - Batch 2100/2917 - Loss: 0.0000 - Avg Loss: 0.0014
2025-09-12 16:23:37,419 - src.utils - INFO - Batch 2200/2917 - Loss: 0.0000 - Avg Loss: 0.0013
2025-09-12 16:23:55,593 - src.utils - INFO - Batch 2300/2917 - Loss: 0.0002 - Avg Loss: 0.0013
2025-09-12 16:24:13,946 - src.utils - INFO - Batch 2400/2917 - Loss: 0.0000 - Avg Loss: 0.0013
2025-09-12 16:24:32,109 - src.utils - INFO - Batch 2500/2917 - Loss: 0.0000 - Avg Loss: 0.0013
2025-09-12 16:24:50,376 - src.utils - INFO - Batch 2600/2917 - Loss: 0.0000 - Avg Loss: 0.0013
2025-09-12 16:25:08,647 - src.utils - INFO - Batch 2700/2917 - Loss: 0.0000 - Avg Loss: 0.0012
2025-09-12 16:25:26,823 - src.utils - INFO - Batch 2800/2917 - Loss: 0.0001 - Avg Loss: 0.0012
2025-09-12 16:25:44,909 - src.utils - INFO - Batch 2900/2917 - Loss: 0.0000 - Avg Loss: 0.0012
2025-09-12 16:26:07,231 - src.utils - INFO - Epoch 2 Results:
2025-09-12 16:26:07,231 - src.utils - INFO -   Train Loss: 0.0012
2025-09-12 16:26:07,231 - src.utils - INFO -   Val Loss: 0.0266
2025-09-12 16:26:07,231 - src.utils - INFO -   Val Accuracy: 0.9604
2025-09-12 16:26:07,231 - src.utils - INFO -   Epoch Time: 9.15m
2025-09-12 16:26:07,231 - src.utils - INFO - New best model! Accuracy: 0.9604
2025-09-12 16:26:27,626 - src.utils - INFO - Best model saved at epoch 2 with accuracy 0.9604
2025-09-12 16:26:27,626 - src.utils - INFO - Model checkpoint saved for epoch 2
2025-09-12 16:26:27,626 - src.utils - INFO - 
==================================================
2025-09-12 16:26:27,626 - src.utils - INFO - Epoch 3/3
2025-09-12 16:26:27,626 - src.utils - INFO - ==================================================
2025-09-12 16:26:45,600 - src.utils - INFO - Batch 100/2917 - Loss: 0.0001 - Avg Loss: 0.0013
2025-09-12 16:27:03,547 - src.utils - INFO - Batch 200/2917 - Loss: 0.0003 - Avg Loss: 0.0019
2025-09-12 16:27:21,496 - src.utils - INFO - Batch 300/2917 - Loss: 0.0000 - Avg Loss: 0.0013
2025-09-12 16:27:39,467 - src.utils - INFO - Batch 400/2917 - Loss: 0.0000 - Avg Loss: 0.0012
2025-09-12 16:27:57,452 - src.utils - INFO - Batch 500/2917 - Loss: 0.0004 - Avg Loss: 0.0013
2025-09-12 16:28:15,498 - src.utils - INFO - Batch 600/2917 - Loss: 0.0001 - Avg Loss: 0.0012
2025-09-12 16:28:33,497 - src.utils - INFO - Batch 700/2917 - Loss: 0.0000 - Avg Loss: 0.0011
2025-09-12 16:28:51,565 - src.utils - INFO - Batch 800/2917 - Loss: 0.0000 - Avg Loss: 0.0010
2025-09-12 16:29:09,580 - src.utils - INFO - Batch 900/2917 - Loss: 0.0000 - Avg Loss: 0.0010
2025-09-12 16:29:27,617 - src.utils - INFO - Batch 1000/2917 - Loss: 0.0000 - Avg Loss: 0.0010
2025-09-12 16:29:45,625 - src.utils - INFO - Batch 1100/2917 - Loss: 0.0000 - Avg Loss: 0.0010
2025-09-12 16:30:03,733 - src.utils - INFO - Batch 1200/2917 - Loss: 0.0003 - Avg Loss: 0.0009
2025-09-12 16:30:22,018 - src.utils - INFO - Batch 1300/2917 - Loss: 0.0001 - Avg Loss: 0.0009
2025-09-12 16:30:40,190 - src.utils - INFO - Batch 1400/2917 - Loss: 0.0000 - Avg Loss: 0.0009
2025-09-12 16:30:58,363 - src.utils - INFO - Batch 1500/2917 - Loss: 0.0004 - Avg Loss: 0.0008
2025-09-12 16:31:16,506 - src.utils - INFO - Batch 1600/2917 - Loss: 0.0000 - Avg Loss: 0.0008
2025-09-12 16:31:34,571 - src.utils - INFO - Batch 1700/2917 - Loss: 0.0000 - Avg Loss: 0.0008
2025-09-12 16:31:52,631 - src.utils - INFO - Batch 1800/2917 - Loss: 0.0000 - Avg Loss: 0.0007
2025-09-12 16:32:10,694 - src.utils - INFO - Batch 1900/2917 - Loss: 0.0000 - Avg Loss: 0.0007
2025-09-12 16:32:28,744 - src.utils - INFO - Batch 2000/2917 - Loss: 0.0000 - Avg Loss: 0.0007
2025-09-12 16:32:46,954 - src.utils - INFO - Batch 2100/2917 - Loss: 0.0000 - Avg Loss: 0.0007
2025-09-12 16:33:05,105 - src.utils - INFO - Batch 2200/2917 - Loss: 0.0001 - Avg Loss: 0.0006
2025-09-12 16:33:23,177 - src.utils - INFO - Batch 2300/2917 - Loss: 0.0000 - Avg Loss: 0.0006
2025-09-12 16:33:41,267 - src.utils - INFO - Batch 2400/2917 - Loss: 0.0000 - Avg Loss: 0.0006
2025-09-12 16:33:59,347 - src.utils - INFO - Batch 2500/2917 - Loss: 0.0000 - Avg Loss: 0.0006
2025-09-12 16:34:17,416 - src.utils - INFO - Batch 2600/2917 - Loss: 0.0000 - Avg Loss: 0.0006
2025-09-12 16:34:35,477 - src.utils - INFO - Batch 2700/2917 - Loss: 0.0000 - Avg Loss: 0.0006
2025-09-12 16:34:53,566 - src.utils - INFO - Batch 2800/2917 - Loss: 0.0000 - Avg Loss: 0.0006
2025-09-12 16:35:11,635 - src.utils - INFO - Batch 2900/2917 - Loss: 0.0000 - Avg Loss: 0.0006
2025-09-12 16:35:32,493 - src.utils - INFO - Epoch 3 Results:
2025-09-12 16:35:32,494 - src.utils - INFO -   Train Loss: 0.0006
2025-09-12 16:35:32,494 - src.utils - INFO -   Val Loss: 0.0250
2025-09-12 16:35:32,494 - src.utils - INFO -   Val Accuracy: 0.9629
2025-09-12 16:35:32,494 - src.utils - INFO -   Epoch Time: 9.08m
2025-09-12 16:35:32,494 - src.utils - INFO - New best model! Accuracy: 0.9629
2025-09-12 16:35:43,365 - src.utils - INFO - Best model saved at epoch 3 with accuracy 0.9629
2025-09-12 16:35:43,365 - src.utils - INFO - Model checkpoint saved for epoch 3
2025-09-12 16:35:48,579 - src.utils - INFO - 
Training completed!
2025-09-12 16:35:48,579 - src.utils - INFO - Total time: 28.36m
2025-09-12 16:35:48,579 - src.utils - INFO - Best validation accuracy: 0.9629
2025-09-12 16:35:48,579 - src.utils - INFO - Training curves saved to: C:\deep learning\Balanced data\results\loss_curve.png
2025-09-12 16:35:48,581 - src.utils - INFO - Training completed successfully!
2025-09-12 16:36:02,714 - src.utils - INFO - Starting evaluation process...
2025-09-12 16:36:02,714 - src.utils - INFO - Loading dataset...
2025-09-12 16:36:03,940 - src.utils - INFO - Tokenizer loaded: UBC-NLP/MARBERT
2025-09-12 16:36:03,940 - src.utils - INFO - Loading cleaned dataset from CSV file...
2025-09-12 16:36:04,728 - src.utils - INFO - Successfully loaded 50000 samples from CSV
2025-09-12 16:36:04,728 - src.utils - INFO - Data split - Train: 35000, Val: 7500, Test: 7500
2025-09-12 16:36:04,729 - src.utils - INFO - After split - Train: 35000, Val: 7500, Test: 7500
2025-09-12 16:36:04,731 - src.utils - INFO - Train label distribution: {0: 33735, 1: 1265}
2025-09-12 16:36:04,731 - src.utils - INFO - Validation label distribution: {0: 7216, 1: 284}
2025-09-12 16:36:04,731 - src.utils - INFO - Test label distribution: {0: 7250, 1: 250}
2025-09-12 16:36:04,731 - src.utils - INFO - Dataset initialized with 35000 samples
2025-09-12 16:36:04,732 - src.utils - INFO - Dataset initialized with 7500 samples
2025-09-12 16:36:04,732 - src.utils - INFO - Dataset initialized with 7500 samples
2025-09-12 16:36:05,303 - src.utils - INFO - Created WeightedRandomSampler with class weights: [2.96428042e-05 7.90513834e-04]
2025-09-12 16:36:05,303 - src.utils - INFO - Class distribution: [33735  1265]
2025-09-12 16:36:05,304 - src.utils - INFO - Using WeightedRandomSampler for training
2025-09-12 16:36:05,304 - src.utils - INFO - DataLoaders created - Batch size: 12
2025-09-12 16:36:05,304 - src.utils - INFO - Evaluator initialized on device: cuda
2025-09-12 16:36:05,304 - src.utils - INFO - Starting model evaluation...
2025-09-12 16:36:08,099 - src.utils - INFO - Model initialized with 162842882 parameters
2025-09-12 16:36:08,100 - src.utils - INFO - Trainable parameters: 162842882
2025-09-12 16:36:08,100 - src.utils - INFO - Loss function: focal
2025-09-12 16:36:08,365 - src.utils - INFO - Model created and moved to cuda
2025-09-12 16:36:09,617 - src.utils - INFO - Model loaded from C:\deep learning\Balanced data\models\best_marbert_model.pt
2025-09-12 16:36:09,618 - src.utils - INFO - Epoch: 3, Loss: 0.0250, Accuracy: 0.9629
2025-09-12 16:36:09,619 - src.utils - INFO - Best model loaded successfully
2025-09-12 16:36:09,620 - src.utils - INFO - Starting evaluation...
2025-09-12 16:36:09,620 - src.utils - INFO - Using threshold: 0.1
2025-09-12 16:36:53,626 - src.utils - INFO - 
==================================================
2025-09-12 16:36:53,627 - src.utils - INFO - EVALUATION RESULTS
2025-09-12 16:36:53,627 - src.utils - INFO - ==================================================
2025-09-12 16:36:53,627 - src.utils - INFO - Test Loss: 0.0226
2025-09-12 16:36:53,627 - src.utils - INFO - Accuracy: 0.9616
2025-09-12 16:36:53,627 - src.utils - INFO - Precision: 0.9587
2025-09-12 16:36:53,627 - src.utils - INFO - Recall: 0.9616
2025-09-12 16:36:53,627 - src.utils - INFO - F1-Score: 0.9601
2025-09-12 16:36:53,627 - src.utils - INFO - Threshold: 0.1000
2025-09-12 16:36:53,627 - src.utils - INFO - ==================================================
2025-09-12 16:36:53,629 - src.utils - INFO - 
Detailed Classification Report:
2025-09-12 16:36:53,629 - src.utils - INFO - --------------------------------------------------
2025-09-12 16:36:54,238 - src.utils - INFO - Confusion matrix saved to: C:\deep learning\Balanced data\results/confusion_matrix.png
2025-09-12 16:36:54,281 - src.utils - ERROR - Evaluation failed: Object of type int32 is not JSON serializable
2025-09-12 18:25:09,723 - src.utils - INFO - Starting training process...
2025-09-12 18:25:10,898 - src.utils - INFO - Loading dataset...
2025-09-12 18:25:11,951 - src.utils - INFO - Tokenizer loaded: UBC-NLP/MARBERT
2025-09-12 18:25:11,951 - src.utils - INFO - Loading cleaned dataset from CSV file...
2025-09-12 18:25:13,715 - src.utils - INFO - Successfully loaded 50000 samples from CSV
2025-09-12 18:25:13,715 - src.utils - INFO - Data split - Train: 35000, Val: 7500, Test: 7500
2025-09-12 18:25:13,716 - src.utils - INFO - After split - Train: 35000, Val: 7500, Test: 7500
2025-09-12 18:25:13,720 - src.utils - INFO - Train label distribution: {0: 33735, 1: 1265}
2025-09-12 18:25:13,721 - src.utils - INFO - Validation label distribution: {0: 7216, 1: 284}
2025-09-12 18:25:13,721 - src.utils - INFO - Test label distribution: {0: 7250, 1: 250}
2025-09-12 18:25:13,721 - src.utils - INFO - Dataset initialized with 35000 samples
2025-09-12 18:25:13,722 - src.utils - INFO - Dataset initialized with 7500 samples
2025-09-12 18:25:13,722 - src.utils - INFO - Dataset initialized with 7500 samples
2025-09-12 18:25:14,977 - src.utils - INFO - Created WeightedRandomSampler with class weights: [2.96428042e-05 7.90513834e-04]
2025-09-12 18:25:14,977 - src.utils - INFO - Class distribution: [33735  1265]
2025-09-12 18:25:14,978 - src.utils - INFO - Using WeightedRandomSampler for training
2025-09-12 18:25:14,979 - src.utils - INFO - DataLoaders created - Batch size: 12
2025-09-12 18:25:14,979 - src.utils - INFO - ==================================================
2025-09-12 18:25:14,979 - src.utils - INFO - DATASET INFORMATION
2025-09-12 18:25:14,980 - src.utils - INFO - ==================================================
2025-09-12 18:25:14,980 - src.utils - INFO - Training samples: 35000
2025-09-12 18:25:14,980 - src.utils - INFO - Validation samples: 7500
2025-09-12 18:25:14,980 - src.utils - INFO - Test samples: 7500
2025-09-12 18:25:14,982 - src.utils - INFO - Total samples: 50000
2025-09-12 18:25:14,982 - src.utils - INFO - Max sequence length: 128
2025-09-12 18:25:14,982 - src.utils - INFO - Batch size: 12
2025-09-12 18:25:14,983 - src.utils - INFO - ==================================================
2025-09-12 18:25:15,031 - src.utils - INFO - Mixed precision training enabled
2025-09-12 18:25:15,031 - src.utils - INFO - Trainer initialized on device: cuda
2025-09-12 18:25:15,032 - src.utils - INFO - Starting model training...
2025-09-12 18:25:19,412 - src.utils - INFO - Model initialized with 162842882 parameters
2025-09-12 18:25:19,413 - src.utils - INFO - Trainable parameters: 162842882
2025-09-12 18:25:19,415 - src.utils - INFO - Loss function: focal
2025-09-12 18:25:19,928 - src.utils - INFO - Model created and moved to cuda
2025-09-12 18:25:23,078 - src.utils - INFO - Model parameters: 162842882
2025-09-12 18:25:23,078 - src.utils - INFO - Optimizer: AdamW (lr=9e-06)
2025-09-12 18:25:23,079 - src.utils - INFO - Scheduler: Linear with warmup (100 steps)
2025-09-12 18:25:23,079 - src.utils - INFO - Starting training...
2025-09-12 18:25:23,079 - src.utils - INFO - Epochs: 3
2025-09-12 18:25:23,080 - src.utils - INFO - Batch size: 12
2025-09-12 18:25:23,080 - src.utils - INFO - Learning rate: 9e-06
2025-09-12 18:25:23,081 - src.utils - INFO - 
==================================================
2025-09-12 18:25:23,081 - src.utils - INFO - Epoch 1/3
2025-09-12 18:25:23,081 - src.utils - INFO - ==================================================
2025-09-12 18:25:52,715 - src.utils - INFO - Batch 100/2917 - Loss: 0.0492 - Avg Loss: 0.0630
2025-09-12 18:26:20,913 - src.utils - INFO - Batch 200/2917 - Loss: 0.1503 - Avg Loss: 0.0578
2025-09-12 18:26:49,406 - src.utils - INFO - Batch 300/2917 - Loss: 0.0337 - Avg Loss: 0.0546
2025-09-12 18:27:18,011 - src.utils - INFO - Batch 400/2917 - Loss: 0.0258 - Avg Loss: 0.0517
2025-09-12 18:27:46,136 - src.utils - INFO - Starting training process...
2025-09-12 18:27:46,159 - src.utils - INFO - Loading dataset...
2025-09-12 18:27:46,734 - src.utils - INFO - Tokenizer loaded: UBC-NLP/MARBERT
2025-09-12 18:27:46,735 - src.utils - INFO - Loading cleaned dataset from CSV file...
2025-09-12 18:27:47,481 - src.utils - INFO - Successfully loaded 50000 samples from CSV
2025-09-12 18:27:47,483 - src.utils - INFO - Data split - Train: 35000, Val: 7500, Test: 7500
2025-09-12 18:27:47,483 - src.utils - INFO - After split - Train: 35000, Val: 7500, Test: 7500
2025-09-12 18:27:47,485 - src.utils - INFO - Train label distribution: {0: 33735, 1: 1265}
2025-09-12 18:27:47,485 - src.utils - INFO - Validation label distribution: {0: 7216, 1: 284}
2025-09-12 18:27:47,485 - src.utils - INFO - Test label distribution: {0: 7250, 1: 250}
2025-09-12 18:27:47,485 - src.utils - INFO - Dataset initialized with 35000 samples
2025-09-12 18:27:47,485 - src.utils - INFO - Dataset initialized with 7500 samples
2025-09-12 18:27:47,485 - src.utils - INFO - Dataset initialized with 7500 samples
2025-09-12 18:27:48,000 - src.utils - INFO - Created WeightedRandomSampler with class weights: [2.96428042e-05 7.90513834e-04]
2025-09-12 18:27:48,000 - src.utils - INFO - Class distribution: [33735  1265]
2025-09-12 18:27:48,001 - src.utils - INFO - Using WeightedRandomSampler for training
2025-09-12 18:27:48,001 - src.utils - INFO - DataLoaders created - Batch size: 12
2025-09-12 18:27:48,001 - src.utils - INFO - ==================================================
2025-09-12 18:27:48,001 - src.utils - INFO - DATASET INFORMATION
2025-09-12 18:27:48,002 - src.utils - INFO - ==================================================
2025-09-12 18:27:48,002 - src.utils - INFO - Training samples: 35000
2025-09-12 18:27:48,002 - src.utils - INFO - Validation samples: 7500
2025-09-12 18:27:48,002 - src.utils - INFO - Test samples: 7500
2025-09-12 18:27:48,002 - src.utils - INFO - Total samples: 50000
2025-09-12 18:27:48,002 - src.utils - INFO - Max sequence length: 128
2025-09-12 18:27:48,002 - src.utils - INFO - Batch size: 12
2025-09-12 18:27:48,003 - src.utils - INFO - ==================================================
2025-09-12 18:27:48,007 - src.utils - INFO - Mixed precision training enabled
2025-09-12 18:27:48,007 - src.utils - INFO - Trainer initialized on device: cuda
2025-09-12 18:27:48,007 - src.utils - INFO - Starting model training...
2025-09-12 18:27:49,751 - src.utils - INFO - Model initialized with 162842882 parameters
2025-09-12 18:27:49,751 - src.utils - INFO - Trainable parameters: 162842882
2025-09-12 18:27:49,752 - src.utils - INFO - Loss function: focal
2025-09-12 18:27:49,988 - src.utils - INFO - Model created and moved to cuda
2025-09-12 18:27:51,291 - src.utils - INFO - Model parameters: 162842882
2025-09-12 18:27:51,291 - src.utils - INFO - Optimizer: AdamW (lr=9e-06)
2025-09-12 18:27:51,291 - src.utils - INFO - Scheduler: Linear with warmup (100 steps)
2025-09-12 18:27:51,291 - src.utils - INFO - Starting training...
2025-09-12 18:27:51,291 - src.utils - INFO - Epochs: 3
2025-09-12 18:27:51,292 - src.utils - INFO - Batch size: 12
2025-09-12 18:27:51,292 - src.utils - INFO - Learning rate: 9e-06
2025-09-12 18:27:51,292 - src.utils - INFO - 
==================================================
2025-09-12 18:27:51,292 - src.utils - INFO - Epoch 1/3
2025-09-12 18:27:51,292 - src.utils - INFO - ==================================================
2025-09-12 18:28:15,138 - src.utils - INFO - Batch 100/2917 - Loss: 0.0492 - Avg Loss: 0.0630
2025-09-12 18:28:38,617 - src.utils - INFO - Batch 200/2917 - Loss: 0.1503 - Avg Loss: 0.0578
2025-09-12 18:29:02,273 - src.utils - INFO - Batch 300/2917 - Loss: 0.0337 - Avg Loss: 0.0546
2025-09-12 18:29:25,998 - src.utils - INFO - Batch 400/2917 - Loss: 0.0258 - Avg Loss: 0.0517
2025-09-12 18:29:49,779 - src.utils - INFO - Batch 500/2917 - Loss: 0.0543 - Avg Loss: 0.0493
2025-09-12 18:30:13,655 - src.utils - INFO - Batch 600/2917 - Loss: 0.0205 - Avg Loss: 0.0471
2025-09-12 18:30:37,480 - src.utils - INFO - Batch 700/2917 - Loss: 0.0518 - Avg Loss: 0.0451
2025-09-12 18:31:01,287 - src.utils - INFO - Batch 800/2917 - Loss: 0.0497 - Avg Loss: 0.0434
2025-09-12 18:31:25,117 - src.utils - INFO - Batch 900/2917 - Loss: 0.0403 - Avg Loss: 0.0416
2025-09-12 18:31:49,152 - src.utils - INFO - Batch 1000/2917 - Loss: 0.0227 - Avg Loss: 0.0403
2025-09-12 18:32:13,057 - src.utils - INFO - Batch 1100/2917 - Loss: 0.0108 - Avg Loss: 0.0387
2025-09-12 18:32:37,290 - src.utils - INFO - Batch 1200/2917 - Loss: 0.0487 - Avg Loss: 0.0373
2025-09-12 18:33:01,352 - src.utils - INFO - Batch 1300/2917 - Loss: 0.0572 - Avg Loss: 0.0360
2025-09-12 18:35:01,891 - src.utils - INFO - Batch 1400/2917 - Loss: 0.0256 - Avg Loss: 0.0353
2025-09-12 18:35:25,370 - src.utils - INFO - Batch 1500/2917 - Loss: 0.0004 - Avg Loss: 0.0343
2025-09-12 18:35:48,975 - src.utils - INFO - Batch 1600/2917 - Loss: 0.0010 - Avg Loss: 0.0332
2025-09-12 18:36:12,681 - src.utils - INFO - Batch 1700/2917 - Loss: 0.0022 - Avg Loss: 0.0324
2025-09-12 18:36:36,486 - src.utils - INFO - Batch 1800/2917 - Loss: 0.0233 - Avg Loss: 0.0314
2025-09-12 18:37:00,330 - src.utils - INFO - Batch 1900/2917 - Loss: 0.0627 - Avg Loss: 0.0307
2025-09-12 18:37:24,232 - src.utils - INFO - Batch 2000/2917 - Loss: 0.0046 - Avg Loss: 0.0299
2025-09-12 18:37:48,056 - src.utils - INFO - Batch 2100/2917 - Loss: 0.0011 - Avg Loss: 0.0293
2025-09-12 18:38:11,994 - src.utils - INFO - Batch 2200/2917 - Loss: 0.0057 - Avg Loss: 0.0286
2025-09-12 18:38:36,018 - src.utils - INFO - Batch 2300/2917 - Loss: 0.0027 - Avg Loss: 0.0279
2025-09-12 18:39:00,128 - src.utils - INFO - Batch 2400/2917 - Loss: 0.0455 - Avg Loss: 0.0272
2025-09-12 18:39:24,124 - src.utils - INFO - Batch 2500/2917 - Loss: 0.0612 - Avg Loss: 0.0266
2025-09-12 18:39:48,127 - src.utils - INFO - Batch 2600/2917 - Loss: 0.0004 - Avg Loss: 0.0259
2025-09-12 18:40:12,170 - src.utils - INFO - Batch 2700/2917 - Loss: 0.0010 - Avg Loss: 0.0255
2025-09-12 18:40:36,216 - src.utils - INFO - Batch 2800/2917 - Loss: 0.0001 - Avg Loss: 0.0251
2025-09-12 18:41:00,216 - src.utils - INFO - Batch 2900/2917 - Loss: 0.0002 - Avg Loss: 0.0246
2025-09-12 18:41:34,316 - src.utils - INFO - Epoch 1 Results:
2025-09-12 18:41:34,317 - src.utils - INFO -   Train Loss: 0.0245
2025-09-12 18:41:34,317 - src.utils - INFO -   Val Loss: 0.0651
2025-09-12 18:41:34,317 - src.utils - INFO -   Val Accuracy: 0.9184
2025-09-12 18:41:34,317 - src.utils - INFO -   Epoch Time: 13.72m
2025-09-12 18:41:34,317 - src.utils - INFO - New best model! Accuracy: 0.9184
2025-09-12 18:42:18,491 - src.utils - INFO - Best model saved at epoch 1 with accuracy 0.9184
2025-09-12 18:42:18,491 - src.utils - INFO - Model checkpoint saved for epoch 1
2025-09-12 18:42:18,491 - src.utils - INFO - 
==================================================
2025-09-12 18:42:18,492 - src.utils - INFO - Epoch 2/3
2025-09-12 18:42:18,492 - src.utils - INFO - ==================================================
2025-09-12 18:42:42,320 - src.utils - INFO - Batch 100/2917 - Loss: 0.0003 - Avg Loss: 0.0085
2025-09-12 18:43:06,055 - src.utils - INFO - Batch 200/2917 - Loss: 0.0005 - Avg Loss: 0.0096
2025-09-12 18:43:29,918 - src.utils - INFO - Batch 300/2917 - Loss: 0.0006 - Avg Loss: 0.0105
2025-09-12 18:43:53,945 - src.utils - INFO - Batch 400/2917 - Loss: 0.0001 - Avg Loss: 0.0099
2025-09-12 18:44:17,944 - src.utils - INFO - Batch 500/2917 - Loss: 0.0005 - Avg Loss: 0.0096
2025-09-12 18:44:41,974 - src.utils - INFO - Batch 600/2917 - Loss: 0.0005 - Avg Loss: 0.0097
2025-09-12 18:45:05,993 - src.utils - INFO - Batch 700/2917 - Loss: 0.0003 - Avg Loss: 0.0098
2025-09-12 18:45:29,964 - src.utils - INFO - Batch 800/2917 - Loss: 0.0002 - Avg Loss: 0.0097
2025-09-12 18:45:53,958 - src.utils - INFO - Batch 900/2917 - Loss: 0.0001 - Avg Loss: 0.0096
2025-09-12 18:46:17,948 - src.utils - INFO - Batch 1000/2917 - Loss: 0.0004 - Avg Loss: 0.0094
2025-09-12 18:46:41,953 - src.utils - INFO - Batch 1100/2917 - Loss: 0.0010 - Avg Loss: 0.0093
2025-09-12 18:47:05,946 - src.utils - INFO - Batch 1200/2917 - Loss: 0.0001 - Avg Loss: 0.0090
2025-09-12 18:47:29,959 - src.utils - INFO - Batch 1300/2917 - Loss: 0.0001 - Avg Loss: 0.0089
2025-09-12 18:47:53,972 - src.utils - INFO - Batch 1400/2917 - Loss: 0.0003 - Avg Loss: 0.0087
2025-09-12 18:48:17,990 - src.utils - INFO - Batch 1500/2917 - Loss: 0.0008 - Avg Loss: 0.0084
2025-09-12 18:48:41,995 - src.utils - INFO - Batch 1600/2917 - Loss: 0.0002 - Avg Loss: 0.0082
2025-09-12 18:49:06,021 - src.utils - INFO - Batch 1700/2917 - Loss: 0.0004 - Avg Loss: 0.0082
2025-09-12 18:49:29,937 - src.utils - INFO - Batch 1800/2917 - Loss: 0.0001 - Avg Loss: 0.0081
2025-09-12 18:49:54,022 - src.utils - INFO - Batch 1900/2917 - Loss: 0.0001 - Avg Loss: 0.0079
2025-09-12 18:50:30,894 - src.utils - INFO - Batch 2000/2917 - Loss: 0.0040 - Avg Loss: 0.0078
2025-09-12 18:50:54,877 - src.utils - INFO - Batch 2100/2917 - Loss: 0.0003 - Avg Loss: 0.0077
2025-09-12 18:51:18,821 - src.utils - INFO - Batch 2200/2917 - Loss: 0.0002 - Avg Loss: 0.0076
2025-09-12 18:51:42,825 - src.utils - INFO - Batch 2300/2917 - Loss: 0.0001 - Avg Loss: 0.0075
2025-09-12 18:52:06,911 - src.utils - INFO - Batch 2400/2917 - Loss: 0.0001 - Avg Loss: 0.0076
2025-09-12 18:52:30,905 - src.utils - INFO - Batch 2500/2917 - Loss: 0.0012 - Avg Loss: 0.0074
2025-09-12 18:52:54,912 - src.utils - INFO - Batch 2600/2917 - Loss: 0.0001 - Avg Loss: 0.0074
2025-09-12 18:53:18,896 - src.utils - INFO - Batch 2700/2917 - Loss: 0.0095 - Avg Loss: 0.0073
2025-09-12 18:53:42,980 - src.utils - INFO - Batch 2800/2917 - Loss: 0.0001 - Avg Loss: 0.0072
2025-09-12 18:54:06,994 - src.utils - INFO - Batch 2900/2917 - Loss: 0.0003 - Avg Loss: 0.0071
2025-09-12 18:54:40,609 - src.utils - INFO - Epoch 2 Results:
2025-09-12 18:54:40,609 - src.utils - INFO -   Train Loss: 0.0070
2025-09-12 18:54:40,609 - src.utils - INFO -   Val Loss: 0.0599
2025-09-12 18:54:40,609 - src.utils - INFO -   Val Accuracy: 0.9508
2025-09-12 18:54:40,610 - src.utils - INFO -   Epoch Time: 12.37m
2025-09-12 18:54:40,610 - src.utils - INFO - New best model! Accuracy: 0.9508
2025-09-12 18:54:57,788 - src.utils - INFO - Best model saved at epoch 2 with accuracy 0.9508
2025-09-12 18:54:57,789 - src.utils - INFO - Model checkpoint saved for epoch 2
2025-09-12 18:54:57,789 - src.utils - INFO - 
==================================================
2025-09-12 18:54:57,789 - src.utils - INFO - Epoch 3/3
2025-09-12 18:54:57,789 - src.utils - INFO - ==================================================
2025-09-12 18:55:21,869 - src.utils - INFO - Batch 100/2917 - Loss: 0.0003 - Avg Loss: 0.0046
2025-09-12 18:55:45,783 - src.utils - INFO - Batch 200/2917 - Loss: 0.0001 - Avg Loss: 0.0039
2025-09-12 18:56:09,827 - src.utils - INFO - Batch 300/2917 - Loss: 0.0008 - Avg Loss: 0.0045
2025-09-12 18:56:33,831 - src.utils - INFO - Batch 400/2917 - Loss: 0.0001 - Avg Loss: 0.0045
2025-09-12 18:56:57,819 - src.utils - INFO - Batch 500/2917 - Loss: 0.0001 - Avg Loss: 0.0048
2025-09-12 18:57:21,830 - src.utils - INFO - Batch 600/2917 - Loss: 0.0001 - Avg Loss: 0.0050
2025-09-12 18:57:45,857 - src.utils - INFO - Batch 700/2917 - Loss: 0.0000 - Avg Loss: 0.0044
2025-09-12 18:58:09,961 - src.utils - INFO - Batch 800/2917 - Loss: 0.0000 - Avg Loss: 0.0041
2025-09-12 18:58:34,009 - src.utils - INFO - Batch 900/2917 - Loss: 0.0000 - Avg Loss: 0.0038
2025-09-12 18:58:58,030 - src.utils - INFO - Batch 1000/2917 - Loss: 0.0000 - Avg Loss: 0.0040
2025-09-12 18:59:22,058 - src.utils - INFO - Batch 1100/2917 - Loss: 0.0000 - Avg Loss: 0.0038
2025-09-12 18:59:46,113 - src.utils - INFO - Batch 1200/2917 - Loss: 0.0004 - Avg Loss: 0.0038
2025-09-12 19:00:10,066 - src.utils - INFO - Batch 1300/2917 - Loss: 0.0000 - Avg Loss: 0.0038
2025-09-12 19:00:34,353 - src.utils - INFO - Batch 1400/2917 - Loss: 0.0001 - Avg Loss: 0.0038
2025-09-12 19:00:58,361 - src.utils - INFO - Batch 1500/2917 - Loss: 0.0405 - Avg Loss: 0.0038
2025-09-12 19:01:24,637 - src.utils - INFO - Batch 1600/2917 - Loss: 0.0001 - Avg Loss: 0.0038
2025-09-12 19:01:48,657 - src.utils - INFO - Batch 1700/2917 - Loss: 0.0000 - Avg Loss: 0.0037
2025-09-12 19:02:12,776 - src.utils - INFO - Batch 1800/2917 - Loss: 0.0000 - Avg Loss: 0.0036
2025-09-12 19:02:36,804 - src.utils - INFO - Batch 1900/2917 - Loss: 0.0001 - Avg Loss: 0.0034
2025-09-12 19:03:00,847 - src.utils - INFO - Batch 2000/2917 - Loss: 0.0000 - Avg Loss: 0.0033
2025-09-12 19:03:24,892 - src.utils - INFO - Batch 2100/2917 - Loss: 0.0000 - Avg Loss: 0.0032
2025-09-12 19:03:48,932 - src.utils - INFO - Batch 2200/2917 - Loss: 0.0001 - Avg Loss: 0.0032
2025-09-12 19:04:12,974 - src.utils - INFO - Batch 2300/2917 - Loss: 0.0000 - Avg Loss: 0.0033
2025-09-12 19:04:37,047 - src.utils - INFO - Batch 2400/2917 - Loss: 0.0000 - Avg Loss: 0.0032
2025-09-12 19:05:01,104 - src.utils - INFO - Batch 2500/2917 - Loss: 0.0000 - Avg Loss: 0.0032
2025-09-12 19:05:25,152 - src.utils - INFO - Batch 2600/2917 - Loss: 0.0000 - Avg Loss: 0.0031
2025-09-12 19:06:58,868 - src.utils - INFO - Batch 2700/2917 - Loss: 0.0001 - Avg Loss: 0.0031
2025-09-12 19:07:22,563 - src.utils - INFO - Batch 2800/2917 - Loss: 0.0000 - Avg Loss: 0.0031
2025-09-12 19:07:46,402 - src.utils - INFO - Batch 2900/2917 - Loss: 0.0000 - Avg Loss: 0.0031
2025-09-12 19:08:19,905 - src.utils - INFO - Epoch 3 Results:
2025-09-12 19:08:19,906 - src.utils - INFO -   Train Loss: 0.0030
2025-09-12 19:08:19,906 - src.utils - INFO -   Val Loss: 0.0631
2025-09-12 19:08:19,906 - src.utils - INFO -   Val Accuracy: 0.9575
2025-09-12 19:08:19,906 - src.utils - INFO -   Epoch Time: 13.37m
2025-09-12 19:08:19,906 - src.utils - INFO - New best model! Accuracy: 0.9575
2025-09-12 19:09:03,665 - src.utils - INFO - Best model saved at epoch 3 with accuracy 0.9575
2025-09-12 19:09:03,666 - src.utils - INFO - Model checkpoint saved for epoch 3
2025-09-12 19:09:04,962 - src.utils - INFO - 
Training completed!
2025-09-12 19:09:04,963 - src.utils - INFO - Total time: 41.21m
2025-09-12 19:09:04,963 - src.utils - INFO - Best validation accuracy: 0.9575
2025-09-12 19:09:04,963 - src.utils - INFO - Training curves saved to: C:\deep learning\Balanced data\results\loss_curve.png
2025-09-12 19:09:04,965 - src.utils - INFO - Training completed successfully!
2025-09-12 19:09:30,939 - src.utils - INFO - Starting evaluation process...
2025-09-12 19:09:30,939 - src.utils - INFO - Loading dataset...
2025-09-12 19:09:31,545 - src.utils - INFO - Tokenizer loaded: UBC-NLP/MARBERT
2025-09-12 19:09:31,547 - src.utils - INFO - Loading cleaned dataset from CSV file...
2025-09-12 19:09:32,299 - src.utils - INFO - Successfully loaded 50000 samples from CSV
2025-09-12 19:09:32,300 - src.utils - INFO - Data split - Train: 35000, Val: 7500, Test: 7500
2025-09-12 19:09:32,300 - src.utils - INFO - After split - Train: 35000, Val: 7500, Test: 7500
2025-09-12 19:09:32,302 - src.utils - INFO - Train label distribution: {0: 33735, 1: 1265}
2025-09-12 19:09:32,302 - src.utils - INFO - Validation label distribution: {0: 7216, 1: 284}
2025-09-12 19:09:32,302 - src.utils - INFO - Test label distribution: {0: 7250, 1: 250}
2025-09-12 19:09:32,302 - src.utils - INFO - Dataset initialized with 35000 samples
2025-09-12 19:09:32,302 - src.utils - INFO - Dataset initialized with 7500 samples
2025-09-12 19:09:32,302 - src.utils - INFO - Dataset initialized with 7500 samples
2025-09-12 19:09:32,862 - src.utils - INFO - Created WeightedRandomSampler with class weights: [2.96428042e-05 7.90513834e-04]
2025-09-12 19:09:32,862 - src.utils - INFO - Class distribution: [33735  1265]
2025-09-12 19:09:32,864 - src.utils - INFO - Using WeightedRandomSampler for training
2025-09-12 19:09:32,864 - src.utils - INFO - DataLoaders created - Batch size: 12
2025-09-12 19:09:32,864 - src.utils - INFO - Evaluator initialized on device: cuda
2025-09-12 19:09:32,864 - src.utils - INFO - Starting model evaluation...
2025-09-12 19:09:35,289 - src.utils - INFO - Model initialized with 162842882 parameters
2025-09-12 19:09:35,290 - src.utils - INFO - Trainable parameters: 162842882
2025-09-12 19:09:35,290 - src.utils - INFO - Loss function: focal
2025-09-12 19:09:35,543 - src.utils - INFO - Model created and moved to cuda
2025-09-12 19:09:36,496 - src.utils - INFO - Model loaded from C:\deep learning\Balanced data\models\best_marbert_model.pt
2025-09-12 19:09:36,497 - src.utils - INFO - Epoch: 3, Loss: 0.0631, Accuracy: 0.9575
2025-09-12 19:09:36,498 - src.utils - INFO - Best model loaded successfully
2025-09-12 19:09:36,499 - src.utils - INFO - Starting evaluation...
2025-09-12 19:09:36,499 - src.utils - INFO - Using threshold: 0.3
2025-09-12 19:10:56,012 - src.utils - INFO - 
==================================================
2025-09-12 19:10:56,012 - src.utils - INFO - EVALUATION RESULTS
2025-09-12 19:10:56,012 - src.utils - INFO - ==================================================
2025-09-12 19:10:56,013 - src.utils - INFO - Test Loss: 0.0629
2025-09-12 19:10:56,013 - src.utils - INFO - Accuracy: 0.9541
2025-09-12 19:10:56,013 - src.utils - INFO - Precision: 0.9590
2025-09-12 19:10:56,013 - src.utils - INFO - Recall: 0.9541
2025-09-12 19:10:56,013 - src.utils - INFO - F1-Score: 0.9564
2025-09-12 19:10:56,013 - src.utils - INFO - Threshold: 0.3000
2025-09-12 19:10:56,013 - src.utils - INFO - ==================================================
2025-09-12 19:10:56,015 - src.utils - INFO - 
Detailed Classification Report:
2025-09-12 19:10:56,015 - src.utils - INFO - --------------------------------------------------
2025-09-12 19:10:56,623 - src.utils - INFO - Confusion matrix saved to: C:\deep learning\Balanced data\results/confusion_matrix.png
2025-09-12 19:10:56,665 - src.utils - ERROR - Evaluation failed: Object of type int32 is not JSON serializable
2025-09-12 19:23:16,694 - src.utils - INFO - Starting training process...
2025-09-12 19:23:16,753 - src.utils - INFO - Loading dataset...
2025-09-12 19:23:17,473 - src.utils - INFO - Tokenizer loaded: UBC-NLP/MARBERT
2025-09-12 19:23:17,473 - src.utils - INFO - Loading cleaned dataset from CSV file...
2025-09-12 19:23:18,250 - src.utils - INFO - Successfully loaded 50000 samples from CSV
2025-09-12 19:23:18,250 - src.utils - INFO - Data split - Train: 35000, Val: 7500, Test: 7500
2025-09-12 19:23:18,250 - src.utils - INFO - After split - Train: 35000, Val: 7500, Test: 7500
2025-09-12 19:23:18,252 - src.utils - INFO - Train label distribution: {0: 23411, 1: 11589}
2025-09-12 19:23:18,252 - src.utils - INFO - Validation label distribution: {0: 5026, 1: 2474}
2025-09-12 19:23:18,253 - src.utils - INFO - Test label distribution: {0: 5026, 1: 2474}
2025-09-12 19:23:18,253 - src.utils - INFO - Dataset initialized with 35000 samples
2025-09-12 19:23:18,253 - src.utils - INFO - Dataset initialized with 7500 samples
2025-09-12 19:23:18,253 - src.utils - INFO - Dataset initialized with 7500 samples
2025-09-12 19:23:18,774 - src.utils - INFO - Created WeightedRandomSampler with class weights: [4.27149631e-05 8.62887221e-05]
2025-09-12 19:23:18,774 - src.utils - INFO - Class distribution: [23411 11589]
2025-09-12 19:23:18,774 - src.utils - INFO - Using WeightedRandomSampler for training
2025-09-12 19:23:18,774 - src.utils - INFO - DataLoaders created - Batch size: 12
2025-09-12 19:23:18,775 - src.utils - INFO - ==================================================
2025-09-12 19:23:18,775 - src.utils - INFO - DATASET INFORMATION
2025-09-12 19:23:18,775 - src.utils - INFO - ==================================================
2025-09-12 19:23:18,775 - src.utils - INFO - Training samples: 35000
2025-09-12 19:23:18,775 - src.utils - INFO - Validation samples: 7500
2025-09-12 19:23:18,775 - src.utils - INFO - Test samples: 7500
2025-09-12 19:23:18,775 - src.utils - INFO - Total samples: 50000
2025-09-12 19:23:18,775 - src.utils - INFO - Max sequence length: 128
2025-09-12 19:23:18,776 - src.utils - INFO - Batch size: 12
2025-09-12 19:23:18,776 - src.utils - INFO - ==================================================
2025-09-12 19:23:18,799 - src.utils - INFO - Mixed precision training enabled
2025-09-12 19:23:18,799 - src.utils - INFO - Trainer initialized on device: cuda
2025-09-12 19:23:18,799 - src.utils - INFO - Starting model training...
2025-09-12 19:23:21,077 - src.utils - INFO - Model initialized with 162842882 parameters
2025-09-12 19:23:21,078 - src.utils - INFO - Trainable parameters: 162842882
2025-09-12 19:23:21,078 - src.utils - INFO - Loss function: focal
2025-09-12 19:23:21,295 - src.utils - INFO - Model created and moved to cuda
2025-09-12 19:23:22,448 - src.utils - INFO - Model parameters: 162842882
2025-09-12 19:23:22,449 - src.utils - INFO - Optimizer: AdamW (lr=9e-06)
2025-09-12 19:23:22,449 - src.utils - INFO - Scheduler: Linear with warmup (100 steps)
2025-09-12 19:23:22,449 - src.utils - INFO - Starting training...
2025-09-12 19:23:22,449 - src.utils - INFO - Epochs: 3
2025-09-12 19:23:22,449 - src.utils - INFO - Batch size: 12
2025-09-12 19:23:22,449 - src.utils - INFO - Learning rate: 9e-06
2025-09-12 19:23:22,449 - src.utils - INFO - 
==================================================
2025-09-12 19:23:22,449 - src.utils - INFO - Epoch 1/3
2025-09-12 19:23:22,449 - src.utils - INFO - ==================================================
2025-09-12 19:23:46,565 - src.utils - INFO - Batch 100/2917 - Loss: 0.0426 - Avg Loss: 0.0641
2025-09-12 19:24:10,122 - src.utils - INFO - Batch 200/2917 - Loss: 0.0395 - Avg Loss: 0.0604
2025-09-12 19:24:33,712 - src.utils - INFO - Batch 300/2917 - Loss: 0.0378 - Avg Loss: 0.0573
2025-09-12 19:24:57,500 - src.utils - INFO - Batch 400/2917 - Loss: 0.0526 - Avg Loss: 0.0557
2025-09-12 19:25:21,348 - src.utils - INFO - Batch 500/2917 - Loss: 0.0316 - Avg Loss: 0.0536
2025-09-12 19:25:45,217 - src.utils - INFO - Batch 600/2917 - Loss: 0.0169 - Avg Loss: 0.0519
2025-09-12 19:26:09,131 - src.utils - INFO - Batch 700/2917 - Loss: 0.0379 - Avg Loss: 0.0506
2025-09-12 19:26:33,063 - src.utils - INFO - Batch 800/2917 - Loss: 0.0769 - Avg Loss: 0.0497
2025-09-12 19:26:57,023 - src.utils - INFO - Batch 900/2917 - Loss: 0.0312 - Avg Loss: 0.0488
2025-09-12 19:27:21,031 - src.utils - INFO - Batch 1000/2917 - Loss: 0.0766 - Avg Loss: 0.0481
2025-09-12 19:27:45,033 - src.utils - INFO - Batch 1100/2917 - Loss: 0.0507 - Avg Loss: 0.0474
2025-09-12 19:28:09,030 - src.utils - INFO - Batch 1200/2917 - Loss: 0.0260 - Avg Loss: 0.0466
2025-09-12 19:29:03,278 - src.utils - INFO - Batch 1300/2917 - Loss: 0.0537 - Avg Loss: 0.0459
2025-09-12 19:29:26,869 - src.utils - INFO - Batch 1400/2917 - Loss: 0.0342 - Avg Loss: 0.0455
2025-09-12 19:29:50,636 - src.utils - INFO - Batch 1500/2917 - Loss: 0.0482 - Avg Loss: 0.0451
2025-09-12 19:30:14,520 - src.utils - INFO - Batch 1600/2917 - Loss: 0.0447 - Avg Loss: 0.0444
2025-09-12 19:30:38,443 - src.utils - INFO - Batch 1700/2917 - Loss: 0.0319 - Avg Loss: 0.0437
2025-09-12 19:31:02,399 - src.utils - INFO - Batch 1800/2917 - Loss: 0.0395 - Avg Loss: 0.0432
2025-09-12 19:31:26,294 - src.utils - INFO - Batch 1900/2917 - Loss: 0.0533 - Avg Loss: 0.0427
2025-09-12 19:31:50,305 - src.utils - INFO - Batch 2000/2917 - Loss: 0.0424 - Avg Loss: 0.0422
2025-09-12 19:32:14,318 - src.utils - INFO - Batch 2100/2917 - Loss: 0.0739 - Avg Loss: 0.0416
2025-09-12 19:32:38,340 - src.utils - INFO - Batch 2200/2917 - Loss: 0.0050 - Avg Loss: 0.0411
2025-09-12 19:33:02,378 - src.utils - INFO - Batch 2300/2917 - Loss: 0.0092 - Avg Loss: 0.0406
2025-09-12 19:33:26,429 - src.utils - INFO - Batch 2400/2917 - Loss: 0.0088 - Avg Loss: 0.0403
2025-09-12 19:33:50,513 - src.utils - INFO - Batch 2500/2917 - Loss: 0.0655 - Avg Loss: 0.0398
2025-09-12 19:34:14,578 - src.utils - INFO - Batch 2600/2917 - Loss: 0.0117 - Avg Loss: 0.0394
2025-09-12 19:34:38,980 - src.utils - INFO - Batch 2700/2917 - Loss: 0.0548 - Avg Loss: 0.0391
2025-09-12 19:35:03,005 - src.utils - INFO - Batch 2800/2917 - Loss: 0.0489 - Avg Loss: 0.0388
2025-09-12 19:35:27,076 - src.utils - INFO - Batch 2900/2917 - Loss: 0.0147 - Avg Loss: 0.0384
2025-09-12 19:36:01,109 - src.utils - INFO - Epoch 1 Results:
2025-09-12 19:36:01,109 - src.utils - INFO -   Train Loss: 0.0383
2025-09-12 19:36:01,109 - src.utils - INFO -   Val Loss: 0.0435
2025-09-12 19:36:01,109 - src.utils - INFO -   Val Accuracy: 0.8552
2025-09-12 19:36:01,110 - src.utils - INFO -   Epoch Time: 12.64m
2025-09-12 19:36:01,110 - src.utils - INFO - New best model! Accuracy: 0.8552
2025-09-12 19:36:44,208 - src.utils - INFO - Best model saved at epoch 1 with accuracy 0.8552
2025-09-12 19:36:44,208 - src.utils - INFO - Model checkpoint saved for epoch 1
2025-09-12 19:36:44,208 - src.utils - INFO - 
==================================================
2025-09-12 19:36:44,208 - src.utils - INFO - Epoch 2/3
2025-09-12 19:36:44,208 - src.utils - INFO - ==================================================
2025-09-12 19:37:07,819 - src.utils - INFO - Batch 100/2917 - Loss: 0.0044 - Avg Loss: 0.0295
2025-09-12 19:37:31,608 - src.utils - INFO - Batch 200/2917 - Loss: 0.0190 - Avg Loss: 0.0293
2025-09-12 19:37:55,501 - src.utils - INFO - Batch 300/2917 - Loss: 0.0052 - Avg Loss: 0.0286
2025-09-12 19:38:19,480 - src.utils - INFO - Batch 400/2917 - Loss: 0.0042 - Avg Loss: 0.0281
2025-09-12 19:38:43,496 - src.utils - INFO - Batch 500/2917 - Loss: 0.0246 - Avg Loss: 0.0281
2025-09-12 19:39:07,551 - src.utils - INFO - Batch 600/2917 - Loss: 0.0098 - Avg Loss: 0.0279
2025-09-12 19:40:10,285 - src.utils - INFO - Batch 700/2917 - Loss: 0.0298 - Avg Loss: 0.0274
2025-09-12 19:40:34,046 - src.utils - INFO - Batch 800/2917 - Loss: 0.0028 - Avg Loss: 0.0273
2025-09-12 19:40:57,913 - src.utils - INFO - Batch 900/2917 - Loss: 0.0021 - Avg Loss: 0.0270
2025-09-12 19:41:21,905 - src.utils - INFO - Batch 1000/2917 - Loss: 0.0062 - Avg Loss: 0.0272
2025-09-12 19:41:45,938 - src.utils - INFO - Batch 1100/2917 - Loss: 0.0303 - Avg Loss: 0.0268
2025-09-12 19:42:09,955 - src.utils - INFO - Batch 1200/2917 - Loss: 0.0030 - Avg Loss: 0.0266
2025-09-12 19:42:34,109 - src.utils - INFO - Batch 1300/2917 - Loss: 0.0239 - Avg Loss: 0.0264
2025-09-12 19:42:58,156 - src.utils - INFO - Batch 1400/2917 - Loss: 0.1007 - Avg Loss: 0.0260
2025-09-12 19:43:22,225 - src.utils - INFO - Batch 1500/2917 - Loss: 0.0139 - Avg Loss: 0.0258
2025-09-12 19:43:46,288 - src.utils - INFO - Batch 1600/2917 - Loss: 0.0347 - Avg Loss: 0.0258
2025-09-12 19:44:10,383 - src.utils - INFO - Batch 1700/2917 - Loss: 0.0060 - Avg Loss: 0.0255
2025-09-12 19:44:34,692 - src.utils - INFO - Batch 1800/2917 - Loss: 0.0111 - Avg Loss: 0.0253
2025-09-12 19:44:58,733 - src.utils - INFO - Batch 1900/2917 - Loss: 0.0145 - Avg Loss: 0.0253
2025-09-12 19:45:22,857 - src.utils - INFO - Batch 2000/2917 - Loss: 0.0061 - Avg Loss: 0.0251
2025-09-12 19:46:13,425 - src.utils - INFO - Batch 2100/2917 - Loss: 0.0169 - Avg Loss: 0.0248
2025-09-12 19:46:37,227 - src.utils - INFO - Batch 2200/2917 - Loss: 0.0245 - Avg Loss: 0.0248
2025-09-12 19:47:01,131 - src.utils - INFO - Batch 2300/2917 - Loss: 0.0016 - Avg Loss: 0.0246
2025-09-12 19:47:25,158 - src.utils - INFO - Batch 2400/2917 - Loss: 0.0013 - Avg Loss: 0.0245
2025-09-12 19:47:49,198 - src.utils - INFO - Batch 2500/2917 - Loss: 0.0051 - Avg Loss: 0.0244
2025-09-12 19:48:13,248 - src.utils - INFO - Batch 2600/2917 - Loss: 0.0029 - Avg Loss: 0.0244
2025-09-12 19:48:37,315 - src.utils - INFO - Batch 2700/2917 - Loss: 0.0195 - Avg Loss: 0.0243
2025-09-12 19:49:01,395 - src.utils - INFO - Batch 2800/2917 - Loss: 0.0294 - Avg Loss: 0.0242
2025-09-12 19:49:25,444 - src.utils - INFO - Batch 2900/2917 - Loss: 0.0231 - Avg Loss: 0.0241
2025-09-12 19:49:59,393 - src.utils - INFO - Epoch 2 Results:
2025-09-12 19:49:59,394 - src.utils - INFO -   Train Loss: 0.0241
2025-09-12 19:49:59,394 - src.utils - INFO -   Val Loss: 0.0420
2025-09-12 19:49:59,394 - src.utils - INFO -   Val Accuracy: 0.8625
2025-09-12 19:49:59,394 - src.utils - INFO -   Epoch Time: 13.25m
2025-09-12 19:49:59,394 - src.utils - INFO - New best model! Accuracy: 0.8625
2025-09-12 19:50:10,911 - src.utils - INFO - Best model saved at epoch 2 with accuracy 0.8625
2025-09-12 19:50:10,911 - src.utils - INFO - Model checkpoint saved for epoch 2
2025-09-12 19:50:10,911 - src.utils - INFO - 
==================================================
2025-09-12 19:50:10,912 - src.utils - INFO - Epoch 3/3
2025-09-12 19:50:10,912 - src.utils - INFO - ==================================================
2025-09-12 19:50:35,032 - src.utils - INFO - Batch 100/2917 - Loss: 0.0153 - Avg Loss: 0.0180
2025-09-12 19:50:59,049 - src.utils - INFO - Batch 200/2917 - Loss: 0.0151 - Avg Loss: 0.0210
2025-09-12 19:52:13,129 - src.utils - INFO - Batch 300/2917 - Loss: 0.0085 - Avg Loss: 0.0210
2025-09-12 19:52:42,339 - src.utils - INFO - Batch 400/2917 - Loss: 0.0161 - Avg Loss: 0.0203
2025-09-12 19:53:11,256 - src.utils - INFO - Batch 500/2917 - Loss: 0.0039 - Avg Loss: 0.0199
2025-09-12 19:53:40,332 - src.utils - INFO - Batch 600/2917 - Loss: 0.0064 - Avg Loss: 0.0199
2025-09-12 19:54:09,457 - src.utils - INFO - Batch 700/2917 - Loss: 0.0147 - Avg Loss: 0.0197
2025-09-12 19:54:38,631 - src.utils - INFO - Batch 800/2917 - Loss: 0.0111 - Avg Loss: 0.0198
2025-09-12 19:55:41,673 - src.utils - INFO - Batch 900/2917 - Loss: 0.0109 - Avg Loss: 0.0197
2025-09-12 19:56:10,183 - src.utils - INFO - Batch 1000/2917 - Loss: 0.0668 - Avg Loss: 0.0199
2025-09-12 19:56:38,897 - src.utils - INFO - Batch 1100/2917 - Loss: 0.0024 - Avg Loss: 0.0196
2025-09-12 19:57:07,791 - src.utils - INFO - Batch 1200/2917 - Loss: 0.0338 - Avg Loss: 0.0198
2025-09-12 19:57:36,726 - src.utils - INFO - Batch 1300/2917 - Loss: 0.0149 - Avg Loss: 0.0197
2025-09-12 19:58:05,719 - src.utils - INFO - Batch 1400/2917 - Loss: 0.0025 - Avg Loss: 0.0195
2025-09-12 19:58:34,826 - src.utils - INFO - Batch 1500/2917 - Loss: 0.1077 - Avg Loss: 0.0195
2025-09-12 19:59:04,033 - src.utils - INFO - Batch 1600/2917 - Loss: 0.0428 - Avg Loss: 0.0195
2025-09-12 19:59:33,210 - src.utils - INFO - Batch 1700/2917 - Loss: 0.0015 - Avg Loss: 0.0193
2025-09-12 20:00:02,487 - src.utils - INFO - Batch 1800/2917 - Loss: 0.0033 - Avg Loss: 0.0193
2025-09-12 20:00:31,780 - src.utils - INFO - Batch 1900/2917 - Loss: 0.0014 - Avg Loss: 0.0191
2025-09-12 20:01:01,183 - src.utils - INFO - Batch 2000/2917 - Loss: 0.0195 - Avg Loss: 0.0191
2025-09-12 20:01:30,700 - src.utils - INFO - Batch 2100/2917 - Loss: 0.0030 - Avg Loss: 0.0192
2025-09-12 20:02:00,217 - src.utils - INFO - Batch 2200/2917 - Loss: 0.0040 - Avg Loss: 0.0192
2025-09-12 20:02:29,667 - src.utils - INFO - Batch 2300/2917 - Loss: 0.0123 - Avg Loss: 0.0191
2025-09-12 20:02:59,105 - src.utils - INFO - Batch 2400/2917 - Loss: 0.0044 - Avg Loss: 0.0189
2025-09-12 20:03:28,643 - src.utils - INFO - Batch 2500/2917 - Loss: 0.0073 - Avg Loss: 0.0189
2025-09-12 20:03:58,161 - src.utils - INFO - Batch 2600/2917 - Loss: 0.0487 - Avg Loss: 0.0188
2025-09-12 20:04:27,662 - src.utils - INFO - Batch 2700/2917 - Loss: 0.0997 - Avg Loss: 0.0187
2025-09-12 20:04:57,190 - src.utils - INFO - Batch 2800/2917 - Loss: 0.0010 - Avg Loss: 0.0186
2025-09-12 20:05:26,689 - src.utils - INFO - Batch 2900/2917 - Loss: 0.0104 - Avg Loss: 0.0186
2025-09-12 20:06:09,121 - src.utils - INFO - Epoch 3 Results:
2025-09-12 20:06:09,121 - src.utils - INFO -   Train Loss: 0.0186
2025-09-12 20:06:09,122 - src.utils - INFO -   Val Loss: 0.0562
2025-09-12 20:06:09,122 - src.utils - INFO -   Val Accuracy: 0.8729
2025-09-12 20:06:09,122 - src.utils - INFO -   Epoch Time: 15.97m
2025-09-12 20:06:09,123 - src.utils - INFO - New best model! Accuracy: 0.8729
2025-09-12 20:06:24,163 - src.utils - INFO - Best model saved at epoch 3 with accuracy 0.8729
2025-09-12 20:06:24,163 - src.utils - INFO - Model checkpoint saved for epoch 3
2025-09-12 20:06:26,037 - src.utils - INFO - 
Training completed!
2025-09-12 20:06:26,037 - src.utils - INFO - Total time: 43.03m
2025-09-12 20:06:26,037 - src.utils - INFO - Best validation accuracy: 0.8729
2025-09-12 20:06:26,037 - src.utils - INFO - Training curves saved to: C:\deep learning\Balanced data\results\loss_curve.png
2025-09-12 20:06:26,041 - src.utils - INFO - Training completed successfully!
2025-09-12 20:07:35,848 - src.utils - INFO - Starting evaluation process...
2025-09-12 20:07:35,848 - src.utils - INFO - Loading dataset...
2025-09-12 20:07:36,754 - src.utils - INFO - Tokenizer loaded: UBC-NLP/MARBERT
2025-09-12 20:07:36,755 - src.utils - INFO - Loading cleaned dataset from CSV file...
2025-09-12 20:07:38,463 - src.utils - INFO - Successfully loaded 50000 samples from CSV
2025-09-12 20:07:38,466 - src.utils - INFO - Data split - Train: 35000, Val: 7500, Test: 7500
2025-09-12 20:07:38,468 - src.utils - INFO - After split - Train: 35000, Val: 7500, Test: 7500
2025-09-12 20:07:38,473 - src.utils - INFO - Train label distribution: {0: 23411, 1: 11589}
2025-09-12 20:07:38,473 - src.utils - INFO - Validation label distribution: {0: 5026, 1: 2474}
2025-09-12 20:07:38,474 - src.utils - INFO - Test label distribution: {0: 5026, 1: 2474}
2025-09-12 20:07:38,474 - src.utils - INFO - Dataset initialized with 35000 samples
2025-09-12 20:07:38,474 - src.utils - INFO - Dataset initialized with 7500 samples
2025-09-12 20:07:38,475 - src.utils - INFO - Dataset initialized with 7500 samples
2025-09-12 20:07:40,869 - src.utils - INFO - Created WeightedRandomSampler with class weights: [4.27149631e-05 8.62887221e-05]
2025-09-12 20:07:40,870 - src.utils - INFO - Class distribution: [23411 11589]
2025-09-12 20:07:40,871 - src.utils - INFO - Using WeightedRandomSampler for training
2025-09-12 20:07:40,872 - src.utils - INFO - DataLoaders created - Batch size: 12
2025-09-12 20:07:40,872 - src.utils - INFO - Evaluator initialized on device: cuda
2025-09-12 20:07:40,872 - src.utils - INFO - Starting model evaluation...
2025-09-12 20:07:45,013 - src.utils - INFO - Model initialized with 162842882 parameters
2025-09-12 20:07:45,014 - src.utils - INFO - Trainable parameters: 162842882
2025-09-12 20:07:45,014 - src.utils - INFO - Loss function: focal
2025-09-12 20:07:45,448 - src.utils - INFO - Model created and moved to cuda
2025-09-12 20:07:47,028 - src.utils - INFO - Model loaded from C:\deep learning\Balanced data\models\best_marbert_model.pt
2025-09-12 20:07:47,028 - src.utils - INFO - Epoch: 3, Loss: 0.0562, Accuracy: 0.8729
2025-09-12 20:07:47,030 - src.utils - INFO - Best model loaded successfully
2025-09-12 20:07:47,033 - src.utils - INFO - Starting evaluation...
2025-09-12 20:07:47,033 - src.utils - INFO - Using threshold: 0.3
2025-09-12 20:09:49,222 - src.utils - INFO - 
==================================================
2025-09-12 20:09:49,223 - src.utils - INFO - EVALUATION RESULTS
2025-09-12 20:09:49,223 - src.utils - INFO - ==================================================
2025-09-12 20:09:49,223 - src.utils - INFO - Test Loss: 0.0625
2025-09-12 20:09:49,225 - src.utils - INFO - Accuracy: 0.8492
2025-09-12 20:09:49,225 - src.utils - INFO - Precision: 0.8687
2025-09-12 20:09:49,225 - src.utils - INFO - Recall: 0.8492
2025-09-12 20:09:49,226 - src.utils - INFO - F1-Score: 0.8527
2025-09-12 20:09:49,226 - src.utils - INFO - Threshold: 0.3000
2025-09-12 20:09:49,226 - src.utils - INFO - ==================================================
2025-09-12 20:09:49,228 - src.utils - INFO - 
Detailed Classification Report:
2025-09-12 20:09:49,229 - src.utils - INFO - --------------------------------------------------
2025-09-12 20:09:50,500 - src.utils - INFO - Confusion matrix saved to: C:\deep learning\Balanced data\results/confusion_matrix.png
2025-09-12 20:09:50,621 - src.utils - ERROR - Evaluation failed: Object of type int32 is not JSON serializable
2025-09-14 05:54:44,596 - src.utils - INFO - Starting training process...
2025-09-14 05:54:45,766 - src.utils - INFO - Loading dataset...
2025-09-14 05:54:46,667 - src.utils - INFO - Tokenizer loaded: UBC-NLP/MARBERT
2025-09-14 05:54:46,668 - src.utils - INFO - Loading cleaned dataset from CSV file...
2025-09-14 05:54:48,434 - src.utils - INFO - Successfully loaded 50000 samples from CSV
2025-09-14 05:54:48,435 - src.utils - INFO - Data split - Train: 35000, Val: 7500, Test: 7500
2025-09-14 05:54:48,436 - src.utils - INFO - After split - Train: 35000, Val: 7500, Test: 7500
2025-09-14 05:54:48,441 - src.utils - INFO - Train label distribution: {0: 23411, 1: 11589}
2025-09-14 05:54:48,441 - src.utils - INFO - Validation label distribution: {0: 5026, 1: 2474}
2025-09-14 05:54:48,441 - src.utils - INFO - Test label distribution: {0: 5026, 1: 2474}
2025-09-14 05:54:48,441 - src.utils - INFO - Dataset initialized with 35000 samples
2025-09-14 05:54:48,442 - src.utils - INFO - Dataset initialized with 7500 samples
2025-09-14 05:54:48,442 - src.utils - INFO - Dataset initialized with 7500 samples
2025-09-14 05:54:49,806 - src.utils - INFO - Created WeightedRandomSampler with class weights: [4.27149631e-05 8.62887221e-05]
2025-09-14 05:54:49,806 - src.utils - INFO - Class distribution: [23411 11589]
2025-09-14 05:54:49,807 - src.utils - INFO - Using WeightedRandomSampler for training
2025-09-14 05:54:49,808 - src.utils - INFO - DataLoaders created - Batch size: 12
2025-09-14 05:54:49,808 - src.utils - INFO - ==================================================
2025-09-14 05:54:49,809 - src.utils - INFO - DATASET INFORMATION
2025-09-14 05:54:49,809 - src.utils - INFO - ==================================================
2025-09-14 05:54:49,809 - src.utils - INFO - Training samples: 35000
2025-09-14 05:54:49,810 - src.utils - INFO - Validation samples: 7500
2025-09-14 05:54:49,810 - src.utils - INFO - Test samples: 7500
2025-09-14 05:54:49,810 - src.utils - INFO - Total samples: 50000
2025-09-14 05:54:49,810 - src.utils - INFO - Max sequence length: 128
2025-09-14 05:54:49,811 - src.utils - INFO - Batch size: 12
2025-09-14 05:54:49,811 - src.utils - INFO - ==================================================
2025-09-14 05:54:49,831 - src.utils - INFO - Mixed precision training enabled
2025-09-14 05:54:49,832 - src.utils - INFO - Trainer initialized on device: cuda
2025-09-14 05:54:49,832 - src.utils - INFO - Starting model training...
2025-09-14 05:54:54,196 - src.utils - INFO - Model initialized with 162842882 parameters
2025-09-14 05:54:54,197 - src.utils - INFO - Trainable parameters: 162842882
2025-09-14 05:54:54,198 - src.utils - INFO - Loss function: focal
2025-09-14 05:54:54,676 - src.utils - INFO - Model created and moved to cuda
2025-09-14 05:54:57,592 - src.utils - INFO - Model parameters: 162842882
2025-09-14 05:54:57,592 - src.utils - INFO - Optimizer: AdamW (lr=9e-06)
2025-09-14 05:54:57,593 - src.utils - INFO - Scheduler: Linear with warmup (100 steps)
2025-09-14 05:54:57,593 - src.utils - INFO - Starting training...
2025-09-14 05:54:57,594 - src.utils - INFO - Epochs: 5
2025-09-14 05:54:57,594 - src.utils - INFO - Batch size: 12
2025-09-14 05:54:57,594 - src.utils - INFO - Learning rate: 9e-06
2025-09-14 05:54:57,594 - src.utils - INFO - 
==================================================
2025-09-14 05:54:57,594 - src.utils - INFO - Epoch 1/5
2025-09-14 05:54:57,595 - src.utils - INFO - ==================================================
2025-09-14 05:55:27,151 - src.utils - INFO - Batch 100/2917 - Loss: 0.0426 - Avg Loss: 0.0641
2025-09-14 05:55:55,127 - src.utils - INFO - Batch 200/2917 - Loss: 0.0394 - Avg Loss: 0.0604
2025-09-14 05:56:18,636 - src.utils - INFO - Batch 300/2917 - Loss: 0.0377 - Avg Loss: 0.0573
2025-09-14 05:56:42,283 - src.utils - INFO - Batch 400/2917 - Loss: 0.0524 - Avg Loss: 0.0557
2025-09-14 05:57:05,922 - src.utils - INFO - Batch 500/2917 - Loss: 0.0315 - Avg Loss: 0.0537
2025-09-14 05:57:29,605 - src.utils - INFO - Batch 600/2917 - Loss: 0.0173 - Avg Loss: 0.0519
2025-09-14 05:57:53,322 - src.utils - INFO - Batch 700/2917 - Loss: 0.0370 - Avg Loss: 0.0506
2025-09-14 05:58:17,090 - src.utils - INFO - Batch 800/2917 - Loss: 0.0787 - Avg Loss: 0.0497
2025-09-14 05:58:40,930 - src.utils - INFO - Batch 900/2917 - Loss: 0.0313 - Avg Loss: 0.0489
2025-09-14 05:59:04,807 - src.utils - INFO - Batch 1000/2917 - Loss: 0.0784 - Avg Loss: 0.0481
2025-09-14 05:59:28,712 - src.utils - INFO - Batch 1100/2917 - Loss: 0.0521 - Avg Loss: 0.0475
2025-09-14 05:59:52,705 - src.utils - INFO - Batch 1200/2917 - Loss: 0.0271 - Avg Loss: 0.0466
2025-09-14 06:00:16,572 - src.utils - INFO - Batch 1300/2917 - Loss: 0.0518 - Avg Loss: 0.0459
2025-09-14 06:00:40,481 - src.utils - INFO - Batch 1400/2917 - Loss: 0.0349 - Avg Loss: 0.0455
2025-09-14 06:01:04,466 - src.utils - INFO - Batch 1500/2917 - Loss: 0.0293 - Avg Loss: 0.0451
2025-09-14 06:01:28,730 - src.utils - INFO - Batch 1600/2917 - Loss: 0.0443 - Avg Loss: 0.0444
2025-09-14 06:01:52,765 - src.utils - INFO - Batch 1700/2917 - Loss: 0.0326 - Avg Loss: 0.0437
2025-09-14 06:02:16,835 - src.utils - INFO - Batch 1800/2917 - Loss: 0.0394 - Avg Loss: 0.0432
2025-09-14 06:02:40,932 - src.utils - INFO - Batch 1900/2917 - Loss: 0.0482 - Avg Loss: 0.0427
2025-09-14 06:03:04,965 - src.utils - INFO - Batch 2000/2917 - Loss: 0.0416 - Avg Loss: 0.0422
2025-09-14 06:03:28,888 - src.utils - INFO - Batch 2100/2917 - Loss: 0.0757 - Avg Loss: 0.0416
2025-09-14 06:03:52,947 - src.utils - INFO - Batch 2200/2917 - Loss: 0.0061 - Avg Loss: 0.0411
2025-09-14 06:04:16,988 - src.utils - INFO - Batch 2300/2917 - Loss: 0.0094 - Avg Loss: 0.0407
2025-09-14 06:04:41,165 - src.utils - INFO - Batch 2400/2917 - Loss: 0.0076 - Avg Loss: 0.0403
2025-09-14 14:11:13,110 - src.utils - INFO - Batch 2500/2917 - Loss: 0.0680 - Avg Loss: 0.0398
2025-09-14 14:11:36,734 - src.utils - INFO - Batch 2600/2917 - Loss: 0.0112 - Avg Loss: 0.0395
2025-09-14 14:12:00,379 - src.utils - INFO - Batch 2700/2917 - Loss: 0.0513 - Avg Loss: 0.0392
2025-09-14 14:12:24,213 - src.utils - INFO - Batch 2800/2917 - Loss: 0.0427 - Avg Loss: 0.0388
2025-09-14 14:12:47,983 - src.utils - INFO - Batch 2900/2917 - Loss: 0.0159 - Avg Loss: 0.0385
2025-09-14 14:13:21,486 - src.utils - INFO - Epoch 1 Results:
2025-09-14 14:13:21,486 - src.utils - INFO -   Train Loss: 0.0383
2025-09-14 14:13:21,486 - src.utils - INFO -   Val Loss: 0.0436
2025-09-14 14:13:21,487 - src.utils - INFO -   Val Accuracy: 0.8535
2025-09-14 14:13:21,487 - src.utils - INFO -   Epoch Time: 8.31h
2025-09-14 14:13:21,487 - src.utils - INFO - New best model! Accuracy: 0.8535
2025-09-14 14:13:34,760 - src.utils - INFO - Best model saved at epoch 1 with accuracy 0.8535
2025-09-14 14:13:34,760 - src.utils - INFO - Model checkpoint saved for epoch 1
2025-09-14 14:13:34,760 - src.utils - INFO - 
==================================================
2025-09-14 14:13:34,760 - src.utils - INFO - Epoch 2/5
2025-09-14 14:13:34,760 - src.utils - INFO - ==================================================
2025-09-14 14:13:58,588 - src.utils - INFO - Batch 100/2917 - Loss: 0.0042 - Avg Loss: 0.0289
2025-09-14 14:14:22,266 - src.utils - INFO - Batch 200/2917 - Loss: 0.0193 - Avg Loss: 0.0288
2025-09-14 14:14:46,044 - src.utils - INFO - Batch 300/2917 - Loss: 0.0048 - Avg Loss: 0.0283
2025-09-14 14:15:09,873 - src.utils - INFO - Batch 400/2917 - Loss: 0.0064 - Avg Loss: 0.0280
2025-09-14 14:15:34,036 - src.utils - INFO - Batch 500/2917 - Loss: 0.0244 - Avg Loss: 0.0280
2025-09-14 14:15:57,940 - src.utils - INFO - Batch 600/2917 - Loss: 0.0086 - Avg Loss: 0.0278
2025-09-14 14:16:22,041 - src.utils - INFO - Batch 700/2917 - Loss: 0.0270 - Avg Loss: 0.0274
2025-09-14 14:28:03,570 - src.utils - INFO - Batch 800/2917 - Loss: 0.0029 - Avg Loss: 0.0272
2025-09-14 14:28:26,993 - src.utils - INFO - Batch 900/2917 - Loss: 0.0022 - Avg Loss: 0.0271
2025-09-14 14:28:50,641 - src.utils - INFO - Batch 1000/2917 - Loss: 0.0046 - Avg Loss: 0.0272
2025-09-14 14:29:14,346 - src.utils - INFO - Batch 1100/2917 - Loss: 0.0243 - Avg Loss: 0.0268
2025-09-14 14:29:38,083 - src.utils - INFO - Batch 1200/2917 - Loss: 0.0025 - Avg Loss: 0.0266
2025-09-14 14:30:01,897 - src.utils - INFO - Batch 1300/2917 - Loss: 0.0209 - Avg Loss: 0.0264
2025-09-14 14:30:25,761 - src.utils - INFO - Batch 1400/2917 - Loss: 0.0924 - Avg Loss: 0.0261
2025-09-14 14:30:49,667 - src.utils - INFO - Batch 1500/2917 - Loss: 0.0108 - Avg Loss: 0.0259
2025-09-14 14:31:13,595 - src.utils - INFO - Batch 1600/2917 - Loss: 0.0338 - Avg Loss: 0.0258
2025-09-14 14:31:37,566 - src.utils - INFO - Batch 1700/2917 - Loss: 0.0056 - Avg Loss: 0.0255
2025-09-14 14:32:01,553 - src.utils - INFO - Batch 1800/2917 - Loss: 0.0142 - Avg Loss: 0.0253
2025-09-14 14:32:25,526 - src.utils - INFO - Batch 1900/2917 - Loss: 0.0080 - Avg Loss: 0.0253
2025-09-14 14:32:49,533 - src.utils - INFO - Batch 2000/2917 - Loss: 0.0074 - Avg Loss: 0.0252
2025-09-14 15:11:37,124 - src.utils - INFO - Batch 2100/2917 - Loss: 0.0569 - Avg Loss: 0.0250
2025-09-14 15:12:00,699 - src.utils - INFO - Batch 2200/2917 - Loss: 0.0246 - Avg Loss: 0.0249
2025-09-14 15:12:24,534 - src.utils - INFO - Batch 2300/2917 - Loss: 0.0014 - Avg Loss: 0.0248
2025-09-14 15:12:48,192 - src.utils - INFO - Batch 2400/2917 - Loss: 0.0012 - Avg Loss: 0.0247
2025-09-14 15:13:11,858 - src.utils - INFO - Batch 2500/2917 - Loss: 0.0046 - Avg Loss: 0.0246
2025-09-14 15:13:35,549 - src.utils - INFO - Batch 2600/2917 - Loss: 0.0035 - Avg Loss: 0.0245
2025-09-14 15:13:59,307 - src.utils - INFO - Batch 2700/2917 - Loss: 0.0396 - Avg Loss: 0.0246
2025-09-14 15:14:23,105 - src.utils - INFO - Batch 2800/2917 - Loss: 0.0287 - Avg Loss: 0.0245
2025-09-14 15:14:46,947 - src.utils - INFO - Batch 2900/2917 - Loss: 0.0192 - Avg Loss: 0.0244
2025-09-14 15:15:21,120 - src.utils - INFO - Epoch 2 Results:
2025-09-14 15:15:21,120 - src.utils - INFO -   Train Loss: 0.0243
2025-09-14 15:15:21,120 - src.utils - INFO -   Val Loss: 0.0412
2025-09-14 15:15:21,120 - src.utils - INFO -   Val Accuracy: 0.8643
2025-09-14 15:15:21,120 - src.utils - INFO -   Epoch Time: 1.03h
2025-09-14 15:15:21,120 - src.utils - INFO - New best model! Accuracy: 0.8643
2025-09-14 15:15:35,358 - src.utils - INFO - Best model saved at epoch 2 with accuracy 0.8643
2025-09-14 15:15:35,360 - src.utils - INFO - Model checkpoint saved for epoch 2
2025-09-14 15:15:35,360 - src.utils - INFO - 
==================================================
2025-09-14 15:15:35,360 - src.utils - INFO - Epoch 3/5
2025-09-14 15:15:35,360 - src.utils - INFO - ==================================================
2025-09-14 15:15:59,400 - src.utils - INFO - Batch 100/2917 - Loss: 0.0136 - Avg Loss: 0.0185
2025-09-14 15:16:23,312 - src.utils - INFO - Batch 200/2917 - Loss: 0.0072 - Avg Loss: 0.0220
2025-09-14 15:16:47,351 - src.utils - INFO - Batch 300/2917 - Loss: 0.0065 - Avg Loss: 0.0218
2025-09-14 15:17:11,611 - src.utils - INFO - Batch 400/2917 - Loss: 0.0137 - Avg Loss: 0.0212
2025-09-14 15:17:35,570 - src.utils - INFO - Batch 500/2917 - Loss: 0.0018 - Avg Loss: 0.0206
2025-09-14 15:17:59,598 - src.utils - INFO - Batch 600/2917 - Loss: 0.0408 - Avg Loss: 0.0204
2025-09-14 15:18:23,659 - src.utils - INFO - Batch 700/2917 - Loss: 0.0097 - Avg Loss: 0.0200
2025-09-14 15:18:47,653 - src.utils - INFO - Batch 800/2917 - Loss: 0.0071 - Avg Loss: 0.0200
2025-09-14 15:19:11,761 - src.utils - INFO - Batch 900/2917 - Loss: 0.0186 - Avg Loss: 0.0199
2025-09-14 15:19:35,866 - src.utils - INFO - Batch 1000/2917 - Loss: 0.0526 - Avg Loss: 0.0200
2025-09-14 15:19:59,951 - src.utils - INFO - Batch 1100/2917 - Loss: 0.0018 - Avg Loss: 0.0198
2025-09-14 15:20:24,120 - src.utils - INFO - Batch 1200/2917 - Loss: 0.0298 - Avg Loss: 0.0199
2025-09-14 15:20:48,204 - src.utils - INFO - Batch 1300/2917 - Loss: 0.0122 - Avg Loss: 0.0199
2025-09-14 15:21:12,335 - src.utils - INFO - Batch 1400/2917 - Loss: 0.0018 - Avg Loss: 0.0196
2025-09-14 15:21:36,456 - src.utils - INFO - Batch 1500/2917 - Loss: 0.1218 - Avg Loss: 0.0195
2025-09-14 15:22:00,658 - src.utils - INFO - Batch 1600/2917 - Loss: 0.0369 - Avg Loss: 0.0196
2025-09-14 15:38:16,532 - src.utils - INFO - Batch 1700/2917 - Loss: 0.0119 - Avg Loss: 0.0193
2025-09-14 15:38:40,511 - src.utils - INFO - Batch 1800/2917 - Loss: 0.0032 - Avg Loss: 0.0193
2025-09-14 15:39:04,186 - src.utils - INFO - Batch 1900/2917 - Loss: 0.0009 - Avg Loss: 0.0191
2025-09-14 15:39:27,930 - src.utils - INFO - Batch 2000/2917 - Loss: 0.0222 - Avg Loss: 0.0190
2025-09-14 15:39:51,714 - src.utils - INFO - Batch 2100/2917 - Loss: 0.0080 - Avg Loss: 0.0190
2025-09-14 15:40:15,562 - src.utils - INFO - Batch 2200/2917 - Loss: 0.0019 - Avg Loss: 0.0190
2025-09-14 15:40:39,469 - src.utils - INFO - Batch 2300/2917 - Loss: 0.0077 - Avg Loss: 0.0189
2025-09-14 15:41:03,452 - src.utils - INFO - Batch 2400/2917 - Loss: 0.0015 - Avg Loss: 0.0187
2025-09-14 15:41:27,440 - src.utils - INFO - Batch 2500/2917 - Loss: 0.0021 - Avg Loss: 0.0188
2025-09-14 15:41:51,433 - src.utils - INFO - Batch 2600/2917 - Loss: 0.0365 - Avg Loss: 0.0186
2025-09-14 15:42:15,441 - src.utils - INFO - Batch 2700/2917 - Loss: 0.0781 - Avg Loss: 0.0185
2025-09-14 15:42:39,508 - src.utils - INFO - Batch 2800/2917 - Loss: 0.0008 - Avg Loss: 0.0184
2025-09-14 15:43:03,579 - src.utils - INFO - Batch 2900/2917 - Loss: 0.0233 - Avg Loss: 0.0183
2025-09-14 15:43:38,751 - src.utils - INFO - Epoch 3 Results:
2025-09-14 15:43:38,751 - src.utils - INFO -   Train Loss: 0.0183
2025-09-14 15:43:38,752 - src.utils - INFO -   Val Loss: 0.0662
2025-09-14 15:43:38,752 - src.utils - INFO -   Val Accuracy: 0.8667
2025-09-14 15:43:38,752 - src.utils - INFO -   Epoch Time: 28.06m
2025-09-14 15:43:38,752 - src.utils - INFO - New best model! Accuracy: 0.8667
2025-09-14 15:43:57,425 - src.utils - INFO - Best model saved at epoch 3 with accuracy 0.8667
2025-09-14 15:43:57,425 - src.utils - INFO - Model checkpoint saved for epoch 3
2025-09-14 15:43:57,425 - src.utils - INFO - 
==================================================
2025-09-14 15:43:57,425 - src.utils - INFO - Epoch 4/5
2025-09-14 15:43:57,426 - src.utils - INFO - ==================================================
2025-09-14 15:44:21,470 - src.utils - INFO - Batch 100/2917 - Loss: 0.0026 - Avg Loss: 0.0175
2025-09-14 15:44:45,436 - src.utils - INFO - Batch 200/2917 - Loss: 0.0002 - Avg Loss: 0.0168
2025-09-14 15:45:09,449 - src.utils - INFO - Batch 300/2917 - Loss: 0.0505 - Avg Loss: 0.0167
2025-09-14 15:45:33,531 - src.utils - INFO - Batch 400/2917 - Loss: 0.0020 - Avg Loss: 0.0168
2025-09-14 15:45:57,633 - src.utils - INFO - Batch 500/2917 - Loss: 0.0080 - Avg Loss: 0.0171
2025-09-14 15:46:21,727 - src.utils - INFO - Batch 600/2917 - Loss: 0.0037 - Avg Loss: 0.0176
2025-09-14 15:46:45,818 - src.utils - INFO - Batch 700/2917 - Loss: 0.0019 - Avg Loss: 0.0175
2025-09-14 15:47:09,944 - src.utils - INFO - Batch 800/2917 - Loss: 0.0028 - Avg Loss: 0.0166
2025-09-14 15:47:34,062 - src.utils - INFO - Batch 900/2917 - Loss: 0.0016 - Avg Loss: 0.0164
2025-09-14 15:47:58,111 - src.utils - INFO - Batch 1000/2917 - Loss: 0.0018 - Avg Loss: 0.0160
2025-09-14 15:48:22,392 - src.utils - INFO - Batch 1100/2917 - Loss: 0.0010 - Avg Loss: 0.0157
2025-09-14 15:48:46,773 - src.utils - INFO - Batch 1200/2917 - Loss: 0.0005 - Avg Loss: 0.0153
2025-09-14 15:50:38,578 - src.utils - INFO - Batch 1300/2917 - Loss: 0.0005 - Avg Loss: 0.0149
2025-09-14 15:51:02,288 - src.utils - INFO - Batch 1400/2917 - Loss: 0.0323 - Avg Loss: 0.0145
2025-09-14 15:51:26,160 - src.utils - INFO - Batch 1500/2917 - Loss: 0.0004 - Avg Loss: 0.0144
2025-09-14 15:51:50,171 - src.utils - INFO - Batch 1600/2917 - Loss: 0.0004 - Avg Loss: 0.0145
2025-09-14 15:52:14,216 - src.utils - INFO - Batch 1700/2917 - Loss: 0.0030 - Avg Loss: 0.0144
2025-09-14 15:52:38,253 - src.utils - INFO - Batch 1800/2917 - Loss: 0.0165 - Avg Loss: 0.0146
2025-09-14 15:53:02,343 - src.utils - INFO - Batch 1900/2917 - Loss: 0.0013 - Avg Loss: 0.0146
2025-09-14 15:53:26,458 - src.utils - INFO - Batch 2000/2917 - Loss: 0.0031 - Avg Loss: 0.0146
2025-09-14 15:53:50,579 - src.utils - INFO - Batch 2100/2917 - Loss: 0.0266 - Avg Loss: 0.0145
2025-09-14 15:54:14,689 - src.utils - INFO - Batch 2200/2917 - Loss: 0.0011 - Avg Loss: 0.0144
2025-09-14 15:54:38,820 - src.utils - INFO - Batch 2300/2917 - Loss: 0.0408 - Avg Loss: 0.0144
2025-09-14 15:55:02,990 - src.utils - INFO - Batch 2400/2917 - Loss: 0.0003 - Avg Loss: 0.0144
2025-09-14 15:55:27,142 - src.utils - INFO - Batch 2500/2917 - Loss: 0.0348 - Avg Loss: 0.0143
2025-09-14 15:55:51,330 - src.utils - INFO - Batch 2600/2917 - Loss: 0.0009 - Avg Loss: 0.0142
2025-09-14 15:56:15,435 - src.utils - INFO - Batch 2700/2917 - Loss: 0.0008 - Avg Loss: 0.0141
2025-09-14 15:56:39,536 - src.utils - INFO - Batch 2800/2917 - Loss: 0.0378 - Avg Loss: 0.0141
2025-09-14 15:57:03,676 - src.utils - INFO - Batch 2900/2917 - Loss: 0.0007 - Avg Loss: 0.0141
2025-09-14 15:57:38,611 - src.utils - INFO - Epoch 4 Results:
2025-09-14 15:57:38,611 - src.utils - INFO -   Train Loss: 0.0140
2025-09-14 15:57:38,611 - src.utils - INFO -   Val Loss: 0.0832
2025-09-14 15:57:38,611 - src.utils - INFO -   Val Accuracy: 0.8724
2025-09-14 15:57:38,612 - src.utils - INFO -   Epoch Time: 13.69m
2025-09-14 15:57:38,612 - src.utils - INFO - New best model! Accuracy: 0.8724
2025-09-14 15:58:22,542 - src.utils - INFO - Best model saved at epoch 4 with accuracy 0.8724
2025-09-14 15:58:22,542 - src.utils - INFO - Model checkpoint saved for epoch 4
2025-09-14 15:58:22,543 - src.utils - INFO - 
==================================================
2025-09-14 15:58:22,543 - src.utils - INFO - Epoch 5/5
2025-09-14 15:58:22,543 - src.utils - INFO - ==================================================
2025-09-14 15:58:46,459 - src.utils - INFO - Batch 100/2917 - Loss: 0.0006 - Avg Loss: 0.0117
2025-09-14 15:59:10,357 - src.utils - INFO - Batch 200/2917 - Loss: 0.0004 - Avg Loss: 0.0130
2025-09-14 15:59:34,393 - src.utils - INFO - Batch 300/2917 - Loss: 0.0004 - Avg Loss: 0.0126
2025-09-14 15:59:58,632 - src.utils - INFO - Batch 400/2917 - Loss: 0.0001 - Avg Loss: 0.0120
2025-09-14 16:00:22,805 - src.utils - INFO - Batch 500/2917 - Loss: 0.0004 - Avg Loss: 0.0116
2025-09-14 16:00:46,831 - src.utils - INFO - Batch 600/2917 - Loss: 0.0006 - Avg Loss: 0.0122
2025-09-14 16:16:24,119 - src.utils - INFO - Batch 700/2917 - Loss: 0.0001 - Avg Loss: 0.0115
2025-09-14 16:16:47,809 - src.utils - INFO - Batch 800/2917 - Loss: 0.0006 - Avg Loss: 0.0112
2025-09-14 16:17:11,605 - src.utils - INFO - Batch 900/2917 - Loss: 0.0002 - Avg Loss: 0.0109
2025-09-14 16:17:35,424 - src.utils - INFO - Batch 1000/2917 - Loss: 0.0003 - Avg Loss: 0.0110
2025-09-14 16:17:59,272 - src.utils - INFO - Batch 1100/2917 - Loss: 0.0003 - Avg Loss: 0.0112
2025-09-14 16:18:23,170 - src.utils - INFO - Batch 1200/2917 - Loss: 0.0005 - Avg Loss: 0.0111
2025-09-14 16:18:47,104 - src.utils - INFO - Batch 1300/2917 - Loss: 0.0009 - Avg Loss: 0.0111
2025-09-14 16:19:11,064 - src.utils - INFO - Batch 1400/2917 - Loss: 0.0006 - Avg Loss: 0.0107
2025-09-14 16:19:35,048 - src.utils - INFO - Batch 1500/2917 - Loss: 0.0001 - Avg Loss: 0.0105
2025-09-14 16:19:59,045 - src.utils - INFO - Batch 1600/2917 - Loss: 0.0064 - Avg Loss: 0.0106
2025-09-14 16:20:23,095 - src.utils - INFO - Batch 1700/2917 - Loss: 0.0228 - Avg Loss: 0.0104
2025-09-14 16:20:47,159 - src.utils - INFO - Batch 1800/2917 - Loss: 0.0651 - Avg Loss: 0.0106
2025-09-14 16:21:11,308 - src.utils - INFO - Batch 1900/2917 - Loss: 0.0002 - Avg Loss: 0.0105
2025-09-14 16:25:10,654 - src.utils - INFO - Batch 2000/2917 - Loss: 0.0029 - Avg Loss: 0.0104
2025-09-14 16:25:34,285 - src.utils - INFO - Batch 2100/2917 - Loss: 0.0002 - Avg Loss: 0.0104
2025-09-14 16:25:58,033 - src.utils - INFO - Batch 2200/2917 - Loss: 0.0003 - Avg Loss: 0.0104
2025-09-14 16:26:21,906 - src.utils - INFO - Batch 2300/2917 - Loss: 0.0003 - Avg Loss: 0.0103
2025-09-14 16:26:45,914 - src.utils - INFO - Batch 2400/2917 - Loss: 0.0009 - Avg Loss: 0.0103
2025-09-14 16:27:09,938 - src.utils - INFO - Batch 2500/2917 - Loss: 0.0005 - Avg Loss: 0.0103
2025-09-14 16:27:33,849 - src.utils - INFO - Batch 2600/2917 - Loss: 0.0006 - Avg Loss: 0.0101
2025-09-14 16:27:57,885 - src.utils - INFO - Batch 2700/2917 - Loss: 0.0009 - Avg Loss: 0.0101
2025-09-14 16:28:21,987 - src.utils - INFO - Batch 2800/2917 - Loss: 0.0078 - Avg Loss: 0.0101
2025-09-14 16:28:46,045 - src.utils - INFO - Batch 2900/2917 - Loss: 0.0009 - Avg Loss: 0.0101
2025-09-14 16:29:20,828 - src.utils - INFO - Epoch 5 Results:
2025-09-14 16:29:20,828 - src.utils - INFO -   Train Loss: 0.0102
2025-09-14 16:29:20,828 - src.utils - INFO -   Val Loss: 0.0994
2025-09-14 16:29:20,828 - src.utils - INFO -   Val Accuracy: 0.8729
2025-09-14 16:29:20,828 - src.utils - INFO -   Epoch Time: 30.97m
2025-09-14 16:29:20,828 - src.utils - INFO - New best model! Accuracy: 0.8729
2025-09-14 16:33:09,273 - src.utils - INFO - Best model saved at epoch 5 with accuracy 0.8729
2025-09-14 16:33:09,273 - src.utils - INFO - Model checkpoint saved for epoch 5
2025-09-14 16:33:20,964 - src.utils - INFO - 
Training completed!
2025-09-14 16:33:20,965 - src.utils - INFO - Total time: 10.64h
2025-09-14 16:33:20,965 - src.utils - INFO - Best validation accuracy: 0.8729
2025-09-14 16:33:20,965 - src.utils - INFO - Training curves saved to: C:\deep learning\Balanced data\results\loss_curve.png
2025-09-14 16:33:20,969 - src.utils - INFO - Training completed successfully!
2025-09-14 16:33:40,190 - src.utils - INFO - Starting evaluation process...
2025-09-14 16:33:40,190 - src.utils - INFO - Loading dataset...
2025-09-14 16:33:40,774 - src.utils - INFO - Tokenizer loaded: UBC-NLP/MARBERT
2025-09-14 16:33:40,775 - src.utils - INFO - Loading cleaned dataset from CSV file...
2025-09-14 16:33:41,588 - src.utils - INFO - Successfully loaded 50000 samples from CSV
2025-09-14 16:33:41,588 - src.utils - INFO - Data split - Train: 35000, Val: 7500, Test: 7500
2025-09-14 16:33:41,589 - src.utils - INFO - After split - Train: 35000, Val: 7500, Test: 7500
2025-09-14 16:33:41,591 - src.utils - INFO - Train label distribution: {0: 23411, 1: 11589}
2025-09-14 16:33:41,591 - src.utils - INFO - Validation label distribution: {0: 5026, 1: 2474}
2025-09-14 16:33:41,591 - src.utils - INFO - Test label distribution: {0: 5026, 1: 2474}
2025-09-14 16:33:41,591 - src.utils - INFO - Dataset initialized with 35000 samples
2025-09-14 16:33:41,591 - src.utils - INFO - Dataset initialized with 7500 samples
2025-09-14 16:33:41,592 - src.utils - INFO - Dataset initialized with 7500 samples
2025-09-14 16:33:42,219 - src.utils - INFO - Created WeightedRandomSampler with class weights: [4.27149631e-05 8.62887221e-05]
2025-09-14 16:33:42,219 - src.utils - INFO - Class distribution: [23411 11589]
2025-09-14 16:33:42,220 - src.utils - INFO - Using WeightedRandomSampler for training
2025-09-14 16:33:42,220 - src.utils - INFO - DataLoaders created - Batch size: 12
2025-09-14 16:33:42,220 - src.utils - INFO - Evaluator initialized on device: cuda
2025-09-14 16:33:42,220 - src.utils - INFO - Starting model evaluation...
2025-09-14 16:33:44,669 - src.utils - INFO - Model initialized with 162842882 parameters
2025-09-14 16:33:44,670 - src.utils - INFO - Trainable parameters: 162842882
2025-09-14 16:33:44,670 - src.utils - INFO - Loss function: focal
2025-09-14 16:33:44,951 - src.utils - INFO - Model created and moved to cuda
2025-09-14 16:33:45,951 - src.utils - INFO - Model loaded from C:\deep learning\Balanced data\models\best_marbert_model.pt
2025-09-14 16:33:45,951 - src.utils - INFO - Epoch: 5, Loss: 0.0994, Accuracy: 0.8729
2025-09-14 16:33:45,952 - src.utils - INFO - Best model loaded successfully
2025-09-14 16:33:45,953 - src.utils - INFO - Starting evaluation...
2025-09-14 16:33:45,953 - src.utils - INFO - Using threshold: 0.4
2025-09-14 16:35:05,375 - src.utils - INFO - 
==================================================
2025-09-14 16:35:05,375 - src.utils - INFO - EVALUATION RESULTS
2025-09-14 16:35:05,375 - src.utils - INFO - ==================================================
2025-09-14 16:35:05,375 - src.utils - INFO - Test Loss: 0.1098
2025-09-14 16:35:05,376 - src.utils - INFO - Accuracy: 0.8652
2025-09-14 16:35:05,376 - src.utils - INFO - Precision: 0.8686
2025-09-14 16:35:05,376 - src.utils - INFO - Recall: 0.8652
2025-09-14 16:35:05,376 - src.utils - INFO - F1-Score: 0.8664
2025-09-14 16:35:05,376 - src.utils - INFO - Threshold: 0.4000
2025-09-14 16:35:05,376 - src.utils - INFO - ==================================================
2025-09-14 16:35:05,377 - src.utils - INFO - 
Detailed Classification Report:
2025-09-14 16:35:05,377 - src.utils - INFO - --------------------------------------------------
2025-09-14 16:35:05,966 - src.utils - INFO - Confusion matrix saved to: C:\deep learning\Balanced data\results/confusion_matrix.png
2025-09-14 16:35:06,010 - src.utils - ERROR - Evaluation failed: Object of type int32 is not JSON serializable
2025-09-14 18:50:27,439 - src.utils - INFO - Starting training process...
2025-09-14 18:50:28,475 - src.utils - INFO - Loading dataset...
2025-09-14 18:50:29,419 - src.utils - INFO - Tokenizer loaded: UBC-NLP/MARBERT
2025-09-14 18:50:29,419 - src.utils - INFO - Loading cleaned dataset from CSV file...
2025-09-14 18:50:31,038 - src.utils - INFO - Successfully loaded 50000 samples from CSV
2025-09-14 18:50:31,040 - src.utils - INFO - Data split - Train: 35000, Val: 7500, Test: 7500
2025-09-14 18:50:31,040 - src.utils - INFO - After split - Train: 35000, Val: 7500, Test: 7500
2025-09-14 18:50:31,044 - src.utils - INFO - Train label distribution: {0: 23411, 1: 11589}
2025-09-14 18:50:31,044 - src.utils - INFO - Validation label distribution: {0: 5026, 1: 2474}
2025-09-14 18:50:31,045 - src.utils - INFO - Test label distribution: {0: 5026, 1: 2474}
2025-09-14 18:50:31,045 - src.utils - INFO - Dataset initialized with 35000 samples
2025-09-14 18:50:31,045 - src.utils - INFO - Dataset initialized with 7500 samples
2025-09-14 18:50:31,045 - src.utils - INFO - Dataset initialized with 7500 samples
2025-09-14 18:50:32,279 - src.utils - INFO - Created WeightedRandomSampler with class weights: [4.27149631e-05 8.62887221e-05]
2025-09-14 18:50:32,280 - src.utils - INFO - Class distribution: [23411 11589]
2025-09-14 18:50:32,281 - src.utils - INFO - Using WeightedRandomSampler for training
2025-09-14 18:50:32,281 - src.utils - INFO - DataLoaders created - Batch size: 12
2025-09-14 18:50:32,282 - src.utils - INFO - ==================================================
2025-09-14 18:50:32,282 - src.utils - INFO - DATASET INFORMATION
2025-09-14 18:50:32,282 - src.utils - INFO - ==================================================
2025-09-14 18:50:32,283 - src.utils - INFO - Training samples: 35000
2025-09-14 18:50:32,283 - src.utils - INFO - Validation samples: 7500
2025-09-14 18:50:32,283 - src.utils - INFO - Test samples: 7500
2025-09-14 18:50:32,283 - src.utils - INFO - Total samples: 50000
2025-09-14 18:50:32,283 - src.utils - INFO - Max sequence length: 128
2025-09-14 18:50:32,284 - src.utils - INFO - Batch size: 12
2025-09-14 18:50:32,284 - src.utils - INFO - ==================================================
2025-09-14 18:50:32,295 - src.utils - INFO - Mixed precision training enabled
2025-09-14 18:50:32,295 - src.utils - INFO - Trainer initialized on device: cuda
2025-09-14 18:50:32,295 - src.utils - INFO - Starting model training...
2025-09-14 18:50:35,449 - src.utils - INFO - Model initialized with 162842882 parameters
2025-09-14 18:50:35,450 - src.utils - INFO - Trainable parameters: 162842882
2025-09-14 18:50:35,451 - src.utils - INFO - Loss function: focal
2025-09-14 18:50:35,767 - src.utils - INFO - Model created and moved to cuda
2025-09-14 18:50:38,115 - src.utils - INFO - Model parameters: 162842882
2025-09-14 18:50:38,115 - src.utils - INFO - Optimizer: AdamW (lr=2e-05)
2025-09-14 18:50:38,115 - src.utils - INFO - Scheduler: Linear with warmup (100 steps)
2025-09-14 18:50:38,115 - src.utils - INFO - Starting training...
2025-09-14 18:50:38,116 - src.utils - INFO - Epochs: 5
2025-09-14 18:50:38,116 - src.utils - INFO - Batch size: 12
2025-09-14 18:50:38,116 - src.utils - INFO - Learning rate: 2e-05
2025-09-14 18:50:38,116 - src.utils - INFO - 
==================================================
2025-09-14 18:50:38,118 - src.utils - INFO - Epoch 1/5
2025-09-14 18:50:38,118 - src.utils - INFO - ==================================================
2025-09-14 18:51:50,463 - src.utils - INFO - Starting training process...
2025-09-14 18:51:51,487 - src.utils - INFO - Loading dataset...
2025-09-14 18:51:52,254 - src.utils - INFO - Tokenizer loaded: UBC-NLP/MARBERT
2025-09-14 18:51:52,255 - src.utils - INFO - Loading cleaned dataset from CSV file...
2025-09-14 18:51:53,918 - src.utils - INFO - Successfully loaded 50000 samples from CSV
2025-09-14 18:51:53,918 - src.utils - INFO - Data split - Train: 35000, Val: 7500, Test: 7500
2025-09-14 18:51:53,920 - src.utils - INFO - After split - Train: 35000, Val: 7500, Test: 7500
2025-09-14 18:51:53,924 - src.utils - INFO - Train label distribution: {0: 23411, 1: 11589}
2025-09-14 18:51:53,924 - src.utils - INFO - Validation label distribution: {0: 5026, 1: 2474}
2025-09-14 18:51:53,925 - src.utils - INFO - Test label distribution: {0: 5026, 1: 2474}
2025-09-14 18:51:53,925 - src.utils - INFO - Dataset initialized with 35000 samples
2025-09-14 18:51:53,926 - src.utils - INFO - Dataset initialized with 7500 samples
2025-09-14 18:51:53,926 - src.utils - INFO - Dataset initialized with 7500 samples
2025-09-14 18:51:55,233 - src.utils - INFO - Created WeightedRandomSampler with class weights: [4.27149631e-05 8.62887221e-05]
2025-09-14 18:51:55,234 - src.utils - INFO - Class distribution: [23411 11589]
2025-09-14 18:51:55,236 - src.utils - INFO - Using WeightedRandomSampler for training
2025-09-14 18:51:55,236 - src.utils - INFO - DataLoaders created - Batch size: 12
2025-09-14 18:51:55,236 - src.utils - INFO - ==================================================
2025-09-14 18:51:55,237 - src.utils - INFO - DATASET INFORMATION
2025-09-14 18:51:55,237 - src.utils - INFO - ==================================================
2025-09-14 18:51:55,237 - src.utils - INFO - Training samples: 35000
2025-09-14 18:51:55,238 - src.utils - INFO - Validation samples: 7500
2025-09-14 18:51:55,238 - src.utils - INFO - Test samples: 7500
2025-09-14 18:51:55,238 - src.utils - INFO - Total samples: 50000
2025-09-14 18:51:55,239 - src.utils - INFO - Max sequence length: 128
2025-09-14 18:51:55,239 - src.utils - INFO - Batch size: 12
2025-09-14 18:51:55,239 - src.utils - INFO - ==================================================
2025-09-14 18:51:55,250 - src.utils - INFO - Mixed precision training enabled
2025-09-14 18:51:55,250 - src.utils - INFO - Trainer initialized on device: cuda
2025-09-14 18:51:55,250 - src.utils - INFO - Starting model training...
2025-09-14 18:51:58,280 - src.utils - INFO - Model initialized with 162842882 parameters
2025-09-14 18:51:58,282 - src.utils - INFO - Trainable parameters: 162842882
2025-09-14 18:51:58,282 - src.utils - INFO - Loss function: focal
2025-09-14 18:51:58,632 - src.utils - INFO - Model created and moved to cuda
2025-09-14 18:52:01,083 - src.utils - INFO - Model parameters: 162842882
2025-09-14 18:52:01,083 - src.utils - INFO - Optimizer: AdamW (lr=2e-05)
2025-09-14 18:52:01,084 - src.utils - INFO - Scheduler: Linear with warmup (100 steps)
2025-09-14 18:52:01,084 - src.utils - INFO - Starting training...
2025-09-14 18:52:01,084 - src.utils - INFO - Epochs: 3
2025-09-14 18:52:01,084 - src.utils - INFO - Batch size: 12
2025-09-14 18:52:01,085 - src.utils - INFO - Learning rate: 2e-05
2025-09-14 18:52:01,085 - src.utils - INFO - 
==================================================
2025-09-14 18:52:01,085 - src.utils - INFO - Epoch 1/3
2025-09-14 18:52:01,085 - src.utils - INFO - ==================================================
2025-09-14 18:52:29,936 - src.utils - INFO - Batch 100/2917 - Loss: 0.0574 - Avg Loss: 0.0622
2025-09-14 18:52:58,128 - src.utils - INFO - Batch 200/2917 - Loss: 0.0466 - Avg Loss: 0.0589
2025-09-14 18:53:26,422 - src.utils - INFO - Batch 300/2917 - Loss: 0.0429 - Avg Loss: 0.0563
2025-09-14 18:53:54,785 - src.utils - INFO - Batch 400/2917 - Loss: 0.0516 - Avg Loss: 0.0546
2025-09-14 18:54:23,152 - src.utils - INFO - Batch 500/2917 - Loss: 0.0219 - Avg Loss: 0.0521
2025-09-14 18:54:51,707 - src.utils - INFO - Batch 600/2917 - Loss: 0.0139 - Avg Loss: 0.0504
2025-09-14 18:55:20,099 - src.utils - INFO - Batch 700/2917 - Loss: 0.0303 - Avg Loss: 0.0489
2025-09-14 18:55:48,411 - src.utils - INFO - Batch 800/2917 - Loss: 0.0541 - Avg Loss: 0.0473
2025-09-14 18:56:16,793 - src.utils - INFO - Batch 900/2917 - Loss: 0.0336 - Avg Loss: 0.0463
2025-09-14 18:56:45,135 - src.utils - INFO - Batch 1000/2917 - Loss: 0.0733 - Avg Loss: 0.0455
2025-09-14 18:57:13,509 - src.utils - INFO - Batch 1100/2917 - Loss: 0.0274 - Avg Loss: 0.0449
2025-09-14 18:57:41,877 - src.utils - INFO - Batch 1200/2917 - Loss: 0.0353 - Avg Loss: 0.0442
2025-09-14 18:58:10,302 - src.utils - INFO - Batch 1300/2917 - Loss: 0.0463 - Avg Loss: 0.0434
2025-09-14 18:58:38,773 - src.utils - INFO - Batch 1400/2917 - Loss: 0.0264 - Avg Loss: 0.0431
2025-09-14 18:59:07,190 - src.utils - INFO - Batch 1500/2917 - Loss: 0.0484 - Avg Loss: 0.0426
2025-09-14 18:59:35,613 - src.utils - INFO - Batch 1600/2917 - Loss: 0.0235 - Avg Loss: 0.0419
2025-09-14 19:00:04,050 - src.utils - INFO - Batch 1700/2917 - Loss: 0.0286 - Avg Loss: 0.0412
2025-09-14 19:00:32,548 - src.utils - INFO - Batch 1800/2917 - Loss: 0.0076 - Avg Loss: 0.0407
2025-09-14 19:01:01,144 - src.utils - INFO - Batch 1900/2917 - Loss: 0.0464 - Avg Loss: 0.0403
2025-09-14 19:01:29,621 - src.utils - INFO - Batch 2000/2917 - Loss: 0.0374 - Avg Loss: 0.0399
2025-09-14 19:01:58,109 - src.utils - INFO - Batch 2100/2917 - Loss: 0.0401 - Avg Loss: 0.0393
2025-09-14 19:02:26,648 - src.utils - INFO - Batch 2200/2917 - Loss: 0.0041 - Avg Loss: 0.0389
2025-09-14 19:02:52,178 - src.utils - INFO - Batch 2300/2917 - Loss: 0.0030 - Avg Loss: 0.0385
2025-09-14 19:03:15,825 - src.utils - INFO - Batch 2400/2917 - Loss: 0.0054 - Avg Loss: 0.0381
2025-09-14 19:03:39,598 - src.utils - INFO - Batch 2500/2917 - Loss: 0.0596 - Avg Loss: 0.0376
2025-09-14 19:04:03,465 - src.utils - INFO - Batch 2600/2917 - Loss: 0.0129 - Avg Loss: 0.0373
2025-09-14 19:04:27,370 - src.utils - INFO - Batch 2700/2917 - Loss: 0.0533 - Avg Loss: 0.0370
2025-09-14 19:04:51,289 - src.utils - INFO - Batch 2800/2917 - Loss: 0.0224 - Avg Loss: 0.0367
2025-09-14 19:05:15,361 - src.utils - INFO - Batch 2900/2917 - Loss: 0.0112 - Avg Loss: 0.0363
2025-09-14 19:05:49,423 - src.utils - INFO - Epoch 1 Results:
2025-09-14 19:05:49,423 - src.utils - INFO -   Train Loss: 0.0362
2025-09-14 19:05:49,423 - src.utils - INFO -   Val Loss: 0.0435
2025-09-14 19:05:49,424 - src.utils - INFO -   Val Accuracy: 0.8648
2025-09-14 19:05:49,424 - src.utils - INFO -   Epoch Time: 13.81m
2025-09-14 19:05:49,424 - src.utils - INFO - New best model! Accuracy: 0.8648
2025-09-14 19:06:32,971 - src.utils - INFO - Best model saved at epoch 1 with accuracy 0.8648
2025-09-14 19:06:32,971 - src.utils - INFO - Model checkpoint saved for epoch 1
2025-09-14 19:06:32,971 - src.utils - INFO - 
==================================================
2025-09-14 19:06:32,971 - src.utils - INFO - Epoch 2/3
2025-09-14 19:06:32,971 - src.utils - INFO - ==================================================
2025-09-14 19:06:56,731 - src.utils - INFO - Batch 100/2917 - Loss: 0.0048 - Avg Loss: 0.0265
2025-09-14 19:07:20,446 - src.utils - INFO - Batch 200/2917 - Loss: 0.0215 - Avg Loss: 0.0259
2025-09-14 19:07:44,327 - src.utils - INFO - Batch 300/2917 - Loss: 0.0045 - Avg Loss: 0.0257
2025-09-14 19:08:08,174 - src.utils - INFO - Batch 400/2917 - Loss: 0.0128 - Avg Loss: 0.0251
2025-09-14 19:08:32,102 - src.utils - INFO - Batch 500/2917 - Loss: 0.0158 - Avg Loss: 0.0251
2025-09-14 19:08:56,057 - src.utils - INFO - Batch 600/2917 - Loss: 0.0073 - Avg Loss: 0.0253
2025-09-14 19:09:20,078 - src.utils - INFO - Batch 700/2917 - Loss: 0.0206 - Avg Loss: 0.0252
2025-09-14 19:09:44,102 - src.utils - INFO - Batch 800/2917 - Loss: 0.0053 - Avg Loss: 0.0250
2025-09-14 19:10:08,247 - src.utils - INFO - Batch 900/2917 - Loss: 0.0032 - Avg Loss: 0.0248
2025-09-14 19:10:32,279 - src.utils - INFO - Batch 1000/2917 - Loss: 0.0067 - Avg Loss: 0.0248
2025-09-14 19:10:56,300 - src.utils - INFO - Batch 1100/2917 - Loss: 0.0234 - Avg Loss: 0.0244
2025-09-14 19:11:20,357 - src.utils - INFO - Batch 1200/2917 - Loss: 0.0005 - Avg Loss: 0.0241
2025-09-14 19:11:44,357 - src.utils - INFO - Batch 1300/2917 - Loss: 0.0482 - Avg Loss: 0.0241
2025-09-14 19:12:08,359 - src.utils - INFO - Batch 1400/2917 - Loss: 0.0875 - Avg Loss: 0.0239
2025-09-14 19:12:32,382 - src.utils - INFO - Batch 1500/2917 - Loss: 0.0106 - Avg Loss: 0.0238
2025-09-14 19:12:56,461 - src.utils - INFO - Batch 1600/2917 - Loss: 0.0288 - Avg Loss: 0.0237
2025-09-14 19:13:20,517 - src.utils - INFO - Batch 1700/2917 - Loss: 0.0066 - Avg Loss: 0.0234
2025-09-14 19:13:44,578 - src.utils - INFO - Batch 1800/2917 - Loss: 0.0200 - Avg Loss: 0.0232
2025-09-14 19:14:08,620 - src.utils - INFO - Batch 1900/2917 - Loss: 0.0050 - Avg Loss: 0.0231
2025-09-14 19:14:32,715 - src.utils - INFO - Batch 2000/2917 - Loss: 0.0130 - Avg Loss: 0.0229
2025-09-14 19:14:56,791 - src.utils - INFO - Batch 2100/2917 - Loss: 0.0191 - Avg Loss: 0.0227
2025-09-14 19:15:20,877 - src.utils - INFO - Batch 2200/2917 - Loss: 0.0331 - Avg Loss: 0.0227
2025-09-14 19:15:44,986 - src.utils - INFO - Batch 2300/2917 - Loss: 0.0012 - Avg Loss: 0.0225
2025-09-14 19:16:08,975 - src.utils - INFO - Batch 2400/2917 - Loss: 0.0007 - Avg Loss: 0.0223
2025-09-14 19:16:38,537 - src.utils - INFO - Batch 2500/2917 - Loss: 0.0037 - Avg Loss: 0.0222
2025-09-14 19:17:02,575 - src.utils - INFO - Batch 2600/2917 - Loss: 0.0018 - Avg Loss: 0.0221
2025-09-14 19:17:26,614 - src.utils - INFO - Batch 2700/2917 - Loss: 0.0091 - Avg Loss: 0.0221
2025-09-14 19:17:50,674 - src.utils - INFO - Batch 2800/2917 - Loss: 0.0092 - Avg Loss: 0.0219
2025-09-14 19:18:14,730 - src.utils - INFO - Batch 2900/2917 - Loss: 0.0038 - Avg Loss: 0.0217
2025-09-14 19:18:49,020 - src.utils - INFO - Epoch 2 Results:
2025-09-14 19:18:49,021 - src.utils - INFO -   Train Loss: 0.0217
2025-09-14 19:18:49,021 - src.utils - INFO -   Val Loss: 0.0589
2025-09-14 19:18:49,021 - src.utils - INFO -   Val Accuracy: 0.8653
2025-09-14 19:18:49,021 - src.utils - INFO -   Epoch Time: 12.27m
2025-09-14 19:18:49,021 - src.utils - INFO - New best model! Accuracy: 0.8653
2025-09-14 19:19:11,659 - src.utils - INFO - Best model saved at epoch 2 with accuracy 0.8653
2025-09-14 19:19:11,660 - src.utils - INFO - Model checkpoint saved for epoch 2
2025-09-14 19:19:11,660 - src.utils - INFO - 
==================================================
2025-09-14 19:19:11,660 - src.utils - INFO - Epoch 3/3
2025-09-14 19:19:11,660 - src.utils - INFO - ==================================================
2025-09-14 19:19:27,963 - src.utils - INFO - Starting evaluation process...
2025-09-14 19:19:27,963 - src.utils - INFO - Loading dataset...
2025-09-14 19:19:28,743 - src.utils - INFO - Tokenizer loaded: UBC-NLP/MARBERT
2025-09-14 19:19:28,744 - src.utils - INFO - Loading cleaned dataset from CSV file...
2025-09-14 19:19:29,509 - src.utils - INFO - Successfully loaded 50000 samples from CSV
2025-09-14 19:19:29,510 - src.utils - INFO - Data split - Train: 35000, Val: 7500, Test: 7500
2025-09-14 19:19:29,510 - src.utils - INFO - After split - Train: 35000, Val: 7500, Test: 7500
2025-09-14 19:19:29,513 - src.utils - INFO - Train label distribution: {0: 23411, 1: 11589}
2025-09-14 19:19:29,513 - src.utils - INFO - Validation label distribution: {0: 5026, 1: 2474}
2025-09-14 19:19:29,513 - src.utils - INFO - Test label distribution: {0: 5026, 1: 2474}
2025-09-14 19:19:29,513 - src.utils - INFO - Dataset initialized with 35000 samples
2025-09-14 19:19:29,513 - src.utils - INFO - Dataset initialized with 7500 samples
2025-09-14 19:19:29,513 - src.utils - INFO - Dataset initialized with 7500 samples
2025-09-14 19:19:30,086 - src.utils - INFO - Created WeightedRandomSampler with class weights: [4.27149631e-05 8.62887221e-05]
2025-09-14 19:19:30,086 - src.utils - INFO - Class distribution: [23411 11589]
2025-09-14 19:19:30,087 - src.utils - INFO - Using WeightedRandomSampler for training
2025-09-14 19:19:30,087 - src.utils - INFO - DataLoaders created - Batch size: 12
2025-09-14 19:19:30,087 - src.utils - INFO - Evaluator initialized on device: cuda
2025-09-14 19:19:30,087 - src.utils - INFO - Starting model evaluation...
2025-09-14 19:19:32,648 - src.utils - INFO - Model initialized with 162842882 parameters
2025-09-14 19:19:32,649 - src.utils - INFO - Trainable parameters: 162842882
2025-09-14 19:19:32,649 - src.utils - INFO - Loss function: focal
2025-09-14 19:19:32,908 - src.utils - INFO - Model created and moved to cuda
2025-09-14 19:19:33,876 - src.utils - INFO - Model loaded from C:\deep learning\Balanced data\models\best_marbert_model.pt
2025-09-14 19:19:33,877 - src.utils - INFO - Epoch: 2, Loss: 0.0589, Accuracy: 0.8653
2025-09-14 19:19:33,878 - src.utils - INFO - Best model loaded successfully
2025-09-14 19:19:33,878 - src.utils - INFO - Starting evaluation...
2025-09-14 19:19:33,878 - src.utils - INFO - Using threshold: 0.65
2025-09-14 19:20:54,298 - src.utils - INFO - 
==================================================
2025-09-14 19:20:54,298 - src.utils - INFO - EVALUATION RESULTS
2025-09-14 19:20:54,298 - src.utils - INFO - ==================================================
2025-09-14 19:20:54,298 - src.utils - INFO - Test Loss: 0.0642
2025-09-14 19:20:54,298 - src.utils - INFO - Accuracy: 0.8540
2025-09-14 19:20:54,298 - src.utils - INFO - Precision: 0.8520
2025-09-14 19:20:54,298 - src.utils - INFO - Recall: 0.8540
2025-09-14 19:20:54,300 - src.utils - INFO - F1-Score: 0.8511
2025-09-14 19:20:54,300 - src.utils - INFO - Threshold: 0.6500
2025-09-14 19:20:54,300 - src.utils - INFO - ==================================================
2025-09-14 19:20:54,301 - src.utils - INFO - 
Detailed Classification Report:
2025-09-14 19:20:54,301 - src.utils - INFO - --------------------------------------------------
2025-09-14 19:20:55,000 - src.utils - INFO - Confusion matrix saved to: C:\deep learning\Balanced data\results/confusion_matrix.png
2025-09-14 19:20:55,043 - src.utils - ERROR - Evaluation failed: Object of type int32 is not JSON serializable
2025-09-14 19:23:23,262 - src.utils - INFO - Starting training process...
2025-09-14 19:23:23,309 - src.utils - INFO - Loading dataset...
2025-09-14 19:23:23,868 - src.utils - INFO - Tokenizer loaded: UBC-NLP/MARBERT
2025-09-14 19:23:23,868 - src.utils - INFO - Loading cleaned dataset from CSV file...
2025-09-14 19:23:24,629 - src.utils - INFO - Successfully loaded 50000 samples from CSV
2025-09-14 19:23:24,629 - src.utils - INFO - Data split - Train: 35000, Val: 7500, Test: 7500
2025-09-14 19:23:24,629 - src.utils - INFO - After split - Train: 35000, Val: 7500, Test: 7500
2025-09-14 19:23:24,631 - src.utils - INFO - Train label distribution: {0: 23411, 1: 11589}
2025-09-14 19:23:24,631 - src.utils - INFO - Validation label distribution: {0: 5026, 1: 2474}
2025-09-14 19:23:24,631 - src.utils - INFO - Test label distribution: {0: 5026, 1: 2474}
2025-09-14 19:23:24,632 - src.utils - INFO - Dataset initialized with 35000 samples
2025-09-14 19:23:24,632 - src.utils - INFO - Dataset initialized with 7500 samples
2025-09-14 19:23:24,632 - src.utils - INFO - Dataset initialized with 7500 samples
2025-09-14 19:23:25,161 - src.utils - INFO - Created WeightedRandomSampler with class weights: [4.27149631e-05 8.62887221e-05]
2025-09-14 19:23:25,161 - src.utils - INFO - Class distribution: [23411 11589]
2025-09-14 19:23:25,162 - src.utils - INFO - Using WeightedRandomSampler for training
2025-09-14 19:23:25,162 - src.utils - INFO - DataLoaders created - Batch size: 12
2025-09-14 19:23:25,163 - src.utils - INFO - ==================================================
2025-09-14 19:23:25,163 - src.utils - INFO - DATASET INFORMATION
2025-09-14 19:23:25,163 - src.utils - INFO - ==================================================
2025-09-14 19:23:25,163 - src.utils - INFO - Training samples: 35000
2025-09-14 19:23:25,163 - src.utils - INFO - Validation samples: 7500
2025-09-14 19:23:25,163 - src.utils - INFO - Test samples: 7500
2025-09-14 19:23:25,163 - src.utils - INFO - Total samples: 50000
2025-09-14 19:23:25,163 - src.utils - INFO - Max sequence length: 128
2025-09-14 19:23:25,164 - src.utils - INFO - Batch size: 12
2025-09-14 19:23:25,164 - src.utils - INFO - ==================================================
2025-09-14 19:23:25,168 - src.utils - INFO - Mixed precision training enabled
2025-09-14 19:23:25,168 - src.utils - INFO - Trainer initialized on device: cuda
2025-09-14 19:23:25,168 - src.utils - INFO - Starting model training...
2025-09-14 19:23:27,107 - src.utils - INFO - Model initialized with 162842882 parameters
2025-09-14 19:23:27,107 - src.utils - INFO - Trainable parameters: 162842882
2025-09-14 19:23:27,107 - src.utils - INFO - Loss function: focal
2025-09-14 19:23:27,316 - src.utils - INFO - Model created and moved to cuda
2025-09-14 19:23:28,339 - src.utils - INFO - Model parameters: 162842882
2025-09-14 19:23:28,340 - src.utils - INFO - Optimizer: AdamW (lr=3e-05)
2025-09-14 19:23:28,340 - src.utils - INFO - Scheduler: Linear with warmup (100 steps)
2025-09-14 19:23:28,341 - src.utils - INFO - Starting training...
2025-09-14 19:23:28,341 - src.utils - INFO - Epochs: 3
2025-09-14 19:23:28,341 - src.utils - INFO - Batch size: 12
2025-09-14 19:23:28,341 - src.utils - INFO - Learning rate: 3e-05
2025-09-14 19:23:28,341 - src.utils - INFO - 
==================================================
2025-09-14 19:23:28,342 - src.utils - INFO - Epoch 1/3
2025-09-14 19:23:28,342 - src.utils - INFO - ==================================================
2025-09-14 19:23:52,135 - src.utils - INFO - Batch 100/2917 - Loss: 0.0596 - Avg Loss: 0.0618
2025-09-14 19:24:15,799 - src.utils - INFO - Batch 200/2917 - Loss: 0.0450 - Avg Loss: 0.0593
2025-09-14 19:24:39,629 - src.utils - INFO - Batch 300/2917 - Loss: 0.0426 - Avg Loss: 0.0566
2025-09-14 19:25:03,523 - src.utils - INFO - Batch 400/2917 - Loss: 0.0479 - Avg Loss: 0.0544
2025-09-14 19:25:27,364 - src.utils - INFO - Batch 500/2917 - Loss: 0.0268 - Avg Loss: 0.0520
2025-09-14 19:25:51,322 - src.utils - INFO - Batch 600/2917 - Loss: 0.0241 - Avg Loss: 0.0500
2025-09-14 19:26:15,325 - src.utils - INFO - Batch 700/2917 - Loss: 0.0550 - Avg Loss: 0.0485
2025-09-14 19:26:39,326 - src.utils - INFO - Batch 800/2917 - Loss: 0.0521 - Avg Loss: 0.0471
2025-09-14 19:27:03,308 - src.utils - INFO - Batch 900/2917 - Loss: 0.0192 - Avg Loss: 0.0460
2025-09-14 19:27:27,316 - src.utils - INFO - Batch 1000/2917 - Loss: 0.0645 - Avg Loss: 0.0451
2025-09-14 19:27:51,368 - src.utils - INFO - Batch 1100/2917 - Loss: 0.0309 - Avg Loss: 0.0446
2025-09-14 19:28:15,570 - src.utils - INFO - Batch 1200/2917 - Loss: 0.0301 - Avg Loss: 0.0438
2025-09-14 19:28:39,625 - src.utils - INFO - Batch 1300/2917 - Loss: 0.0486 - Avg Loss: 0.0431
2025-09-14 19:29:03,680 - src.utils - INFO - Batch 1400/2917 - Loss: 0.0320 - Avg Loss: 0.0427
2025-09-14 19:29:27,750 - src.utils - INFO - Batch 1500/2917 - Loss: 0.0522 - Avg Loss: 0.0422
2025-09-14 19:29:51,828 - src.utils - INFO - Batch 1600/2917 - Loss: 0.0262 - Avg Loss: 0.0417
2025-09-14 19:30:16,028 - src.utils - INFO - Batch 1700/2917 - Loss: 0.0317 - Avg Loss: 0.0410
2025-09-14 19:30:40,110 - src.utils - INFO - Batch 1800/2917 - Loss: 0.0132 - Avg Loss: 0.0405
2025-09-14 19:31:04,230 - src.utils - INFO - Batch 1900/2917 - Loss: 0.0484 - Avg Loss: 0.0402
2025-09-14 19:31:28,351 - src.utils - INFO - Batch 2000/2917 - Loss: 0.0266 - Avg Loss: 0.0398
2025-09-14 19:31:52,553 - src.utils - INFO - Batch 2100/2917 - Loss: 0.0349 - Avg Loss: 0.0393
2025-09-14 19:32:16,858 - src.utils - INFO - Batch 2200/2917 - Loss: 0.0047 - Avg Loss: 0.0389
2025-09-14 19:32:40,910 - src.utils - INFO - Batch 2300/2917 - Loss: 0.0027 - Avg Loss: 0.0385
2025-09-14 19:33:05,012 - src.utils - INFO - Batch 2400/2917 - Loss: 0.0103 - Avg Loss: 0.0381
2025-09-14 19:33:29,123 - src.utils - INFO - Batch 2500/2917 - Loss: 0.0477 - Avg Loss: 0.0377
2025-09-14 19:33:53,222 - src.utils - INFO - Batch 2600/2917 - Loss: 0.0100 - Avg Loss: 0.0374
2025-09-14 19:34:17,334 - src.utils - INFO - Batch 2700/2917 - Loss: 0.0859 - Avg Loss: 0.0371
2025-09-14 19:34:41,473 - src.utils - INFO - Batch 2800/2917 - Loss: 0.0274 - Avg Loss: 0.0367
2025-09-14 19:35:05,593 - src.utils - INFO - Batch 2900/2917 - Loss: 0.0066 - Avg Loss: 0.0364
2025-09-14 19:35:39,849 - src.utils - INFO - Epoch 1 Results:
2025-09-14 19:35:39,850 - src.utils - INFO -   Train Loss: 0.0363
2025-09-14 19:35:39,850 - src.utils - INFO -   Val Loss: 0.0466
2025-09-14 19:35:39,850 - src.utils - INFO -   Val Accuracy: 0.8625
2025-09-14 19:35:39,850 - src.utils - INFO -   Epoch Time: 12.19m
2025-09-14 19:35:39,850 - src.utils - INFO - New best model! Accuracy: 0.8625
2025-09-14 19:35:50,822 - src.utils - INFO - Best model saved at epoch 1 with accuracy 0.8625
2025-09-14 19:35:50,822 - src.utils - INFO - Model checkpoint saved for epoch 1
2025-09-14 19:35:50,823 - src.utils - INFO - 
==================================================
2025-09-14 19:35:50,823 - src.utils - INFO - Epoch 2/3
2025-09-14 19:35:50,823 - src.utils - INFO - ==================================================
2025-09-14 19:36:14,886 - src.utils - INFO - Batch 100/2917 - Loss: 0.0044 - Avg Loss: 0.0277
2025-09-14 19:36:38,946 - src.utils - INFO - Batch 200/2917 - Loss: 0.0214 - Avg Loss: 0.0271
2025-09-14 19:38:55,366 - src.utils - INFO - Batch 300/2917 - Loss: 0.0050 - Avg Loss: 0.0266
2025-09-14 19:39:19,023 - src.utils - INFO - Batch 400/2917 - Loss: 0.0105 - Avg Loss: 0.0257
2025-09-14 19:39:42,730 - src.utils - INFO - Batch 500/2917 - Loss: 0.0073 - Avg Loss: 0.0256
2025-09-14 19:40:06,572 - src.utils - INFO - Batch 600/2917 - Loss: 0.0099 - Avg Loss: 0.0256
2025-09-14 19:40:30,522 - src.utils - INFO - Batch 700/2917 - Loss: 0.0188 - Avg Loss: 0.0255
2025-09-14 19:40:54,497 - src.utils - INFO - Batch 800/2917 - Loss: 0.0045 - Avg Loss: 0.0251
2025-09-14 19:41:18,525 - src.utils - INFO - Batch 900/2917 - Loss: 0.0025 - Avg Loss: 0.0249
2025-09-14 19:41:42,582 - src.utils - INFO - Batch 1000/2917 - Loss: 0.0086 - Avg Loss: 0.0249
2025-09-14 19:42:06,771 - src.utils - INFO - Batch 1100/2917 - Loss: 0.0024 - Avg Loss: 0.0244
2025-09-14 19:42:30,822 - src.utils - INFO - Batch 1200/2917 - Loss: 0.0013 - Avg Loss: 0.0241
2025-09-14 19:42:54,875 - src.utils - INFO - Batch 1300/2917 - Loss: 0.0448 - Avg Loss: 0.0240
2025-09-14 19:43:18,949 - src.utils - INFO - Batch 1400/2917 - Loss: 0.0371 - Avg Loss: 0.0239
2025-09-14 19:43:43,012 - src.utils - INFO - Batch 1500/2917 - Loss: 0.0135 - Avg Loss: 0.0238
2025-09-14 19:44:07,117 - src.utils - INFO - Batch 1600/2917 - Loss: 0.0141 - Avg Loss: 0.0236
2025-09-14 19:44:31,145 - src.utils - INFO - Batch 1700/2917 - Loss: 0.0034 - Avg Loss: 0.0232
2025-09-14 19:44:55,219 - src.utils - INFO - Batch 1800/2917 - Loss: 0.0223 - Avg Loss: 0.0229
2025-09-14 19:45:19,194 - src.utils - INFO - Batch 1900/2917 - Loss: 0.0345 - Avg Loss: 0.0229
2025-09-14 19:45:43,282 - src.utils - INFO - Batch 2000/2917 - Loss: 0.0413 - Avg Loss: 0.0227
2025-09-14 19:46:07,367 - src.utils - INFO - Batch 2100/2917 - Loss: 0.0138 - Avg Loss: 0.0224
2025-09-14 19:46:31,464 - src.utils - INFO - Batch 2200/2917 - Loss: 0.0301 - Avg Loss: 0.0225
2025-09-14 19:46:55,576 - src.utils - INFO - Batch 2300/2917 - Loss: 0.0013 - Avg Loss: 0.0223
2025-09-14 19:47:19,697 - src.utils - INFO - Batch 2400/2917 - Loss: 0.0008 - Avg Loss: 0.0222
2025-09-14 19:47:43,911 - src.utils - INFO - Batch 2500/2917 - Loss: 0.0033 - Avg Loss: 0.0220
2025-09-14 19:48:08,070 - src.utils - INFO - Batch 2600/2917 - Loss: 0.0010 - Avg Loss: 0.0219
2025-09-14 19:48:32,223 - src.utils - INFO - Batch 2700/2917 - Loss: 0.0233 - Avg Loss: 0.0219
2025-09-14 19:48:56,396 - src.utils - INFO - Batch 2800/2917 - Loss: 0.0086 - Avg Loss: 0.0217
2025-09-14 19:49:20,528 - src.utils - INFO - Batch 2900/2917 - Loss: 0.0015 - Avg Loss: 0.0214
2025-09-14 19:49:55,236 - src.utils - INFO - Epoch 2 Results:
2025-09-14 19:49:55,236 - src.utils - INFO -   Train Loss: 0.0214
2025-09-14 19:49:55,236 - src.utils - INFO -   Val Loss: 0.0588
2025-09-14 19:49:55,236 - src.utils - INFO -   Val Accuracy: 0.8541
2025-09-14 19:49:55,236 - src.utils - INFO -   Epoch Time: 14.07m
2025-09-14 19:49:57,587 - src.utils - INFO - Model checkpoint saved for epoch 2
2025-09-14 19:49:57,587 - src.utils - INFO - 
==================================================
2025-09-14 19:49:57,587 - src.utils - INFO - Epoch 3/3
2025-09-14 19:49:57,587 - src.utils - INFO - ==================================================
2025-09-14 19:50:21,840 - src.utils - INFO - Batch 100/2917 - Loss: 0.0237 - Avg Loss: 0.0151
2025-09-14 19:50:40,140 - src.utils - INFO - Starting evaluation process...
2025-09-14 19:50:40,142 - src.utils - INFO - Loading dataset...
2025-09-14 19:50:40,972 - src.utils - INFO - Tokenizer loaded: UBC-NLP/MARBERT
2025-09-14 19:50:40,972 - src.utils - INFO - Loading cleaned dataset from CSV file...
2025-09-14 19:50:41,748 - src.utils - INFO - Successfully loaded 50000 samples from CSV
2025-09-14 19:50:41,748 - src.utils - INFO - Data split - Train: 35000, Val: 7500, Test: 7500
2025-09-14 19:50:41,749 - src.utils - INFO - After split - Train: 35000, Val: 7500, Test: 7500
2025-09-14 19:50:41,751 - src.utils - INFO - Train label distribution: {0: 23411, 1: 11589}
2025-09-14 19:50:41,752 - src.utils - INFO - Validation label distribution: {0: 5026, 1: 2474}
2025-09-14 19:50:41,752 - src.utils - INFO - Test label distribution: {0: 5026, 1: 2474}
2025-09-14 19:50:41,752 - src.utils - INFO - Dataset initialized with 35000 samples
2025-09-14 19:50:41,752 - src.utils - INFO - Dataset initialized with 7500 samples
2025-09-14 19:50:41,752 - src.utils - INFO - Dataset initialized with 7500 samples
2025-09-14 19:50:42,328 - src.utils - INFO - Created WeightedRandomSampler with class weights: [4.27149631e-05 8.62887221e-05]
2025-09-14 19:50:42,328 - src.utils - INFO - Class distribution: [23411 11589]
2025-09-14 19:50:42,329 - src.utils - INFO - Using WeightedRandomSampler for training
2025-09-14 19:50:42,329 - src.utils - INFO - DataLoaders created - Batch size: 12
2025-09-14 19:50:42,329 - src.utils - INFO - Evaluator initialized on device: cuda
2025-09-14 19:50:42,329 - src.utils - INFO - Starting model evaluation...
2025-09-14 19:50:44,643 - src.utils - INFO - Model initialized with 162842882 parameters
2025-09-14 19:50:44,644 - src.utils - INFO - Trainable parameters: 162842882
2025-09-14 19:50:44,644 - src.utils - INFO - Loss function: focal
2025-09-14 19:50:44,895 - src.utils - INFO - Model created and moved to cuda
2025-09-14 19:50:47,092 - src.utils - INFO - Model loaded from C:\deep learning\Balanced data\models\best_marbert_model.pt
2025-09-14 19:50:47,092 - src.utils - INFO - Epoch: 1, Loss: 0.0466, Accuracy: 0.8625
2025-09-14 19:50:47,094 - src.utils - INFO - Best model loaded successfully
2025-09-14 19:50:47,094 - src.utils - INFO - Starting evaluation...
2025-09-14 19:50:47,094 - src.utils - INFO - Using threshold: 0.65
2025-09-14 19:52:08,635 - src.utils - INFO - 
==================================================
2025-09-14 19:52:08,635 - src.utils - INFO - EVALUATION RESULTS
2025-09-14 19:52:08,635 - src.utils - INFO - ==================================================
2025-09-14 19:52:08,635 - src.utils - INFO - Test Loss: 0.0497
2025-09-14 19:52:08,635 - src.utils - INFO - Accuracy: 0.8556
2025-09-14 19:52:08,635 - src.utils - INFO - Precision: 0.8536
2025-09-14 19:52:08,635 - src.utils - INFO - Recall: 0.8556
2025-09-14 19:52:08,635 - src.utils - INFO - F1-Score: 0.8537
2025-09-14 19:52:08,635 - src.utils - INFO - Threshold: 0.6500
2025-09-14 19:52:08,637 - src.utils - INFO - ==================================================
2025-09-14 19:52:08,638 - src.utils - INFO - 
Detailed Classification Report:
2025-09-14 19:52:08,638 - src.utils - INFO - --------------------------------------------------
2025-09-14 19:52:09,334 - src.utils - INFO - Confusion matrix saved to: C:\deep learning\Balanced data\results/confusion_matrix.png
2025-09-14 19:52:09,378 - src.utils - ERROR - Evaluation failed: Object of type int32 is not JSON serializable
2025-09-20 14:42:04,308 - src.utils - INFO - Starting evaluation process...
2025-09-20 14:42:04,310 - src.utils - INFO - Loading dataset...
2025-09-20 14:42:05,056 - src.utils - INFO - Tokenizer loaded: UBC-NLP/MARBERT
2025-09-20 14:42:05,056 - src.utils - INFO - Loading cleaned dataset from CSV file...
2025-09-20 14:42:06,764 - src.utils - INFO - Successfully loaded 50000 samples from CSV
2025-09-20 14:42:06,764 - src.utils - INFO - Data split - Train: 35000, Val: 7500, Test: 7500
2025-09-20 14:42:06,765 - src.utils - INFO - After split - Train: 35000, Val: 7500, Test: 7500
2025-09-20 14:42:06,769 - src.utils - INFO - Train label distribution: {0: 23411, 1: 11589}
2025-09-20 14:42:06,769 - src.utils - INFO - Validation label distribution: {0: 5026, 1: 2474}
2025-09-20 14:42:06,769 - src.utils - INFO - Test label distribution: {0: 5026, 1: 2474}
2025-09-20 14:42:06,770 - src.utils - INFO - Dataset initialized with 35000 samples
2025-09-20 14:42:06,770 - src.utils - INFO - Dataset initialized with 7500 samples
2025-09-20 14:42:06,770 - src.utils - INFO - Dataset initialized with 7500 samples
2025-09-20 14:42:09,146 - src.utils - INFO - Created WeightedRandomSampler with class weights: [4.27149631e-05 8.62887221e-05]
2025-09-20 14:42:09,147 - src.utils - INFO - Class distribution: [23411 11589]
2025-09-20 14:42:09,148 - src.utils - INFO - Using WeightedRandomSampler for training
2025-09-20 14:42:09,149 - src.utils - INFO - DataLoaders created - Batch size: 12
2025-09-20 14:42:09,149 - src.utils - INFO - Evaluator initialized on device: cuda
2025-09-20 14:42:09,149 - src.utils - INFO - Starting model evaluation...
2025-09-20 14:42:13,230 - src.utils - INFO - Model initialized with 162842882 parameters
2025-09-20 14:42:13,232 - src.utils - INFO - Trainable parameters: 162842882
2025-09-20 14:42:13,232 - src.utils - INFO - Loss function: focal
2025-09-20 14:42:13,696 - src.utils - INFO - Model created and moved to cuda
2025-09-20 14:42:17,091 - src.utils - INFO - Model loaded from C:\deep learning\Balanced data\models\best_marbert_model.pt
2025-09-20 14:42:17,091 - src.utils - INFO - Epoch: 1, Loss: 0.0466, Accuracy: 0.8625
2025-09-20 14:42:17,094 - src.utils - INFO - Best model loaded successfully
2025-09-20 14:42:17,096 - src.utils - INFO - Starting evaluation...
2025-09-20 14:42:17,097 - src.utils - INFO - Using threshold: 0.65
2025-09-20 14:44:14,470 - src.utils - INFO - 
==================================================
2025-09-20 14:44:14,470 - src.utils - INFO - EVALUATION RESULTS
2025-09-20 14:44:14,470 - src.utils - INFO - ==================================================
2025-09-20 14:44:14,471 - src.utils - INFO - Test Loss: 0.0497
2025-09-20 14:44:14,471 - src.utils - INFO - Accuracy: 0.8556
2025-09-20 14:44:14,472 - src.utils - INFO - Precision: 0.8536
2025-09-20 14:44:14,472 - src.utils - INFO - Recall: 0.8556
2025-09-20 14:44:14,473 - src.utils - INFO - F1-Score: 0.8537
2025-09-20 14:44:14,473 - src.utils - INFO - Threshold: 0.6500
2025-09-20 14:44:14,473 - src.utils - INFO - ==================================================
2025-09-20 14:44:14,476 - src.utils - INFO - 
Detailed Classification Report:
2025-09-20 14:44:14,476 - src.utils - INFO - --------------------------------------------------
2025-09-20 14:44:15,913 - src.utils - INFO - Confusion matrix saved to: C:\deep learning\Balanced data\results/confusion_matrix.png
2025-09-20 14:44:16,016 - src.utils - ERROR - Evaluation failed: Object of type int32 is not JSON serializable
2025-09-20 14:45:47,505 - src.utils - INFO - Starting training process...
2025-09-20 14:45:48,584 - src.utils - INFO - Loading dataset...
2025-09-20 14:45:49,372 - src.utils - INFO - Tokenizer loaded: UBC-NLP/MARBERT
2025-09-20 14:45:49,373 - src.utils - INFO - Loading cleaned dataset from CSV file...
2025-09-20 14:45:51,110 - src.utils - INFO - Successfully loaded 50000 samples from CSV
2025-09-20 14:45:51,110 - src.utils - INFO - Data split - Train: 35000, Val: 7500, Test: 7500
2025-09-20 14:45:51,112 - src.utils - INFO - After split - Train: 35000, Val: 7500, Test: 7500
2025-09-20 14:45:51,116 - src.utils - INFO - Train label distribution: {0: 23411, 1: 11589}
2025-09-20 14:45:51,116 - src.utils - INFO - Validation label distribution: {0: 5026, 1: 2474}
2025-09-20 14:45:51,117 - src.utils - INFO - Test label distribution: {0: 5026, 1: 2474}
2025-09-20 14:45:51,117 - src.utils - INFO - Dataset initialized with 35000 samples
2025-09-20 14:45:51,117 - src.utils - INFO - Dataset initialized with 7500 samples
2025-09-20 14:45:51,118 - src.utils - INFO - Dataset initialized with 7500 samples
2025-09-20 14:45:52,458 - src.utils - INFO - Created WeightedRandomSampler with class weights: [4.27149631e-05 8.62887221e-05]
2025-09-20 14:45:52,458 - src.utils - INFO - Class distribution: [23411 11589]
2025-09-20 14:45:52,459 - src.utils - INFO - Using WeightedRandomSampler for training
2025-09-20 14:45:52,460 - src.utils - INFO - DataLoaders created - Batch size: 12
2025-09-20 14:45:52,460 - src.utils - INFO - ==================================================
2025-09-20 14:45:52,460 - src.utils - INFO - DATASET INFORMATION
2025-09-20 14:45:52,460 - src.utils - INFO - ==================================================
2025-09-20 14:45:52,461 - src.utils - INFO - Training samples: 35000
2025-09-20 14:45:52,461 - src.utils - INFO - Validation samples: 7500
2025-09-20 14:45:52,461 - src.utils - INFO - Test samples: 7500
2025-09-20 14:45:52,461 - src.utils - INFO - Total samples: 50000
2025-09-20 14:45:52,461 - src.utils - INFO - Max sequence length: 128
2025-09-20 14:45:52,463 - src.utils - INFO - Batch size: 12
2025-09-20 14:45:52,463 - src.utils - INFO - ==================================================
2025-09-20 14:45:52,481 - src.utils - INFO - Mixed precision training enabled
2025-09-20 14:45:52,481 - src.utils - INFO - Trainer initialized on device: cuda
2025-09-20 14:45:52,482 - src.utils - INFO - Starting model training...
2025-09-20 14:45:55,785 - src.utils - INFO - Model initialized with 162842882 parameters
2025-09-20 14:45:55,787 - src.utils - INFO - Trainable parameters: 162842882
2025-09-20 14:45:55,787 - src.utils - INFO - Loss function: focal
2025-09-20 14:45:56,203 - src.utils - INFO - Model created and moved to cuda
2025-09-20 14:45:58,716 - src.utils - INFO - Model parameters: 162842882
2025-09-20 14:45:58,716 - src.utils - INFO - Optimizer: AdamW (lr=4e-05)
2025-09-20 14:45:58,717 - src.utils - INFO - Scheduler: Linear with warmup (100 steps)
2025-09-20 14:45:58,717 - src.utils - INFO - Starting training...
2025-09-20 14:45:58,717 - src.utils - INFO - Epochs: 3
2025-09-20 14:45:58,718 - src.utils - INFO - Batch size: 12
2025-09-20 14:45:58,718 - src.utils - INFO - Learning rate: 4e-05
2025-09-20 14:45:58,718 - src.utils - INFO - 
==================================================
2025-09-20 14:45:58,719 - src.utils - INFO - Epoch 1/3
2025-09-20 14:45:58,719 - src.utils - INFO - ==================================================
2025-09-20 14:46:27,944 - src.utils - INFO - Batch 100/2917 - Loss: 0.0572 - Avg Loss: 0.0618
2025-09-20 14:46:56,117 - src.utils - INFO - Batch 200/2917 - Loss: 0.0478 - Avg Loss: 0.0594
2025-09-20 14:47:24,492 - src.utils - INFO - Batch 300/2917 - Loss: 0.0280 - Avg Loss: 0.0557
2025-09-20 14:47:52,742 - src.utils - INFO - Batch 400/2917 - Loss: 0.0583 - Avg Loss: 0.0538
2025-09-20 14:48:21,074 - src.utils - INFO - Batch 500/2917 - Loss: 0.0083 - Avg Loss: 0.0520
2025-09-20 14:55:58,581 - src.utils - INFO - Batch 600/2917 - Loss: 0.0190 - Avg Loss: 0.0499
2025-09-20 15:00:59,525 - src.utils - INFO - Batch 700/2917 - Loss: 0.0474 - Avg Loss: 0.0484
2025-09-20 15:01:27,731 - src.utils - INFO - Batch 800/2917 - Loss: 0.0663 - Avg Loss: 0.0471
2025-09-20 15:01:55,954 - src.utils - INFO - Batch 900/2917 - Loss: 0.0322 - Avg Loss: 0.0461
2025-09-20 15:02:24,208 - src.utils - INFO - Batch 1000/2917 - Loss: 0.0590 - Avg Loss: 0.0454
2025-09-20 15:02:52,477 - src.utils - INFO - Batch 1100/2917 - Loss: 0.0299 - Avg Loss: 0.0448
2025-09-20 15:03:20,866 - src.utils - INFO - Batch 1200/2917 - Loss: 0.0523 - Avg Loss: 0.0439
2025-09-20 15:03:56,010 - src.utils - INFO - Batch 1300/2917 - Loss: 0.0263 - Avg Loss: 0.0432
2025-09-20 15:04:24,441 - src.utils - INFO - Batch 1400/2917 - Loss: 0.0367 - Avg Loss: 0.0430
2025-09-20 15:04:52,893 - src.utils - INFO - Batch 1500/2917 - Loss: 0.0475 - Avg Loss: 0.0425
2025-09-20 15:05:21,444 - src.utils - INFO - Batch 1600/2917 - Loss: 0.0333 - Avg Loss: 0.0422
2025-09-20 15:05:50,064 - src.utils - INFO - Batch 1700/2917 - Loss: 0.0312 - Avg Loss: 0.0416
2025-09-20 15:06:18,627 - src.utils - INFO - Batch 1800/2917 - Loss: 0.0164 - Avg Loss: 0.0410
2025-09-20 15:06:47,279 - src.utils - INFO - Batch 1900/2917 - Loss: 0.0499 - Avg Loss: 0.0406
2025-09-20 15:11:57,092 - src.utils - INFO - Batch 2000/2917 - Loss: 0.0240 - Avg Loss: 0.0401
2025-09-20 15:12:25,303 - src.utils - INFO - Batch 2100/2917 - Loss: 0.0431 - Avg Loss: 0.0396
2025-09-20 15:12:53,561 - src.utils - INFO - Batch 2200/2917 - Loss: 0.0055 - Avg Loss: 0.0391
2025-09-20 15:13:21,909 - src.utils - INFO - Batch 2300/2917 - Loss: 0.0057 - Avg Loss: 0.0387
2025-09-20 15:13:50,388 - src.utils - INFO - Batch 2400/2917 - Loss: 0.0118 - Avg Loss: 0.0384
2025-09-20 15:14:18,941 - src.utils - INFO - Batch 2500/2917 - Loss: 0.0508 - Avg Loss: 0.0379
2025-09-20 15:14:47,562 - src.utils - INFO - Batch 2600/2917 - Loss: 0.0182 - Avg Loss: 0.0377
2025-09-20 15:16:30,380 - src.utils - INFO - Batch 2700/2917 - Loss: 0.0768 - Avg Loss: 0.0374
2025-09-20 15:16:58,704 - src.utils - INFO - Batch 2800/2917 - Loss: 0.0289 - Avg Loss: 0.0371
2025-09-20 15:17:27,181 - src.utils - INFO - Batch 2900/2917 - Loss: 0.0055 - Avg Loss: 0.0367
2025-09-20 15:18:09,016 - src.utils - INFO - Epoch 1 Results:
2025-09-20 15:18:09,016 - src.utils - INFO -   Train Loss: 0.0366
2025-09-20 15:18:09,016 - src.utils - INFO -   Val Loss: 0.0421
2025-09-20 15:18:09,017 - src.utils - INFO -   Val Accuracy: 0.8607
2025-09-20 15:18:09,017 - src.utils - INFO -   Epoch Time: 32.17m
2025-09-20 15:18:09,017 - src.utils - INFO - New best model! Accuracy: 0.8607
2025-09-20 15:18:57,117 - src.utils - INFO - Best model saved at epoch 1 with accuracy 0.8607
2025-09-20 15:18:57,117 - src.utils - INFO - Model checkpoint saved for epoch 1
2025-09-20 15:18:57,119 - src.utils - INFO - 
==================================================
2025-09-20 15:18:57,119 - src.utils - INFO - Epoch 2/3
2025-09-20 15:18:57,119 - src.utils - INFO - ==================================================
2025-09-20 15:20:31,579 - src.utils - INFO - Batch 100/2917 - Loss: 0.0040 - Avg Loss: 0.0240
2025-09-20 15:21:00,107 - src.utils - INFO - Batch 200/2917 - Loss: 0.0363 - Avg Loss: 0.0254
2025-09-20 15:21:28,545 - src.utils - INFO - Batch 300/2917 - Loss: 0.0039 - Avg Loss: 0.0252
2025-09-20 15:21:57,120 - src.utils - INFO - Batch 400/2917 - Loss: 0.0162 - Avg Loss: 0.0247
2025-09-20 15:22:25,738 - src.utils - INFO - Batch 500/2917 - Loss: 0.0190 - Avg Loss: 0.0247
2025-09-20 15:22:54,938 - src.utils - INFO - Batch 600/2917 - Loss: 0.0070 - Avg Loss: 0.0249
2025-09-20 15:23:23,781 - src.utils - INFO - Batch 700/2917 - Loss: 0.0186 - Avg Loss: 0.0249
2025-09-20 15:23:52,748 - src.utils - INFO - Batch 800/2917 - Loss: 0.0031 - Avg Loss: 0.0247
2025-09-20 15:24:21,744 - src.utils - INFO - Batch 900/2917 - Loss: 0.0022 - Avg Loss: 0.0245
2025-09-20 15:24:50,921 - src.utils - INFO - Batch 1000/2917 - Loss: 0.0140 - Avg Loss: 0.0247
2025-09-20 15:25:19,911 - src.utils - INFO - Batch 1100/2917 - Loss: 0.0029 - Avg Loss: 0.0244
2025-09-20 15:25:48,976 - src.utils - INFO - Batch 1200/2917 - Loss: 0.0022 - Avg Loss: 0.0240
2025-09-20 15:26:18,128 - src.utils - INFO - Batch 1300/2917 - Loss: 0.0468 - Avg Loss: 0.0238
2025-09-20 15:26:47,446 - src.utils - INFO - Batch 1400/2917 - Loss: 0.0328 - Avg Loss: 0.0236
2025-09-20 15:27:16,876 - src.utils - INFO - Batch 1500/2917 - Loss: 0.0068 - Avg Loss: 0.0235
2025-09-20 15:27:46,421 - src.utils - INFO - Batch 1600/2917 - Loss: 0.0231 - Avg Loss: 0.0234
2025-09-20 15:28:36,801 - src.utils - INFO - Batch 1700/2917 - Loss: 0.0194 - Avg Loss: 0.0230
2025-09-20 15:29:05,527 - src.utils - INFO - Batch 1800/2917 - Loss: 0.0103 - Avg Loss: 0.0227
2025-09-20 15:29:34,234 - src.utils - INFO - Batch 1900/2917 - Loss: 0.0029 - Avg Loss: 0.0226
2025-09-20 15:30:03,273 - src.utils - INFO - Batch 2000/2917 - Loss: 0.0163 - Avg Loss: 0.0225
2025-09-20 15:30:32,419 - src.utils - INFO - Batch 2100/2917 - Loss: 0.0014 - Avg Loss: 0.0222
2025-09-20 15:31:01,669 - src.utils - INFO - Batch 2200/2917 - Loss: 0.0407 - Avg Loss: 0.0222
2025-09-20 15:31:31,022 - src.utils - INFO - Batch 2300/2917 - Loss: 0.0018 - Avg Loss: 0.0220
2025-09-20 15:32:00,203 - src.utils - INFO - Batch 2400/2917 - Loss: 0.0013 - Avg Loss: 0.0220
2025-09-20 15:32:29,421 - src.utils - INFO - Batch 2500/2917 - Loss: 0.0042 - Avg Loss: 0.0218
2025-09-20 15:32:58,731 - src.utils - INFO - Batch 2600/2917 - Loss: 0.0015 - Avg Loss: 0.0217
2025-09-20 15:33:28,221 - src.utils - INFO - Batch 2700/2917 - Loss: 0.0077 - Avg Loss: 0.0215
2025-09-20 15:33:57,738 - src.utils - INFO - Batch 2800/2917 - Loss: 0.0074 - Avg Loss: 0.0214
2025-09-20 15:34:27,255 - src.utils - INFO - Batch 2900/2917 - Loss: 0.0029 - Avg Loss: 0.0212
2025-09-20 15:35:09,429 - src.utils - INFO - Epoch 2 Results:
2025-09-20 15:35:09,430 - src.utils - INFO -   Train Loss: 0.0212
2025-09-20 15:35:09,430 - src.utils - INFO -   Val Loss: 0.0490
2025-09-20 15:35:09,430 - src.utils - INFO -   Val Accuracy: 0.8543
2025-09-20 15:35:09,431 - src.utils - INFO -   Epoch Time: 16.21m
2025-09-20 15:35:14,616 - src.utils - INFO - Model checkpoint saved for epoch 2
2025-09-20 15:35:14,616 - src.utils - INFO - 
==================================================
2025-09-20 15:35:14,618 - src.utils - INFO - Epoch 3/3
2025-09-20 15:35:14,618 - src.utils - INFO - ==================================================
2025-09-20 15:36:04,584 - src.utils - INFO - Starting evaluation process...
2025-09-20 15:36:04,585 - src.utils - INFO - Loading dataset...
2025-09-20 15:36:05,415 - src.utils - INFO - Tokenizer loaded: UBC-NLP/MARBERT
2025-09-20 15:36:05,416 - src.utils - INFO - Loading cleaned dataset from CSV file...
2025-09-20 15:36:07,146 - src.utils - INFO - Successfully loaded 50000 samples from CSV
2025-09-20 15:36:07,147 - src.utils - INFO - Data split - Train: 35000, Val: 7500, Test: 7500
2025-09-20 15:36:07,147 - src.utils - INFO - After split - Train: 35000, Val: 7500, Test: 7500
2025-09-20 15:36:07,151 - src.utils - INFO - Train label distribution: {0: 23411, 1: 11589}
2025-09-20 15:36:07,151 - src.utils - INFO - Validation label distribution: {0: 5026, 1: 2474}
2025-09-20 15:36:07,153 - src.utils - INFO - Test label distribution: {0: 5026, 1: 2474}
2025-09-20 15:36:07,153 - src.utils - INFO - Dataset initialized with 35000 samples
2025-09-20 15:36:07,154 - src.utils - INFO - Dataset initialized with 7500 samples
2025-09-20 15:36:07,154 - src.utils - INFO - Dataset initialized with 7500 samples
2025-09-20 15:36:09,425 - src.utils - INFO - Created WeightedRandomSampler with class weights: [4.27149631e-05 8.62887221e-05]
2025-09-20 15:36:09,426 - src.utils - INFO - Class distribution: [23411 11589]
2025-09-20 15:36:09,427 - src.utils - INFO - Using WeightedRandomSampler for training
2025-09-20 15:36:09,427 - src.utils - INFO - DataLoaders created - Batch size: 12
2025-09-20 15:36:09,428 - src.utils - INFO - Evaluator initialized on device: cuda
2025-09-20 15:36:09,428 - src.utils - INFO - Starting model evaluation...
2025-09-20 15:36:13,199 - src.utils - INFO - Model initialized with 162842882 parameters
2025-09-20 15:36:13,201 - src.utils - INFO - Trainable parameters: 162842882
2025-09-20 15:36:13,201 - src.utils - INFO - Loss function: focal
2025-09-20 15:36:13,595 - src.utils - INFO - Model created and moved to cuda
2025-09-20 15:36:17,015 - src.utils - INFO - Model loaded from C:\deep learning\Balanced data\models\best_marbert_model.pt
2025-09-20 15:36:17,015 - src.utils - INFO - Epoch: 1, Loss: 0.0421, Accuracy: 0.8607
2025-09-20 15:36:17,017 - src.utils - INFO - Best model loaded successfully
2025-09-20 15:36:17,018 - src.utils - INFO - Starting evaluation...
2025-09-20 15:36:17,020 - src.utils - INFO - Using threshold: 0.65
2025-09-20 15:38:21,719 - src.utils - INFO - 
==================================================
2025-09-20 15:38:21,720 - src.utils - INFO - EVALUATION RESULTS
2025-09-20 15:38:21,720 - src.utils - INFO - ==================================================
2025-09-20 15:38:21,720 - src.utils - INFO - Test Loss: 0.0450
2025-09-20 15:38:21,721 - src.utils - INFO - Accuracy: 0.8517
2025-09-20 15:38:21,721 - src.utils - INFO - Precision: 0.8499
2025-09-20 15:38:21,721 - src.utils - INFO - Recall: 0.8517
2025-09-20 15:38:21,722 - src.utils - INFO - F1-Score: 0.8483
2025-09-20 15:38:21,722 - src.utils - INFO - Threshold: 0.6500
2025-09-20 15:38:21,722 - src.utils - INFO - ==================================================
2025-09-20 15:38:21,724 - src.utils - INFO - 
Detailed Classification Report:
2025-09-20 15:38:21,724 - src.utils - INFO - --------------------------------------------------
2025-09-20 15:38:23,094 - src.utils - INFO - Confusion matrix saved to: C:\deep learning\Balanced data\results/confusion_matrix.png
2025-09-20 15:38:23,267 - src.utils - ERROR - Evaluation failed: Object of type int32 is not JSON serializable
2025-09-20 15:41:53,472 - src.utils - INFO - Starting training process...
2025-09-20 15:41:54,483 - src.utils - INFO - Loading dataset...
2025-09-20 15:41:55,281 - src.utils - INFO - Tokenizer loaded: UBC-NLP/MARBERT
2025-09-20 15:41:55,282 - src.utils - INFO - Loading cleaned dataset from CSV file...
2025-09-20 15:41:56,936 - src.utils - INFO - Successfully loaded 50000 samples from CSV
2025-09-20 15:41:56,936 - src.utils - INFO - Data split - Train: 35000, Val: 7500, Test: 7500
2025-09-20 15:41:56,936 - src.utils - INFO - After split - Train: 35000, Val: 7500, Test: 7500
2025-09-20 15:41:56,943 - src.utils - INFO - Train label distribution: {0: 23411, 1: 11589}
2025-09-20 15:41:56,943 - src.utils - INFO - Validation label distribution: {0: 5026, 1: 2474}
2025-09-20 15:41:56,944 - src.utils - INFO - Test label distribution: {0: 5026, 1: 2474}
2025-09-20 15:41:56,944 - src.utils - INFO - Dataset initialized with 35000 samples
2025-09-20 15:41:56,945 - src.utils - INFO - Dataset initialized with 7500 samples
2025-09-20 15:41:56,946 - src.utils - INFO - Dataset initialized with 7500 samples
2025-09-20 15:41:58,274 - src.utils - INFO - Created WeightedRandomSampler with class weights: [4.27149631e-05 8.62887221e-05]
2025-09-20 15:41:58,275 - src.utils - INFO - Class distribution: [23411 11589]
2025-09-20 15:41:58,276 - src.utils - INFO - Using WeightedRandomSampler for training
2025-09-20 15:41:58,276 - src.utils - INFO - DataLoaders created - Batch size: 12
2025-09-20 15:41:58,277 - src.utils - INFO - ==================================================
2025-09-20 15:41:58,277 - src.utils - INFO - DATASET INFORMATION
2025-09-20 15:41:58,277 - src.utils - INFO - ==================================================
2025-09-20 15:41:58,278 - src.utils - INFO - Training samples: 35000
2025-09-20 15:41:58,278 - src.utils - INFO - Validation samples: 7500
2025-09-20 15:41:58,278 - src.utils - INFO - Test samples: 7500
2025-09-20 15:41:58,279 - src.utils - INFO - Total samples: 50000
2025-09-20 15:41:58,280 - src.utils - INFO - Max sequence length: 128
2025-09-20 15:41:58,280 - src.utils - INFO - Batch size: 12
2025-09-20 15:41:58,280 - src.utils - INFO - ==================================================
2025-09-20 15:41:58,292 - src.utils - INFO - Mixed precision training enabled
2025-09-20 15:41:58,292 - src.utils - INFO - Trainer initialized on device: cuda
2025-09-20 15:41:58,292 - src.utils - INFO - Starting model training...
2025-09-20 15:42:00,887 - src.utils - INFO - Model initialized with 162842882 parameters
2025-09-20 15:42:00,889 - src.utils - INFO - Trainable parameters: 162842882
2025-09-20 15:42:00,889 - src.utils - INFO - Loss function: focal
2025-09-20 15:42:01,201 - src.utils - INFO - Model created and moved to cuda
2025-09-20 15:42:03,564 - src.utils - INFO - Model parameters: 162842882
2025-09-20 15:42:03,565 - src.utils - INFO - Optimizer: AdamW (lr=3e-05)
2025-09-20 15:42:03,565 - src.utils - INFO - Scheduler: Linear with warmup (100 steps)
2025-09-20 15:42:03,565 - src.utils - INFO - Starting training...
2025-09-20 15:42:03,565 - src.utils - INFO - Epochs: 3
2025-09-20 15:42:03,567 - src.utils - INFO - Batch size: 12
2025-09-20 15:42:03,567 - src.utils - INFO - Learning rate: 3e-05
2025-09-20 15:42:03,567 - src.utils - INFO - 
==================================================
2025-09-20 15:42:03,568 - src.utils - INFO - Epoch 1/3
2025-09-20 15:42:03,568 - src.utils - INFO - ==================================================
2025-09-20 15:42:32,361 - src.utils - INFO - Batch 100/2917 - Loss: 0.0596 - Avg Loss: 0.0618
2025-09-20 15:43:00,536 - src.utils - INFO - Batch 200/2917 - Loss: 0.0450 - Avg Loss: 0.0593
2025-09-20 15:43:28,858 - src.utils - INFO - Batch 300/2917 - Loss: 0.0426 - Avg Loss: 0.0566
2025-09-20 15:43:57,189 - src.utils - INFO - Batch 400/2917 - Loss: 0.0479 - Avg Loss: 0.0544
2025-09-20 15:44:25,530 - src.utils - INFO - Batch 500/2917 - Loss: 0.0268 - Avg Loss: 0.0520
2025-09-20 15:46:01,494 - src.utils - INFO - Batch 600/2917 - Loss: 0.0241 - Avg Loss: 0.0500
2025-09-20 15:46:27,405 - src.utils - INFO - Batch 700/2917 - Loss: 0.0550 - Avg Loss: 0.0485
2025-09-20 15:46:51,064 - src.utils - INFO - Batch 800/2917 - Loss: 0.0521 - Avg Loss: 0.0471
2025-09-20 15:47:14,827 - src.utils - INFO - Batch 900/2917 - Loss: 0.0192 - Avg Loss: 0.0460
2025-09-20 15:47:38,667 - src.utils - INFO - Batch 1000/2917 - Loss: 0.0645 - Avg Loss: 0.0451
2025-09-20 15:48:02,514 - src.utils - INFO - Batch 1100/2917 - Loss: 0.0309 - Avg Loss: 0.0446
2025-09-20 15:48:26,349 - src.utils - INFO - Batch 1200/2917 - Loss: 0.0301 - Avg Loss: 0.0438
2025-09-20 15:48:50,216 - src.utils - INFO - Batch 1300/2917 - Loss: 0.0486 - Avg Loss: 0.0431
2025-09-20 15:49:14,091 - src.utils - INFO - Batch 1400/2917 - Loss: 0.0320 - Avg Loss: 0.0427
2025-09-20 15:49:38,009 - src.utils - INFO - Batch 1500/2917 - Loss: 0.0522 - Avg Loss: 0.0422
2025-09-20 15:50:01,931 - src.utils - INFO - Batch 1600/2917 - Loss: 0.0262 - Avg Loss: 0.0417
2025-09-20 15:50:25,868 - src.utils - INFO - Batch 1700/2917 - Loss: 0.0317 - Avg Loss: 0.0410
2025-09-20 15:50:49,826 - src.utils - INFO - Batch 1800/2917 - Loss: 0.0132 - Avg Loss: 0.0405
2025-09-20 15:51:13,792 - src.utils - INFO - Batch 1900/2917 - Loss: 0.0484 - Avg Loss: 0.0402
2025-09-20 15:51:37,776 - src.utils - INFO - Batch 2000/2917 - Loss: 0.0266 - Avg Loss: 0.0398
2025-09-20 15:52:01,778 - src.utils - INFO - Batch 2100/2917 - Loss: 0.0349 - Avg Loss: 0.0393
2025-09-20 15:52:25,776 - src.utils - INFO - Batch 2200/2917 - Loss: 0.0047 - Avg Loss: 0.0389
2025-09-20 15:52:49,793 - src.utils - INFO - Batch 2300/2917 - Loss: 0.0027 - Avg Loss: 0.0385
2025-09-20 15:58:07,947 - src.utils - INFO - Batch 2400/2917 - Loss: 0.0103 - Avg Loss: 0.0381
2025-09-20 15:58:31,513 - src.utils - INFO - Batch 2500/2917 - Loss: 0.0477 - Avg Loss: 0.0377
2025-09-20 15:58:55,205 - src.utils - INFO - Batch 2600/2917 - Loss: 0.0100 - Avg Loss: 0.0374
2025-09-20 15:59:18,949 - src.utils - INFO - Batch 2700/2917 - Loss: 0.0859 - Avg Loss: 0.0371
2025-09-20 15:59:42,759 - src.utils - INFO - Batch 2800/2917 - Loss: 0.0274 - Avg Loss: 0.0367
2025-09-20 16:00:06,581 - src.utils - INFO - Batch 2900/2917 - Loss: 0.0066 - Avg Loss: 0.0364
2025-09-20 16:00:40,119 - src.utils - INFO - Epoch 1 Results:
2025-09-20 16:00:40,120 - src.utils - INFO -   Train Loss: 0.0363
2025-09-20 16:00:40,120 - src.utils - INFO -   Val Loss: 0.0466
2025-09-20 16:00:40,120 - src.utils - INFO -   Val Accuracy: 0.8625
2025-09-20 16:00:40,120 - src.utils - INFO -   Epoch Time: 18.61m
2025-09-20 16:00:40,120 - src.utils - INFO - New best model! Accuracy: 0.8625
2025-09-20 16:01:22,876 - src.utils - INFO - Best model saved at epoch 1 with accuracy 0.8625
2025-09-20 16:01:22,876 - src.utils - INFO - Model checkpoint saved for epoch 1
2025-09-20 16:01:22,876 - src.utils - INFO - 
==================================================
2025-09-20 16:01:22,877 - src.utils - INFO - Epoch 2/3
2025-09-20 16:01:22,877 - src.utils - INFO - ==================================================
2025-09-20 16:01:46,686 - src.utils - INFO - Batch 100/2917 - Loss: 0.0044 - Avg Loss: 0.0277
2025-09-20 16:02:10,355 - src.utils - INFO - Batch 200/2917 - Loss: 0.0214 - Avg Loss: 0.0271
2025-09-20 16:02:34,123 - src.utils - INFO - Batch 300/2917 - Loss: 0.0050 - Avg Loss: 0.0266
2025-09-20 16:12:36,758 - src.utils - INFO - Batch 400/2917 - Loss: 0.0105 - Avg Loss: 0.0257
2025-09-20 16:13:00,277 - src.utils - INFO - Batch 500/2917 - Loss: 0.0073 - Avg Loss: 0.0256
2025-09-20 16:13:23,970 - src.utils - INFO - Batch 600/2917 - Loss: 0.0099 - Avg Loss: 0.0256
2025-09-20 16:13:47,708 - src.utils - INFO - Batch 700/2917 - Loss: 0.0188 - Avg Loss: 0.0255
2025-09-20 16:14:11,537 - src.utils - INFO - Batch 800/2917 - Loss: 0.0045 - Avg Loss: 0.0251
2025-09-20 16:14:35,379 - src.utils - INFO - Batch 900/2917 - Loss: 0.0025 - Avg Loss: 0.0249
2025-09-20 16:14:59,178 - src.utils - INFO - Batch 1000/2917 - Loss: 0.0086 - Avg Loss: 0.0249
2025-09-20 16:15:23,041 - src.utils - INFO - Batch 1100/2917 - Loss: 0.0024 - Avg Loss: 0.0244
2025-09-20 16:15:46,915 - src.utils - INFO - Batch 1200/2917 - Loss: 0.0013 - Avg Loss: 0.0241
2025-09-20 16:16:10,863 - src.utils - INFO - Batch 1300/2917 - Loss: 0.0448 - Avg Loss: 0.0240
2025-09-20 16:16:34,857 - src.utils - INFO - Batch 1400/2917 - Loss: 0.0371 - Avg Loss: 0.0239
2025-09-20 16:16:58,837 - src.utils - INFO - Batch 1500/2917 - Loss: 0.0135 - Avg Loss: 0.0238
2025-09-20 16:17:22,845 - src.utils - INFO - Batch 1600/2917 - Loss: 0.0141 - Avg Loss: 0.0236
2025-09-20 16:17:47,022 - src.utils - INFO - Batch 1700/2917 - Loss: 0.0034 - Avg Loss: 0.0232
2025-09-20 16:18:18,630 - src.utils - INFO - Batch 1800/2917 - Loss: 0.0223 - Avg Loss: 0.0229
2025-09-20 16:18:42,484 - src.utils - INFO - Batch 1900/2917 - Loss: 0.0345 - Avg Loss: 0.0229
2025-09-20 16:19:06,424 - src.utils - INFO - Batch 2000/2917 - Loss: 0.0413 - Avg Loss: 0.0227
2025-09-20 16:19:30,430 - src.utils - INFO - Batch 2100/2917 - Loss: 0.0138 - Avg Loss: 0.0224
2025-09-20 16:19:54,473 - src.utils - INFO - Batch 2200/2917 - Loss: 0.0301 - Avg Loss: 0.0225
2025-09-20 16:20:18,521 - src.utils - INFO - Batch 2300/2917 - Loss: 0.0013 - Avg Loss: 0.0223
2025-09-20 16:20:42,571 - src.utils - INFO - Batch 2400/2917 - Loss: 0.0008 - Avg Loss: 0.0222
2025-09-20 16:21:06,551 - src.utils - INFO - Batch 2500/2917 - Loss: 0.0033 - Avg Loss: 0.0220
2025-09-20 16:21:30,531 - src.utils - INFO - Batch 2600/2917 - Loss: 0.0010 - Avg Loss: 0.0219
2025-09-20 16:21:54,527 - src.utils - INFO - Batch 2700/2917 - Loss: 0.0233 - Avg Loss: 0.0219
2025-09-20 16:22:18,564 - src.utils - INFO - Batch 2800/2917 - Loss: 0.0086 - Avg Loss: 0.0217
2025-09-20 16:22:42,550 - src.utils - INFO - Batch 2900/2917 - Loss: 0.0015 - Avg Loss: 0.0214
2025-09-20 16:23:16,818 - src.utils - INFO - Epoch 2 Results:
2025-09-20 16:23:16,819 - src.utils - INFO -   Train Loss: 0.0214
2025-09-20 16:23:16,819 - src.utils - INFO -   Val Loss: 0.0588
2025-09-20 16:23:16,819 - src.utils - INFO -   Val Accuracy: 0.8541
2025-09-20 16:23:16,819 - src.utils - INFO -   Epoch Time: 21.90m
2025-09-20 16:23:19,413 - src.utils - INFO - Model checkpoint saved for epoch 2
2025-09-20 16:23:19,413 - src.utils - INFO - 
==================================================
2025-09-20 16:23:19,413 - src.utils - INFO - Epoch 3/3
2025-09-20 16:23:19,414 - src.utils - INFO - ==================================================
2025-09-20 16:27:51,485 - src.utils - INFO - Starting evaluation process...
2025-09-20 16:27:51,485 - src.utils - INFO - Loading dataset...
2025-09-20 16:27:52,124 - src.utils - INFO - Tokenizer loaded: UBC-NLP/MARBERT
2025-09-20 16:27:52,125 - src.utils - INFO - Loading cleaned dataset from CSV file...
2025-09-20 16:27:52,978 - src.utils - INFO - Successfully loaded 50000 samples from CSV
2025-09-20 16:27:52,979 - src.utils - INFO - Data split - Train: 35000, Val: 7500, Test: 7500
2025-09-20 16:27:52,979 - src.utils - INFO - After split - Train: 35000, Val: 7500, Test: 7500
2025-09-20 16:27:52,980 - src.utils - INFO - Train label distribution: {0: 23411, 1: 11589}
2025-09-20 16:27:52,981 - src.utils - INFO - Validation label distribution: {0: 5026, 1: 2474}
2025-09-20 16:27:52,981 - src.utils - INFO - Test label distribution: {0: 5026, 1: 2474}
2025-09-20 16:27:52,981 - src.utils - INFO - Dataset initialized with 35000 samples
2025-09-20 16:27:52,981 - src.utils - INFO - Dataset initialized with 7500 samples
2025-09-20 16:27:52,981 - src.utils - INFO - Dataset initialized with 7500 samples
2025-09-20 16:27:53,555 - src.utils - INFO - Created WeightedRandomSampler with class weights: [4.27149631e-05 8.62887221e-05]
2025-09-20 16:27:53,557 - src.utils - INFO - Class distribution: [23411 11589]
2025-09-20 16:27:53,557 - src.utils - INFO - Using WeightedRandomSampler for training
2025-09-20 16:27:53,557 - src.utils - INFO - DataLoaders created - Batch size: 12
2025-09-20 16:27:53,557 - src.utils - INFO - Evaluator initialized on device: cuda
2025-09-20 16:27:53,557 - src.utils - INFO - Starting model evaluation...
2025-09-20 16:27:56,109 - src.utils - INFO - Model initialized with 162842882 parameters
2025-09-20 16:27:56,110 - src.utils - INFO - Trainable parameters: 162842882
2025-09-20 16:27:56,110 - src.utils - INFO - Loss function: focal
2025-09-20 16:27:56,354 - src.utils - INFO - Model created and moved to cuda
2025-09-20 16:27:58,889 - src.utils - INFO - Model loaded from C:\deep learning\Balanced data\models\best_marbert_model.pt
2025-09-20 16:27:58,889 - src.utils - INFO - Epoch: 1, Loss: 0.0466, Accuracy: 0.8625
2025-09-20 16:27:58,890 - src.utils - INFO - Best model loaded successfully
2025-09-20 16:27:58,891 - src.utils - INFO - Starting evaluation...
2025-09-20 16:27:58,891 - src.utils - INFO - Using threshold: 0.65
2025-09-20 16:29:17,546 - src.utils - INFO - 
==================================================
2025-09-20 16:29:17,546 - src.utils - INFO - EVALUATION RESULTS
2025-09-20 16:29:17,546 - src.utils - INFO - ==================================================
2025-09-20 16:29:17,546 - src.utils - INFO - Test Loss: 0.0497
2025-09-20 16:29:17,547 - src.utils - INFO - Accuracy: 0.8556
2025-09-20 16:29:17,547 - src.utils - INFO - Precision: 0.8536
2025-09-20 16:29:17,547 - src.utils - INFO - Recall: 0.8556
2025-09-20 16:29:17,547 - src.utils - INFO - F1-Score: 0.8537
2025-09-20 16:29:17,547 - src.utils - INFO - Threshold: 0.6500
2025-09-20 16:29:17,547 - src.utils - INFO - ==================================================
2025-09-20 16:29:17,549 - src.utils - INFO - 
Detailed Classification Report:
2025-09-20 16:29:17,549 - src.utils - INFO - --------------------------------------------------
2025-09-20 16:29:18,227 - src.utils - INFO - Confusion matrix saved to: C:\deep learning\Balanced data\results/confusion_matrix.png
2025-09-20 16:29:18,270 - src.utils - ERROR - Evaluation failed: Object of type int32 is not JSON serializable
2025-09-20 16:38:38,682 - src.utils - INFO - Starting training process...
2025-09-20 16:38:38,724 - src.utils - INFO - Loading dataset...
2025-09-20 16:38:39,939 - src.utils - INFO - Tokenizer loaded: UBC-NLP/MARBERT
2025-09-20 16:38:39,940 - src.utils - INFO - Loading cleaned dataset from CSV file...
2025-09-20 16:38:40,674 - src.utils - INFO - Successfully loaded 50000 samples from CSV
2025-09-20 16:38:40,675 - src.utils - INFO - Data split - Train: 35000, Val: 7500, Test: 7500
2025-09-20 16:38:40,675 - src.utils - INFO - After split - Train: 35000, Val: 7500, Test: 7500
2025-09-20 16:38:40,677 - src.utils - INFO - Train label distribution: {0: 23411, 1: 11589}
2025-09-20 16:38:40,677 - src.utils - INFO - Validation label distribution: {0: 5026, 1: 2474}
2025-09-20 16:38:40,677 - src.utils - INFO - Test label distribution: {0: 5026, 1: 2474}
2025-09-20 16:38:40,677 - src.utils - INFO - Dataset initialized with 35000 samples
2025-09-20 16:38:40,677 - src.utils - INFO - Dataset initialized with 7500 samples
2025-09-20 16:38:40,677 - src.utils - INFO - Dataset initialized with 7500 samples
2025-09-20 16:38:41,198 - src.utils - INFO - Created WeightedRandomSampler with class weights: [4.27149631e-05 8.62887221e-05]
2025-09-20 16:38:41,199 - src.utils - INFO - Class distribution: [23411 11589]
2025-09-20 16:38:41,199 - src.utils - INFO - Using WeightedRandomSampler for training
2025-09-20 16:38:41,199 - src.utils - INFO - DataLoaders created - Batch size: 12
2025-09-20 16:38:41,199 - src.utils - INFO - ==================================================
2025-09-20 16:38:41,201 - src.utils - INFO - DATASET INFORMATION
2025-09-20 16:38:41,201 - src.utils - INFO - ==================================================
2025-09-20 16:38:41,201 - src.utils - INFO - Training samples: 35000
2025-09-20 16:38:41,201 - src.utils - INFO - Validation samples: 7500
2025-09-20 16:38:41,201 - src.utils - INFO - Test samples: 7500
2025-09-20 16:38:41,201 - src.utils - INFO - Total samples: 50000
2025-09-20 16:38:41,201 - src.utils - INFO - Max sequence length: 128
2025-09-20 16:38:41,201 - src.utils - INFO - Batch size: 12
2025-09-20 16:38:41,201 - src.utils - INFO - ==================================================
2025-09-20 16:38:41,205 - src.utils - INFO - Mixed precision training enabled
2025-09-20 16:38:41,205 - src.utils - INFO - Trainer initialized on device: cuda
2025-09-20 16:38:41,205 - src.utils - INFO - Starting model training...
2025-09-20 16:38:43,983 - src.utils - INFO - Model initialized with 162842882 parameters
2025-09-20 16:38:43,983 - src.utils - INFO - Trainable parameters: 162842882
2025-09-20 16:38:43,984 - src.utils - INFO - Loss function: focal
2025-09-20 16:38:44,219 - src.utils - INFO - Model created and moved to cuda
2025-09-20 16:38:45,475 - src.utils - INFO - Model parameters: 162842882
2025-09-20 16:38:45,475 - src.utils - INFO - Optimizer: AdamW (lr=3e-05)
2025-09-20 16:38:45,475 - src.utils - INFO - Scheduler: Linear with warmup (100 steps)
2025-09-20 16:38:45,475 - src.utils - INFO - Starting training...
2025-09-20 16:38:45,475 - src.utils - INFO - Epochs: 5
2025-09-20 16:38:45,475 - src.utils - INFO - Batch size: 12
2025-09-20 16:38:45,477 - src.utils - INFO - Learning rate: 3e-05
2025-09-20 16:38:45,477 - src.utils - INFO - 
==================================================
2025-09-20 16:38:45,477 - src.utils - INFO - Epoch 1/5
2025-09-20 16:38:45,477 - src.utils - INFO - ==================================================
2025-09-20 16:39:09,463 - src.utils - INFO - Batch 100/2917 - Loss: 0.0596 - Avg Loss: 0.0618
2025-09-20 16:39:33,027 - src.utils - INFO - Batch 200/2917 - Loss: 0.0450 - Avg Loss: 0.0593
2025-09-20 16:39:56,668 - src.utils - INFO - Batch 300/2917 - Loss: 0.0433 - Avg Loss: 0.0566
2025-09-20 16:40:20,453 - src.utils - INFO - Batch 400/2917 - Loss: 0.0620 - Avg Loss: 0.0545
2025-09-20 16:40:44,157 - src.utils - INFO - Batch 500/2917 - Loss: 0.0271 - Avg Loss: 0.0521
2025-09-20 16:41:07,983 - src.utils - INFO - Batch 600/2917 - Loss: 0.0222 - Avg Loss: 0.0501
2025-09-20 16:41:31,808 - src.utils - INFO - Batch 700/2917 - Loss: 0.0429 - Avg Loss: 0.0485
2025-09-20 16:41:55,676 - src.utils - INFO - Batch 800/2917 - Loss: 0.0550 - Avg Loss: 0.0470
2025-09-20 16:42:19,543 - src.utils - INFO - Batch 900/2917 - Loss: 0.0295 - Avg Loss: 0.0461
2025-09-20 16:42:43,471 - src.utils - INFO - Batch 1000/2917 - Loss: 0.0597 - Avg Loss: 0.0454
2025-09-20 16:43:07,398 - src.utils - INFO - Batch 1100/2917 - Loss: 0.0324 - Avg Loss: 0.0449
2025-09-20 16:43:31,444 - src.utils - INFO - Batch 1200/2917 - Loss: 0.0370 - Avg Loss: 0.0441
2025-09-20 16:45:50,542 - src.utils - INFO - Batch 1300/2917 - Loss: 0.0461 - Avg Loss: 0.0434
2025-09-20 16:46:14,014 - src.utils - INFO - Batch 1400/2917 - Loss: 0.0345 - Avg Loss: 0.0431
2025-09-20 16:46:37,610 - src.utils - INFO - Batch 1500/2917 - Loss: 0.0511 - Avg Loss: 0.0425
2025-09-20 16:47:01,332 - src.utils - INFO - Batch 1600/2917 - Loss: 0.0180 - Avg Loss: 0.0420
2025-09-20 16:47:25,144 - src.utils - INFO - Batch 1700/2917 - Loss: 0.0395 - Avg Loss: 0.0414
2025-09-20 16:47:49,008 - src.utils - INFO - Batch 1800/2917 - Loss: 0.0108 - Avg Loss: 0.0409
2025-09-20 16:48:12,864 - src.utils - INFO - Batch 1900/2917 - Loss: 0.0471 - Avg Loss: 0.0406
2025-09-20 16:48:36,766 - src.utils - INFO - Batch 2000/2917 - Loss: 0.0204 - Avg Loss: 0.0401
2025-09-20 16:49:00,677 - src.utils - INFO - Batch 2100/2917 - Loss: 0.0441 - Avg Loss: 0.0397
2025-09-20 16:49:24,623 - src.utils - INFO - Batch 2200/2917 - Loss: 0.0049 - Avg Loss: 0.0392
2025-09-20 16:49:48,563 - src.utils - INFO - Batch 2300/2917 - Loss: 0.0019 - Avg Loss: 0.0388
2025-09-20 16:50:12,528 - src.utils - INFO - Batch 2400/2917 - Loss: 0.0132 - Avg Loss: 0.0384
2025-09-20 16:50:36,508 - src.utils - INFO - Batch 2500/2917 - Loss: 0.0800 - Avg Loss: 0.0380
2025-09-20 16:51:00,573 - src.utils - INFO - Batch 2600/2917 - Loss: 0.0151 - Avg Loss: 0.0377
2025-09-20 17:01:30,475 - src.utils - INFO - Batch 2700/2917 - Loss: 0.0697 - Avg Loss: 0.0374
2025-09-20 17:01:53,988 - src.utils - INFO - Batch 2800/2917 - Loss: 0.0314 - Avg Loss: 0.0371
2025-09-20 17:02:17,731 - src.utils - INFO - Batch 2900/2917 - Loss: 0.0075 - Avg Loss: 0.0368
2025-09-20 17:02:51,116 - src.utils - INFO - Epoch 1 Results:
2025-09-20 17:02:51,116 - src.utils - INFO -   Train Loss: 0.0367
2025-09-20 17:02:51,116 - src.utils - INFO -   Val Loss: 0.0420
2025-09-20 17:02:51,116 - src.utils - INFO -   Val Accuracy: 0.8616
2025-09-20 17:02:51,116 - src.utils - INFO -   Epoch Time: 24.09m
2025-09-20 17:02:51,116 - src.utils - INFO - New best model! Accuracy: 0.8616
2025-09-20 17:03:11,227 - src.utils - INFO - Best model saved at epoch 1 with accuracy 0.8616
2025-09-20 17:03:11,227 - src.utils - INFO - Model checkpoint saved for epoch 1
2025-09-20 17:03:11,227 - src.utils - INFO - 
==================================================
2025-09-20 17:03:11,228 - src.utils - INFO - Epoch 2/5
2025-09-20 17:03:11,228 - src.utils - INFO - ==================================================
2025-09-20 17:03:34,946 - src.utils - INFO - Batch 100/2917 - Loss: 0.0075 - Avg Loss: 0.0246
2025-09-20 17:03:58,629 - src.utils - INFO - Batch 200/2917 - Loss: 0.0378 - Avg Loss: 0.0262
2025-09-20 17:04:22,429 - src.utils - INFO - Batch 300/2917 - Loss: 0.0037 - Avg Loss: 0.0261
2025-09-20 17:04:46,241 - src.utils - INFO - Batch 400/2917 - Loss: 0.0161 - Avg Loss: 0.0256
2025-09-20 17:05:10,163 - src.utils - INFO - Batch 500/2917 - Loss: 0.0077 - Avg Loss: 0.0255
2025-09-20 17:05:34,035 - src.utils - INFO - Batch 600/2917 - Loss: 0.0062 - Avg Loss: 0.0258
2025-09-20 17:05:57,940 - src.utils - INFO - Batch 700/2917 - Loss: 0.0278 - Avg Loss: 0.0259
2025-09-20 17:06:21,839 - src.utils - INFO - Batch 800/2917 - Loss: 0.0035 - Avg Loss: 0.0256
2025-09-20 17:06:45,891 - src.utils - INFO - Batch 900/2917 - Loss: 0.0035 - Avg Loss: 0.0255
2025-09-20 17:31:52,036 - src.utils - INFO - Batch 1000/2917 - Loss: 0.0090 - Avg Loss: 0.0255
2025-09-20 17:32:15,567 - src.utils - INFO - Batch 1100/2917 - Loss: 0.0098 - Avg Loss: 0.0251
2025-09-20 17:32:39,205 - src.utils - INFO - Batch 1200/2917 - Loss: 0.0015 - Avg Loss: 0.0248
2025-09-20 17:33:02,857 - src.utils - INFO - Batch 1300/2917 - Loss: 0.0664 - Avg Loss: 0.0246
2025-09-20 17:33:26,530 - src.utils - INFO - Batch 1400/2917 - Loss: 0.0202 - Avg Loss: 0.0243
2025-09-20 17:33:50,253 - src.utils - INFO - Batch 1500/2917 - Loss: 0.0118 - Avg Loss: 0.0243
2025-09-20 17:34:14,014 - src.utils - INFO - Batch 1600/2917 - Loss: 0.0378 - Avg Loss: 0.0241
2025-09-20 17:34:37,807 - src.utils - INFO - Batch 1700/2917 - Loss: 0.0056 - Avg Loss: 0.0238
2025-09-20 17:35:01,660 - src.utils - INFO - Batch 1800/2917 - Loss: 0.0224 - Avg Loss: 0.0236
2025-09-20 17:35:25,532 - src.utils - INFO - Batch 1900/2917 - Loss: 0.0252 - Avg Loss: 0.0234
2025-09-20 17:35:49,271 - src.utils - INFO - Batch 2000/2917 - Loss: 0.0238 - Avg Loss: 0.0233
2025-09-20 17:36:13,138 - src.utils - INFO - Batch 2100/2917 - Loss: 0.0306 - Avg Loss: 0.0231
2025-09-20 17:36:37,023 - src.utils - INFO - Batch 2200/2917 - Loss: 0.0418 - Avg Loss: 0.0232
2025-09-20 19:44:02,033 - src.utils - INFO - Batch 2300/2917 - Loss: 0.0017 - Avg Loss: 0.0231
2025-09-20 19:44:25,735 - src.utils - INFO - Batch 2400/2917 - Loss: 0.0010 - Avg Loss: 0.0229
2025-09-20 19:44:49,711 - src.utils - INFO - Batch 2500/2917 - Loss: 0.0023 - Avg Loss: 0.0227
2025-09-20 19:45:13,273 - src.utils - INFO - Batch 2600/2917 - Loss: 0.0017 - Avg Loss: 0.0227
2025-09-20 19:45:36,829 - src.utils - INFO - Batch 2700/2917 - Loss: 0.0213 - Avg Loss: 0.0227
2025-09-20 19:46:00,428 - src.utils - INFO - Batch 2800/2917 - Loss: 0.0204 - Avg Loss: 0.0225
2025-09-20 19:46:24,050 - src.utils - INFO - Batch 2900/2917 - Loss: 0.0017 - Avg Loss: 0.0223
2025-09-20 19:46:57,619 - src.utils - INFO - Epoch 2 Results:
2025-09-20 19:46:57,620 - src.utils - INFO -   Train Loss: 0.0224
2025-09-20 19:46:57,620 - src.utils - INFO -   Val Loss: 0.0522
2025-09-20 19:46:57,620 - src.utils - INFO -   Val Accuracy: 0.8601
2025-09-20 19:46:57,620 - src.utils - INFO -   Epoch Time: 2.73h
2025-09-20 19:47:17,754 - src.utils - INFO - Model checkpoint saved for epoch 2
2025-09-20 19:47:17,755 - src.utils - INFO - 
==================================================
2025-09-20 19:47:17,755 - src.utils - INFO - Epoch 3/5
2025-09-20 19:47:17,755 - src.utils - INFO - ==================================================
2025-09-20 19:47:41,431 - src.utils - INFO - Batch 100/2917 - Loss: 0.0112 - Avg Loss: 0.0141
2025-09-20 19:48:05,043 - src.utils - INFO - Batch 200/2917 - Loss: 0.0682 - Avg Loss: 0.0176
2025-09-20 19:48:28,732 - src.utils - INFO - Batch 300/2917 - Loss: 0.0132 - Avg Loss: 0.0177
2025-09-20 19:48:52,467 - src.utils - INFO - Batch 400/2917 - Loss: 0.0332 - Avg Loss: 0.0176
2025-09-20 19:49:16,351 - src.utils - INFO - Batch 500/2917 - Loss: 0.0042 - Avg Loss: 0.0176
2025-09-20 19:59:01,904 - src.utils - INFO - Batch 600/2917 - Loss: 0.0388 - Avg Loss: 0.0178
2025-09-20 19:59:25,444 - src.utils - INFO - Batch 700/2917 - Loss: 0.0019 - Avg Loss: 0.0177
2025-09-20 19:59:49,077 - src.utils - INFO - Batch 800/2917 - Loss: 0.0021 - Avg Loss: 0.0175
2025-09-20 20:00:12,725 - src.utils - INFO - Batch 900/2917 - Loss: 0.0007 - Avg Loss: 0.0171
2025-09-20 20:00:36,408 - src.utils - INFO - Batch 1000/2917 - Loss: 0.0780 - Avg Loss: 0.0171
2025-09-20 20:01:00,361 - src.utils - INFO - Batch 1100/2917 - Loss: 0.0004 - Avg Loss: 0.0168
2025-09-20 20:01:24,141 - src.utils - INFO - Batch 1200/2917 - Loss: 0.0197 - Avg Loss: 0.0168
2025-09-20 20:01:47,945 - src.utils - INFO - Batch 1300/2917 - Loss: 0.0007 - Avg Loss: 0.0165
2025-09-20 20:02:11,771 - src.utils - INFO - Batch 1400/2917 - Loss: 0.0048 - Avg Loss: 0.0166
2025-09-20 20:02:35,609 - src.utils - INFO - Batch 1500/2917 - Loss: 0.1315 - Avg Loss: 0.0165
2025-09-20 20:02:59,489 - src.utils - INFO - Batch 1600/2917 - Loss: 0.0244 - Avg Loss: 0.0166
2025-09-20 20:03:23,367 - src.utils - INFO - Batch 1700/2917 - Loss: 0.0012 - Avg Loss: 0.0164
2025-09-20 20:03:47,272 - src.utils - INFO - Batch 1800/2917 - Loss: 0.0032 - Avg Loss: 0.0164
2025-09-20 20:04:11,161 - src.utils - INFO - Batch 1900/2917 - Loss: 0.0015 - Avg Loss: 0.0161
2025-09-20 20:04:35,059 - src.utils - INFO - Batch 2000/2917 - Loss: 0.0170 - Avg Loss: 0.0160
2025-09-20 20:04:58,966 - src.utils - INFO - Batch 2100/2917 - Loss: 0.0646 - Avg Loss: 0.0161
2025-09-20 20:05:22,887 - src.utils - INFO - Batch 2200/2917 - Loss: 0.0030 - Avg Loss: 0.0161
2025-09-20 20:05:46,834 - src.utils - INFO - Batch 2300/2917 - Loss: 0.0150 - Avg Loss: 0.0160
2025-09-20 20:06:10,842 - src.utils - INFO - Batch 2400/2917 - Loss: 0.0013 - Avg Loss: 0.0158
2025-09-20 20:06:34,786 - src.utils - INFO - Batch 2500/2917 - Loss: 0.0028 - Avg Loss: 0.0158
2025-09-20 20:06:58,733 - src.utils - INFO - Batch 2600/2917 - Loss: 0.0533 - Avg Loss: 0.0156
2025-09-20 20:07:22,679 - src.utils - INFO - Batch 2700/2917 - Loss: 0.0177 - Avg Loss: 0.0155
2025-09-20 20:07:46,667 - src.utils - INFO - Batch 2800/2917 - Loss: 0.0264 - Avg Loss: 0.0155
2025-09-20 20:08:10,625 - src.utils - INFO - Batch 2900/2917 - Loss: 0.0009 - Avg Loss: 0.0154
2025-09-20 20:08:44,460 - src.utils - INFO - Epoch 3 Results:
2025-09-20 20:08:44,460 - src.utils - INFO -   Train Loss: 0.0153
2025-09-20 20:08:44,460 - src.utils - INFO -   Val Loss: 0.0826
2025-09-20 20:08:44,460 - src.utils - INFO -   Val Accuracy: 0.8540
2025-09-20 20:08:44,460 - src.utils - INFO -   Epoch Time: 21.45m
2025-09-20 20:08:48,339 - src.utils - INFO - Model checkpoint saved for epoch 3
2025-09-20 20:08:48,340 - src.utils - INFO - 
==================================================
2025-09-20 20:08:48,340 - src.utils - INFO - Epoch 4/5
2025-09-20 20:08:48,340 - src.utils - INFO - ==================================================
2025-09-20 20:09:12,538 - src.utils - INFO - Batch 100/2917 - Loss: 0.0013 - Avg Loss: 0.0137
2025-09-20 20:09:36,520 - src.utils - INFO - Batch 200/2917 - Loss: 0.0008 - Avg Loss: 0.0133
2025-09-20 20:10:00,517 - src.utils - INFO - Batch 300/2917 - Loss: 0.0707 - Avg Loss: 0.0129
2025-09-20 20:15:13,150 - src.utils - INFO - Batch 400/2917 - Loss: 0.0009 - Avg Loss: 0.0126
2025-09-20 20:15:36,769 - src.utils - INFO - Batch 500/2917 - Loss: 0.0022 - Avg Loss: 0.0125
2025-09-20 20:16:00,408 - src.utils - INFO - Batch 600/2917 - Loss: 0.0050 - Avg Loss: 0.0125
2025-09-20 20:16:24,094 - src.utils - INFO - Batch 700/2917 - Loss: 0.0010 - Avg Loss: 0.0122
2025-09-20 20:16:47,867 - src.utils - INFO - Batch 800/2917 - Loss: 0.0004 - Avg Loss: 0.0121
2025-09-20 20:17:11,667 - src.utils - INFO - Batch 900/2917 - Loss: 0.0011 - Avg Loss: 0.0122
2025-09-20 20:17:35,442 - src.utils - INFO - Batch 1000/2917 - Loss: 0.0019 - Avg Loss: 0.0121
2025-09-20 20:17:59,299 - src.utils - INFO - Batch 1100/2917 - Loss: 0.0005 - Avg Loss: 0.0119
2025-09-20 20:18:23,152 - src.utils - INFO - Batch 1200/2917 - Loss: 0.0014 - Avg Loss: 0.0118
2025-09-20 20:18:47,018 - src.utils - INFO - Batch 1300/2917 - Loss: 0.0004 - Avg Loss: 0.0114
2025-09-20 20:19:10,885 - src.utils - INFO - Batch 1400/2917 - Loss: 0.0248 - Avg Loss: 0.0114
2025-09-20 20:19:34,810 - src.utils - INFO - Batch 1500/2917 - Loss: 0.0002 - Avg Loss: 0.0112
2025-09-20 20:19:58,719 - src.utils - INFO - Batch 1600/2917 - Loss: 0.0003 - Avg Loss: 0.0110
2025-09-20 20:20:22,687 - src.utils - INFO - Batch 1700/2917 - Loss: 0.0215 - Avg Loss: 0.0110
2025-09-20 20:21:44,878 - src.utils - INFO - Batch 1800/2917 - Loss: 0.0280 - Avg Loss: 0.0109
2025-09-20 20:22:08,592 - src.utils - INFO - Batch 1900/2917 - Loss: 0.0007 - Avg Loss: 0.0109
2025-09-20 20:22:32,315 - src.utils - INFO - Batch 2000/2917 - Loss: 0.0316 - Avg Loss: 0.0108
2025-09-20 20:22:56,136 - src.utils - INFO - Batch 2100/2917 - Loss: 0.0019 - Avg Loss: 0.0107
2025-09-20 20:23:19,973 - src.utils - INFO - Batch 2200/2917 - Loss: 0.0004 - Avg Loss: 0.0106
2025-09-20 20:23:43,833 - src.utils - INFO - Batch 2300/2917 - Loss: 0.0539 - Avg Loss: 0.0106
2025-09-20 20:24:07,718 - src.utils - INFO - Batch 2400/2917 - Loss: 0.0011 - Avg Loss: 0.0105
2025-09-20 20:24:31,627 - src.utils - INFO - Batch 2500/2917 - Loss: 0.0514 - Avg Loss: 0.0104
2025-09-20 20:24:55,530 - src.utils - INFO - Batch 2600/2917 - Loss: 0.0006 - Avg Loss: 0.0102
2025-09-20 20:25:19,474 - src.utils - INFO - Batch 2700/2917 - Loss: 0.0001 - Avg Loss: 0.0100
2025-09-20 20:25:43,414 - src.utils - INFO - Batch 2800/2917 - Loss: 0.0364 - Avg Loss: 0.0103
2025-09-20 20:26:07,374 - src.utils - INFO - Batch 2900/2917 - Loss: 0.0006 - Avg Loss: 0.0102
2025-09-20 20:33:01,383 - src.utils - INFO - Epoch 4 Results:
2025-09-20 20:33:01,383 - src.utils - INFO -   Train Loss: 0.0102
2025-09-20 20:33:01,384 - src.utils - INFO -   Val Loss: 0.0902
2025-09-20 20:33:01,384 - src.utils - INFO -   Val Accuracy: 0.8531
2025-09-20 20:33:01,384 - src.utils - INFO -   Epoch Time: 24.22m
2025-09-20 20:33:35,191 - src.utils - INFO - Model checkpoint saved for epoch 4
2025-09-20 20:33:35,192 - src.utils - INFO - Early stopping triggered after 4 epochs
2025-09-20 20:33:40,092 - src.utils - INFO - 
Training completed!
2025-09-20 20:33:40,092 - src.utils - INFO - Total time: 3.91h
2025-09-20 20:33:40,092 - src.utils - INFO - Best validation accuracy: 0.8616
2025-09-20 20:33:40,093 - src.utils - INFO - Training curves saved to: C:\deep learning\Balanced data\results\loss_curve.png
2025-09-20 20:33:40,096 - src.utils - INFO - Training completed successfully!
2025-09-20 20:34:20,392 - src.utils - INFO - Starting evaluation process...
2025-09-20 20:34:20,393 - src.utils - INFO - Loading dataset...
2025-09-20 20:34:21,229 - src.utils - INFO - Tokenizer loaded: UBC-NLP/MARBERT
2025-09-20 20:34:21,229 - src.utils - INFO - Loading cleaned dataset from CSV file...
2025-09-20 20:34:22,887 - src.utils - INFO - Successfully loaded 50000 samples from CSV
2025-09-20 20:34:22,887 - src.utils - INFO - Data split - Train: 35000, Val: 7500, Test: 7500
2025-09-20 20:34:22,888 - src.utils - INFO - After split - Train: 35000, Val: 7500, Test: 7500
2025-09-20 20:34:22,892 - src.utils - INFO - Train label distribution: {0: 23411, 1: 11589}
2025-09-20 20:34:22,892 - src.utils - INFO - Validation label distribution: {0: 5026, 1: 2474}
2025-09-20 20:34:22,893 - src.utils - INFO - Test label distribution: {0: 5026, 1: 2474}
2025-09-20 20:34:22,893 - src.utils - INFO - Dataset initialized with 35000 samples
2025-09-20 20:34:22,893 - src.utils - INFO - Dataset initialized with 7500 samples
2025-09-20 20:34:22,894 - src.utils - INFO - Dataset initialized with 7500 samples
2025-09-20 20:34:25,273 - src.utils - INFO - Created WeightedRandomSampler with class weights: [4.27149631e-05 8.62887221e-05]
2025-09-20 20:34:25,273 - src.utils - INFO - Class distribution: [23411 11589]
2025-09-20 20:34:25,274 - src.utils - INFO - Using WeightedRandomSampler for training
2025-09-20 20:34:25,276 - src.utils - INFO - DataLoaders created - Batch size: 12
2025-09-20 20:34:25,276 - src.utils - INFO - Evaluator initialized on device: cuda
2025-09-20 20:34:25,276 - src.utils - INFO - Starting model evaluation...
2025-09-20 20:34:29,130 - src.utils - INFO - Model initialized with 162842882 parameters
2025-09-20 20:34:29,131 - src.utils - INFO - Trainable parameters: 162842882
2025-09-20 20:34:29,132 - src.utils - INFO - Loss function: focal
2025-09-20 20:34:29,574 - src.utils - INFO - Model created and moved to cuda
2025-09-20 20:34:33,111 - src.utils - INFO - Model loaded from C:\deep learning\Balanced data\models\best_marbert_model.pt
2025-09-20 20:34:33,112 - src.utils - INFO - Epoch: 1, Loss: 0.0420, Accuracy: 0.8616
2025-09-20 20:34:33,115 - src.utils - INFO - Best model loaded successfully
2025-09-20 20:34:33,117 - src.utils - INFO - Starting evaluation...
2025-09-20 20:34:33,117 - src.utils - INFO - Using threshold: 0.65
2025-09-20 20:36:30,889 - src.utils - INFO - 
==================================================
2025-09-20 20:36:30,891 - src.utils - INFO - EVALUATION RESULTS
2025-09-20 20:36:30,891 - src.utils - INFO - ==================================================
2025-09-20 20:36:30,892 - src.utils - INFO - Test Loss: 0.0429
2025-09-20 20:36:30,892 - src.utils - INFO - Accuracy: 0.8495
2025-09-20 20:36:30,892 - src.utils - INFO - Precision: 0.8483
2025-09-20 20:36:30,892 - src.utils - INFO - Recall: 0.8495
2025-09-20 20:36:30,893 - src.utils - INFO - F1-Score: 0.8449
2025-09-20 20:36:30,893 - src.utils - INFO - Threshold: 0.6500
2025-09-20 20:36:30,893 - src.utils - INFO - ==================================================
2025-09-20 20:36:30,896 - src.utils - INFO - 
Detailed Classification Report:
2025-09-20 20:36:30,896 - src.utils - INFO - --------------------------------------------------
2025-09-20 20:36:32,095 - src.utils - INFO - Confusion matrix saved to: C:\deep learning\Balanced data\results/confusion_matrix.png
2025-09-20 20:36:32,199 - src.utils - ERROR - Evaluation failed: Object of type int32 is not JSON serializable
2025-09-20 20:41:00,865 - src.utils - INFO - Starting training process...
2025-09-20 20:41:01,909 - src.utils - INFO - Loading dataset...
2025-09-20 20:41:02,822 - src.utils - INFO - Tokenizer loaded: UBC-NLP/MARBERT
2025-09-20 20:41:02,822 - src.utils - INFO - Loading cleaned dataset from CSV file...
2025-09-20 20:41:04,566 - src.utils - INFO - Successfully loaded 50000 samples from CSV
2025-09-20 20:41:04,566 - src.utils - INFO - Data split - Train: 35000, Val: 7500, Test: 7500
2025-09-20 20:41:04,567 - src.utils - INFO - After split - Train: 35000, Val: 7500, Test: 7500
2025-09-20 20:41:04,571 - src.utils - INFO - Train label distribution: {0: 23411, 1: 11589}
2025-09-20 20:41:04,571 - src.utils - INFO - Validation label distribution: {0: 5026, 1: 2474}
2025-09-20 20:41:04,572 - src.utils - INFO - Test label distribution: {0: 5026, 1: 2474}
2025-09-20 20:41:04,572 - src.utils - INFO - Dataset initialized with 35000 samples
2025-09-20 20:41:04,572 - src.utils - INFO - Dataset initialized with 7500 samples
2025-09-20 20:41:04,573 - src.utils - INFO - Dataset initialized with 7500 samples
2025-09-20 20:41:05,863 - src.utils - INFO - Created WeightedRandomSampler with class weights: [4.27149631e-05 8.62887221e-05]
2025-09-20 20:41:05,863 - src.utils - INFO - Class distribution: [23411 11589]
2025-09-20 20:41:05,865 - src.utils - INFO - Using WeightedRandomSampler for training
2025-09-20 20:41:05,866 - src.utils - INFO - DataLoaders created - Batch size: 12
2025-09-20 20:41:05,866 - src.utils - INFO - ==================================================
2025-09-20 20:41:05,867 - src.utils - INFO - DATASET INFORMATION
2025-09-20 20:41:05,867 - src.utils - INFO - ==================================================
2025-09-20 20:41:05,867 - src.utils - INFO - Training samples: 35000
2025-09-20 20:41:05,868 - src.utils - INFO - Validation samples: 7500
2025-09-20 20:41:05,868 - src.utils - INFO - Test samples: 7500
2025-09-20 20:41:05,868 - src.utils - INFO - Total samples: 50000
2025-09-20 20:41:05,868 - src.utils - INFO - Max sequence length: 128
2025-09-20 20:41:05,868 - src.utils - INFO - Batch size: 12
2025-09-20 20:41:05,869 - src.utils - INFO - ==================================================
2025-09-20 20:41:05,889 - src.utils - INFO - Mixed precision training enabled
2025-09-20 20:41:05,890 - src.utils - INFO - Trainer initialized on device: cuda
2025-09-20 20:41:05,890 - src.utils - INFO - Starting model training...
2025-09-20 20:41:08,563 - src.utils - INFO - Model initialized with 162842882 parameters
2025-09-20 20:41:08,566 - src.utils - INFO - Trainable parameters: 162842882
2025-09-20 20:41:08,566 - src.utils - INFO - Loss function: focal
2025-09-20 20:41:08,915 - src.utils - INFO - Model created and moved to cuda
2025-09-20 20:41:11,621 - src.utils - INFO - Model parameters: 162842882
2025-09-20 20:41:11,621 - src.utils - INFO - Optimizer: AdamW (lr=1e-05)
2025-09-20 20:41:11,621 - src.utils - INFO - Scheduler: Linear with warmup (100 steps)
2025-09-20 20:41:11,622 - src.utils - INFO - Starting training...
2025-09-20 20:41:11,622 - src.utils - INFO - Epochs: 5
2025-09-20 20:41:11,622 - src.utils - INFO - Batch size: 12
2025-09-20 20:41:11,622 - src.utils - INFO - Learning rate: 1e-05
2025-09-20 20:41:11,622 - src.utils - INFO - 
==================================================
2025-09-20 20:41:11,623 - src.utils - INFO - Epoch 1/5
2025-09-20 20:41:11,623 - src.utils - INFO - ==================================================
2025-09-20 20:41:40,327 - src.utils - INFO - Batch 100/2917 - Loss: 0.0424 - Avg Loss: 0.0638
2025-09-20 20:42:08,637 - src.utils - INFO - Batch 200/2917 - Loss: 0.0399 - Avg Loss: 0.0601
2025-09-20 20:42:37,048 - src.utils - INFO - Batch 300/2917 - Loss: 0.0384 - Avg Loss: 0.0570
2025-09-20 20:43:05,525 - src.utils - INFO - Batch 400/2917 - Loss: 0.0552 - Avg Loss: 0.0555
2025-09-20 20:43:34,102 - src.utils - INFO - Batch 500/2917 - Loss: 0.0301 - Avg Loss: 0.0534
2025-09-20 20:44:02,729 - src.utils - INFO - Batch 600/2917 - Loss: 0.0174 - Avg Loss: 0.0517
2025-09-20 20:44:31,281 - src.utils - INFO - Batch 700/2917 - Loss: 0.0335 - Avg Loss: 0.0504
2025-09-20 20:44:59,836 - src.utils - INFO - Batch 800/2917 - Loss: 0.0777 - Avg Loss: 0.0493
2025-09-20 20:45:28,496 - src.utils - INFO - Batch 900/2917 - Loss: 0.0309 - Avg Loss: 0.0485
2025-09-20 20:45:57,196 - src.utils - INFO - Batch 1000/2917 - Loss: 0.0724 - Avg Loss: 0.0478
2025-09-20 20:46:25,974 - src.utils - INFO - Batch 1100/2917 - Loss: 0.0491 - Avg Loss: 0.0471
2025-09-20 20:46:54,750 - src.utils - INFO - Batch 1200/2917 - Loss: 0.0247 - Avg Loss: 0.0462
2025-09-20 20:47:23,387 - src.utils - INFO - Batch 1300/2917 - Loss: 0.0487 - Avg Loss: 0.0456
2025-09-20 20:47:52,175 - src.utils - INFO - Batch 1400/2917 - Loss: 0.0364 - Avg Loss: 0.0452
2025-09-20 20:48:21,061 - src.utils - INFO - Batch 1500/2917 - Loss: 0.0322 - Avg Loss: 0.0448
2025-09-20 20:48:49,997 - src.utils - INFO - Batch 1600/2917 - Loss: 0.0529 - Avg Loss: 0.0441
2025-09-20 20:49:18,938 - src.utils - INFO - Batch 1700/2917 - Loss: 0.0325 - Avg Loss: 0.0434
2025-09-20 20:49:47,899 - src.utils - INFO - Batch 1800/2917 - Loss: 0.0393 - Avg Loss: 0.0429
2025-09-20 20:50:16,760 - src.utils - INFO - Batch 1900/2917 - Loss: 0.0564 - Avg Loss: 0.0424
2025-09-20 20:50:45,723 - src.utils - INFO - Batch 2000/2917 - Loss: 0.0408 - Avg Loss: 0.0419
2025-09-20 20:51:14,743 - src.utils - INFO - Batch 2100/2917 - Loss: 0.0625 - Avg Loss: 0.0413
2025-09-20 20:51:43,761 - src.utils - INFO - Batch 2200/2917 - Loss: 0.0035 - Avg Loss: 0.0408
2025-09-20 20:52:12,772 - src.utils - INFO - Batch 2300/2917 - Loss: 0.0084 - Avg Loss: 0.0404
2025-09-20 20:52:50,985 - src.utils - INFO - Batch 2400/2917 - Loss: 0.0065 - Avg Loss: 0.0400
2025-09-20 20:53:19,939 - src.utils - INFO - Batch 2500/2917 - Loss: 0.0691 - Avg Loss: 0.0395
2025-09-20 20:53:48,903 - src.utils - INFO - Batch 2600/2917 - Loss: 0.0122 - Avg Loss: 0.0392
2025-09-20 20:54:17,914 - src.utils - INFO - Batch 2700/2917 - Loss: 0.0497 - Avg Loss: 0.0388
2025-09-20 20:54:46,943 - src.utils - INFO - Batch 2800/2917 - Loss: 0.0435 - Avg Loss: 0.0385
2025-09-20 20:55:16,063 - src.utils - INFO - Batch 2900/2917 - Loss: 0.0177 - Avg Loss: 0.0381
2025-09-20 20:55:58,200 - src.utils - INFO - Epoch 1 Results:
2025-09-20 20:55:58,201 - src.utils - INFO -   Train Loss: 0.0380
2025-09-20 20:55:58,201 - src.utils - INFO -   Val Loss: 0.0463
2025-09-20 20:55:58,201 - src.utils - INFO -   Val Accuracy: 0.8561
2025-09-20 20:55:58,203 - src.utils - INFO -   Epoch Time: 14.78m
2025-09-20 20:55:58,203 - src.utils - INFO - New best model! Accuracy: 0.8561
2025-09-20 20:56:47,416 - src.utils - INFO - Best model saved at epoch 1 with accuracy 0.8561
2025-09-20 20:56:47,417 - src.utils - INFO - Model checkpoint saved for epoch 1
2025-09-20 20:56:47,417 - src.utils - INFO - 
==================================================
2025-09-20 20:56:47,418 - src.utils - INFO - Epoch 2/5
2025-09-20 20:56:47,418 - src.utils - INFO - ==================================================
2025-09-20 20:57:15,901 - src.utils - INFO - Batch 100/2917 - Loss: 0.0046 - Avg Loss: 0.0296
2025-09-20 20:57:44,488 - src.utils - INFO - Batch 200/2917 - Loss: 0.0178 - Avg Loss: 0.0284
2025-09-20 20:58:13,296 - src.utils - INFO - Batch 300/2917 - Loss: 0.0051 - Avg Loss: 0.0279
2025-09-20 20:58:42,244 - src.utils - INFO - Batch 400/2917 - Loss: 0.0061 - Avg Loss: 0.0275
2025-09-20 20:59:11,163 - src.utils - INFO - Batch 500/2917 - Loss: 0.0311 - Avg Loss: 0.0275
2025-09-20 20:59:40,157 - src.utils - INFO - Batch 600/2917 - Loss: 0.0101 - Avg Loss: 0.0273
2025-09-20 21:00:09,308 - src.utils - INFO - Batch 700/2917 - Loss: 0.0288 - Avg Loss: 0.0269
2025-09-20 21:00:38,437 - src.utils - INFO - Batch 800/2917 - Loss: 0.0029 - Avg Loss: 0.0266
2025-09-20 21:01:07,630 - src.utils - INFO - Batch 900/2917 - Loss: 0.0018 - Avg Loss: 0.0264
2025-09-20 21:01:36,800 - src.utils - INFO - Batch 1000/2917 - Loss: 0.0045 - Avg Loss: 0.0266
2025-09-20 21:02:05,876 - src.utils - INFO - Batch 1100/2917 - Loss: 0.0224 - Avg Loss: 0.0263
2025-09-20 21:02:35,119 - src.utils - INFO - Batch 1200/2917 - Loss: 0.0035 - Avg Loss: 0.0261
2025-09-20 21:03:04,570 - src.utils - INFO - Batch 1300/2917 - Loss: 0.0396 - Avg Loss: 0.0259
2025-09-20 21:03:33,980 - src.utils - INFO - Batch 1400/2917 - Loss: 0.1172 - Avg Loss: 0.0257
2025-09-20 21:04:03,441 - src.utils - INFO - Batch 1500/2917 - Loss: 0.0123 - Avg Loss: 0.0255
2025-09-20 21:04:32,946 - src.utils - INFO - Batch 1600/2917 - Loss: 0.0385 - Avg Loss: 0.0254
2025-09-20 21:05:02,505 - src.utils - INFO - Batch 1700/2917 - Loss: 0.0041 - Avg Loss: 0.0252
2025-09-20 21:05:32,010 - src.utils - INFO - Batch 1800/2917 - Loss: 0.0145 - Avg Loss: 0.0249
2025-09-20 21:06:01,522 - src.utils - INFO - Batch 1900/2917 - Loss: 0.0288 - Avg Loss: 0.0248
2025-09-20 21:06:31,063 - src.utils - INFO - Batch 2000/2917 - Loss: 0.0039 - Avg Loss: 0.0248
2025-09-20 21:07:00,603 - src.utils - INFO - Batch 2100/2917 - Loss: 0.0800 - Avg Loss: 0.0246
2025-09-20 21:07:30,154 - src.utils - INFO - Batch 2200/2917 - Loss: 0.0181 - Avg Loss: 0.0245
2025-09-20 21:07:59,797 - src.utils - INFO - Batch 2300/2917 - Loss: 0.0014 - Avg Loss: 0.0243
2025-09-20 21:08:29,486 - src.utils - INFO - Batch 2400/2917 - Loss: 0.0008 - Avg Loss: 0.0243
2025-09-20 21:08:59,174 - src.utils - INFO - Batch 2500/2917 - Loss: 0.0062 - Avg Loss: 0.0242
2025-09-20 21:09:28,935 - src.utils - INFO - Batch 2600/2917 - Loss: 0.0029 - Avg Loss: 0.0241
2025-09-20 21:09:58,746 - src.utils - INFO - Batch 2700/2917 - Loss: 0.0296 - Avg Loss: 0.0242
2025-09-20 21:10:28,318 - src.utils - INFO - Batch 2800/2917 - Loss: 0.0284 - Avg Loss: 0.0240
2025-09-20 21:10:57,869 - src.utils - INFO - Batch 2900/2917 - Loss: 0.0115 - Avg Loss: 0.0239
2025-09-20 21:11:40,513 - src.utils - INFO - Epoch 2 Results:
2025-09-20 21:11:40,513 - src.utils - INFO -   Train Loss: 0.0239
2025-09-20 21:11:40,514 - src.utils - INFO -   Val Loss: 0.0420
2025-09-20 21:11:40,514 - src.utils - INFO -   Val Accuracy: 0.8669
2025-09-20 21:11:40,515 - src.utils - INFO -   Epoch Time: 14.88m
2025-09-20 21:11:40,515 - src.utils - INFO - New best model! Accuracy: 0.8669
2025-09-20 21:11:53,804 - src.utils - INFO - Best model saved at epoch 2 with accuracy 0.8669
2025-09-20 21:11:53,804 - src.utils - INFO - Model checkpoint saved for epoch 2
2025-09-20 21:11:53,805 - src.utils - INFO - 
==================================================
2025-09-20 21:11:53,805 - src.utils - INFO - Epoch 3/5
2025-09-20 21:11:53,805 - src.utils - INFO - ==================================================
2025-09-20 21:12:23,167 - src.utils - INFO - Batch 100/2917 - Loss: 0.0121 - Avg Loss: 0.0177
2025-09-20 21:12:52,685 - src.utils - INFO - Batch 200/2917 - Loss: 0.0149 - Avg Loss: 0.0221
2025-09-20 21:13:22,242 - src.utils - INFO - Batch 300/2917 - Loss: 0.0057 - Avg Loss: 0.0214
2025-09-20 21:13:51,898 - src.utils - INFO - Batch 400/2917 - Loss: 0.0222 - Avg Loss: 0.0208
2025-09-20 21:14:21,344 - src.utils - INFO - Batch 500/2917 - Loss: 0.0015 - Avg Loss: 0.0198
2025-09-20 21:14:50,858 - src.utils - INFO - Batch 600/2917 - Loss: 0.0282 - Avg Loss: 0.0197
2025-09-20 21:15:20,464 - src.utils - INFO - Batch 700/2917 - Loss: 0.0156 - Avg Loss: 0.0194
2025-09-20 21:15:49,962 - src.utils - INFO - Batch 800/2917 - Loss: 0.0044 - Avg Loss: 0.0194
2025-09-20 21:16:19,531 - src.utils - INFO - Batch 900/2917 - Loss: 0.0137 - Avg Loss: 0.0192
2025-09-20 21:16:48,862 - src.utils - INFO - Batch 1000/2917 - Loss: 0.0724 - Avg Loss: 0.0193
2025-09-20 21:17:18,194 - src.utils - INFO - Batch 1100/2917 - Loss: 0.0010 - Avg Loss: 0.0191
2025-09-20 21:17:47,662 - src.utils - INFO - Batch 1200/2917 - Loss: 0.0311 - Avg Loss: 0.0192
2025-09-20 21:18:17,157 - src.utils - INFO - Batch 1300/2917 - Loss: 0.0096 - Avg Loss: 0.0191
2025-09-20 21:18:46,687 - src.utils - INFO - Batch 1400/2917 - Loss: 0.0019 - Avg Loss: 0.0190
2025-09-20 21:19:16,200 - src.utils - INFO - Batch 1500/2917 - Loss: 0.1240 - Avg Loss: 0.0189
2025-09-20 21:21:01,640 - src.utils - INFO - Batch 1600/2917 - Loss: 0.0351 - Avg Loss: 0.0189
2025-09-20 21:21:30,141 - src.utils - INFO - Batch 1700/2917 - Loss: 0.0020 - Avg Loss: 0.0186
2025-09-20 21:21:58,955 - src.utils - INFO - Batch 1800/2917 - Loss: 0.0034 - Avg Loss: 0.0188
2025-09-20 21:22:27,956 - src.utils - INFO - Batch 1900/2917 - Loss: 0.0007 - Avg Loss: 0.0186
2025-09-20 21:22:57,114 - src.utils - INFO - Batch 2000/2917 - Loss: 0.0227 - Avg Loss: 0.0185
2025-09-20 21:23:26,412 - src.utils - INFO - Batch 2100/2917 - Loss: 0.0078 - Avg Loss: 0.0187
2025-09-20 21:24:05,430 - src.utils - INFO - Batch 2200/2917 - Loss: 0.0011 - Avg Loss: 0.0186
2025-09-20 21:24:34,353 - src.utils - INFO - Batch 2300/2917 - Loss: 0.0079 - Avg Loss: 0.0185
2025-09-20 21:25:03,521 - src.utils - INFO - Batch 2400/2917 - Loss: 0.0019 - Avg Loss: 0.0183
2025-09-20 21:25:32,776 - src.utils - INFO - Batch 2500/2917 - Loss: 0.0027 - Avg Loss: 0.0184
2025-09-20 21:26:02,182 - src.utils - INFO - Batch 2600/2917 - Loss: 0.0453 - Avg Loss: 0.0182
2025-09-20 21:26:31,670 - src.utils - INFO - Batch 2700/2917 - Loss: 0.1025 - Avg Loss: 0.0181
2025-09-20 21:27:01,161 - src.utils - INFO - Batch 2800/2917 - Loss: 0.0007 - Avg Loss: 0.0180
2025-09-20 21:27:30,586 - src.utils - INFO - Batch 2900/2917 - Loss: 0.0065 - Avg Loss: 0.0179
2025-09-20 21:28:12,896 - src.utils - INFO - Epoch 3 Results:
2025-09-20 21:28:12,896 - src.utils - INFO -   Train Loss: 0.0179
2025-09-20 21:28:12,897 - src.utils - INFO -   Val Loss: 0.0720
2025-09-20 21:28:12,897 - src.utils - INFO -   Val Accuracy: 0.8709
2025-09-20 21:28:12,897 - src.utils - INFO -   Epoch Time: 16.32m
2025-09-20 21:28:12,898 - src.utils - INFO - New best model! Accuracy: 0.8709
2025-09-20 21:28:27,364 - src.utils - INFO - Best model saved at epoch 3 with accuracy 0.8709
2025-09-20 21:28:27,365 - src.utils - INFO - Model checkpoint saved for epoch 3
2025-09-20 21:28:27,365 - src.utils - INFO - 
==================================================
2025-09-20 21:28:27,365 - src.utils - INFO - Epoch 4/5
2025-09-20 21:28:27,365 - src.utils - INFO - ==================================================
2025-09-20 21:28:56,514 - src.utils - INFO - Batch 100/2917 - Loss: 0.0044 - Avg Loss: 0.0167
2025-09-20 21:29:25,639 - src.utils - INFO - Batch 200/2917 - Loss: 0.0002 - Avg Loss: 0.0162
2025-09-20 21:29:55,023 - src.utils - INFO - Batch 300/2917 - Loss: 0.0634 - Avg Loss: 0.0163
2025-09-20 21:30:24,370 - src.utils - INFO - Batch 400/2917 - Loss: 0.0006 - Avg Loss: 0.0159
2025-09-20 21:30:53,657 - src.utils - INFO - Batch 500/2917 - Loss: 0.0095 - Avg Loss: 0.0164
2025-09-20 21:31:23,024 - src.utils - INFO - Batch 600/2917 - Loss: 0.0067 - Avg Loss: 0.0161
2025-09-20 21:31:52,553 - src.utils - INFO - Batch 700/2917 - Loss: 0.0010 - Avg Loss: 0.0159
2025-09-20 21:32:22,076 - src.utils - INFO - Batch 800/2917 - Loss: 0.0018 - Avg Loss: 0.0153
2025-09-20 21:32:51,619 - src.utils - INFO - Batch 900/2917 - Loss: 0.0014 - Avg Loss: 0.0153
2025-09-20 21:33:21,092 - src.utils - INFO - Batch 1000/2917 - Loss: 0.0013 - Avg Loss: 0.0151
2025-09-20 21:33:50,458 - src.utils - INFO - Batch 1100/2917 - Loss: 0.0007 - Avg Loss: 0.0147
2025-09-20 21:34:19,974 - src.utils - INFO - Batch 1200/2917 - Loss: 0.0006 - Avg Loss: 0.0144
2025-09-20 21:34:49,513 - src.utils - INFO - Batch 1300/2917 - Loss: 0.0246 - Avg Loss: 0.0141
2025-09-20 21:35:19,097 - src.utils - INFO - Batch 1400/2917 - Loss: 0.0355 - Avg Loss: 0.0138
2025-09-20 21:35:48,761 - src.utils - INFO - Batch 1500/2917 - Loss: 0.0005 - Avg Loss: 0.0137
2025-09-20 21:36:18,441 - src.utils - INFO - Batch 1600/2917 - Loss: 0.0003 - Avg Loss: 0.0138
2025-09-20 21:36:48,147 - src.utils - INFO - Batch 1700/2917 - Loss: 0.0047 - Avg Loss: 0.0138
2025-09-20 21:37:17,732 - src.utils - INFO - Batch 1800/2917 - Loss: 0.0144 - Avg Loss: 0.0139
2025-09-20 21:37:47,498 - src.utils - INFO - Batch 1900/2917 - Loss: 0.0017 - Avg Loss: 0.0140
2025-09-20 21:38:17,270 - src.utils - INFO - Batch 2000/2917 - Loss: 0.0072 - Avg Loss: 0.0140
2025-09-20 21:38:47,050 - src.utils - INFO - Batch 2100/2917 - Loss: 0.0162 - Avg Loss: 0.0140
2025-09-20 21:39:16,780 - src.utils - INFO - Batch 2200/2917 - Loss: 0.0007 - Avg Loss: 0.0139
2025-09-20 21:39:46,479 - src.utils - INFO - Batch 2300/2917 - Loss: 0.0289 - Avg Loss: 0.0140
2025-09-20 21:40:15,733 - src.utils - INFO - Batch 2400/2917 - Loss: 0.0005 - Avg Loss: 0.0139
2025-09-20 21:40:39,810 - src.utils - INFO - Batch 2500/2917 - Loss: 0.0317 - Avg Loss: 0.0137
2025-09-20 21:41:03,772 - src.utils - INFO - Batch 2600/2917 - Loss: 0.0007 - Avg Loss: 0.0136
2025-09-20 21:41:27,838 - src.utils - INFO - Batch 2700/2917 - Loss: 0.0010 - Avg Loss: 0.0135
2025-09-20 21:41:51,894 - src.utils - INFO - Batch 2800/2917 - Loss: 0.0385 - Avg Loss: 0.0136
2025-09-20 21:42:15,919 - src.utils - INFO - Batch 2900/2917 - Loss: 0.0006 - Avg Loss: 0.0135
2025-09-20 21:42:49,804 - src.utils - INFO - Epoch 4 Results:
2025-09-20 21:42:49,804 - src.utils - INFO -   Train Loss: 0.0134
2025-09-20 21:42:49,804 - src.utils - INFO -   Val Loss: 0.0860
2025-09-20 21:42:49,804 - src.utils - INFO -   Val Accuracy: 0.8729
2025-09-20 21:42:49,804 - src.utils - INFO -   Epoch Time: 14.37m
2025-09-20 21:42:49,804 - src.utils - INFO - New best model! Accuracy: 0.8729
2025-09-20 21:42:59,083 - src.utils - INFO - Best model saved at epoch 4 with accuracy 0.8729
2025-09-20 21:42:59,084 - src.utils - INFO - Model checkpoint saved for epoch 4
2025-09-20 21:42:59,084 - src.utils - INFO - 
==================================================
2025-09-20 21:42:59,084 - src.utils - INFO - Epoch 5/5
2025-09-20 21:42:59,084 - src.utils - INFO - ==================================================
2025-09-20 21:43:23,178 - src.utils - INFO - Batch 100/2917 - Loss: 0.0004 - Avg Loss: 0.0100
2025-09-20 21:43:47,163 - src.utils - INFO - Batch 200/2917 - Loss: 0.0003 - Avg Loss: 0.0120
2025-09-20 21:44:11,227 - src.utils - INFO - Batch 300/2917 - Loss: 0.0003 - Avg Loss: 0.0118
2025-09-20 21:44:35,299 - src.utils - INFO - Batch 400/2917 - Loss: 0.0001 - Avg Loss: 0.0107
2025-09-20 21:44:59,364 - src.utils - INFO - Batch 500/2917 - Loss: 0.0004 - Avg Loss: 0.0106
2025-09-20 21:45:23,646 - src.utils - INFO - Batch 600/2917 - Loss: 0.0003 - Avg Loss: 0.0108
2025-09-20 21:45:47,687 - src.utils - INFO - Batch 700/2917 - Loss: 0.0001 - Avg Loss: 0.0104
2025-09-20 21:46:11,703 - src.utils - INFO - Batch 800/2917 - Loss: 0.0005 - Avg Loss: 0.0104
2025-09-20 21:46:35,788 - src.utils - INFO - Batch 900/2917 - Loss: 0.0001 - Avg Loss: 0.0101
2025-09-20 21:46:59,873 - src.utils - INFO - Batch 1000/2917 - Loss: 0.0002 - Avg Loss: 0.0102
2025-09-20 21:47:23,960 - src.utils - INFO - Batch 1100/2917 - Loss: 0.0003 - Avg Loss: 0.0104
2025-09-20 21:47:48,030 - src.utils - INFO - Batch 1200/2917 - Loss: 0.0006 - Avg Loss: 0.0104
2025-09-20 21:48:12,080 - src.utils - INFO - Batch 1300/2917 - Loss: 0.0005 - Avg Loss: 0.0102
2025-09-20 21:48:36,153 - src.utils - INFO - Batch 1400/2917 - Loss: 0.0004 - Avg Loss: 0.0100
2025-09-20 21:49:00,241 - src.utils - INFO - Batch 1500/2917 - Loss: 0.0001 - Avg Loss: 0.0098
2025-09-20 21:49:24,331 - src.utils - INFO - Batch 1600/2917 - Loss: 0.0029 - Avg Loss: 0.0099
2025-09-20 21:49:48,404 - src.utils - INFO - Batch 1700/2917 - Loss: 0.0082 - Avg Loss: 0.0097
2025-09-20 21:50:12,410 - src.utils - INFO - Batch 1800/2917 - Loss: 0.0670 - Avg Loss: 0.0099
2025-09-20 21:50:43,635 - src.utils - INFO - Batch 1900/2917 - Loss: 0.0002 - Avg Loss: 0.0099
2025-09-20 21:51:07,591 - src.utils - INFO - Batch 2000/2917 - Loss: 0.0004 - Avg Loss: 0.0098
2025-09-20 21:51:31,570 - src.utils - INFO - Batch 2100/2917 - Loss: 0.0026 - Avg Loss: 0.0098
2025-09-20 21:51:55,521 - src.utils - INFO - Batch 2200/2917 - Loss: 0.0002 - Avg Loss: 0.0098
2025-09-20 21:52:19,502 - src.utils - INFO - Batch 2300/2917 - Loss: 0.0002 - Avg Loss: 0.0097
2025-09-20 21:52:43,509 - src.utils - INFO - Batch 2400/2917 - Loss: 0.0011 - Avg Loss: 0.0098
2025-09-20 21:53:07,492 - src.utils - INFO - Batch 2500/2917 - Loss: 0.0004 - Avg Loss: 0.0098
2025-09-20 21:53:31,513 - src.utils - INFO - Batch 2600/2917 - Loss: 0.0024 - Avg Loss: 0.0095
2025-09-20 21:53:55,501 - src.utils - INFO - Batch 2700/2917 - Loss: 0.0001 - Avg Loss: 0.0095
2025-09-20 21:54:19,502 - src.utils - INFO - Batch 2800/2917 - Loss: 0.0083 - Avg Loss: 0.0095
2025-09-20 21:54:43,515 - src.utils - INFO - Batch 2900/2917 - Loss: 0.0008 - Avg Loss: 0.0096
2025-09-20 21:55:17,296 - src.utils - INFO - Epoch 5 Results:
2025-09-20 21:55:17,296 - src.utils - INFO -   Train Loss: 0.0097
2025-09-20 21:55:17,296 - src.utils - INFO -   Val Loss: 0.0990
2025-09-20 21:55:17,297 - src.utils - INFO -   Val Accuracy: 0.8753
2025-09-20 21:55:17,297 - src.utils - INFO -   Epoch Time: 12.30m
2025-09-20 21:55:17,297 - src.utils - INFO - New best model! Accuracy: 0.8753
2025-09-20 21:55:19,651 - src.utils - ERROR - Training failed: [enforce fail at inline_container.cc:603] . unexpected pos 1810171328 vs 1810171216
2025-09-20 21:55:49,939 - src.utils - INFO - Starting evaluation process...
2025-09-20 21:55:49,939 - src.utils - INFO - Loading dataset...
2025-09-20 21:55:50,525 - src.utils - INFO - Tokenizer loaded: UBC-NLP/MARBERT
2025-09-20 21:55:50,527 - src.utils - INFO - Loading cleaned dataset from CSV file...
2025-09-20 21:55:51,459 - src.utils - INFO - Successfully loaded 50000 samples from CSV
2025-09-20 21:55:51,461 - src.utils - INFO - Data split - Train: 35000, Val: 7500, Test: 7500
2025-09-20 21:55:51,461 - src.utils - INFO - After split - Train: 35000, Val: 7500, Test: 7500
2025-09-20 21:55:51,463 - src.utils - INFO - Train label distribution: {0: 23411, 1: 11589}
2025-09-20 21:55:51,463 - src.utils - INFO - Validation label distribution: {0: 5026, 1: 2474}
2025-09-20 21:55:51,463 - src.utils - INFO - Test label distribution: {0: 5026, 1: 2474}
2025-09-20 21:55:51,463 - src.utils - INFO - Dataset initialized with 35000 samples
2025-09-20 21:55:51,463 - src.utils - INFO - Dataset initialized with 7500 samples
2025-09-20 21:55:51,463 - src.utils - INFO - Dataset initialized with 7500 samples
2025-09-20 21:55:52,012 - src.utils - INFO - Created WeightedRandomSampler with class weights: [4.27149631e-05 8.62887221e-05]
2025-09-20 21:55:52,012 - src.utils - INFO - Class distribution: [23411 11589]
2025-09-20 21:55:52,012 - src.utils - INFO - Using WeightedRandomSampler for training
2025-09-20 21:55:52,013 - src.utils - INFO - DataLoaders created - Batch size: 12
2025-09-20 21:55:52,013 - src.utils - INFO - Evaluator initialized on device: cuda
2025-09-20 21:55:52,013 - src.utils - INFO - Starting model evaluation...
2025-09-20 21:55:54,943 - src.utils - INFO - Model initialized with 162842882 parameters
2025-09-20 21:55:54,945 - src.utils - INFO - Trainable parameters: 162842882
2025-09-20 21:55:54,945 - src.utils - INFO - Loss function: focal
2025-09-20 21:55:55,208 - src.utils - INFO - Model created and moved to cuda
2025-09-20 21:55:57,388 - src.utils - INFO - Model loaded from C:\deep learning\Balanced data\models\best_marbert_model.pt
2025-09-20 21:55:57,388 - src.utils - INFO - Epoch: 4, Loss: 0.0860, Accuracy: 0.8729
2025-09-20 21:55:57,390 - src.utils - INFO - Best model loaded successfully
2025-09-20 21:55:57,391 - src.utils - INFO - Starting evaluation...
2025-09-20 21:55:57,391 - src.utils - INFO - Using threshold: 0.65
2025-09-20 21:57:16,907 - src.utils - INFO - 
==================================================
2025-09-20 21:57:16,907 - src.utils - INFO - EVALUATION RESULTS
2025-09-20 21:57:16,907 - src.utils - INFO - ==================================================
2025-09-20 21:57:16,908 - src.utils - INFO - Test Loss: 0.0937
2025-09-20 21:57:16,908 - src.utils - INFO - Accuracy: 0.8673
2025-09-20 21:57:16,908 - src.utils - INFO - Precision: 0.8673
2025-09-20 21:57:16,908 - src.utils - INFO - Recall: 0.8673
2025-09-20 21:57:16,908 - src.utils - INFO - F1-Score: 0.8673
2025-09-20 21:57:16,908 - src.utils - INFO - Threshold: 0.6500
2025-09-20 21:57:16,908 - src.utils - INFO - ==================================================
2025-09-20 21:57:16,909 - src.utils - INFO - 
Detailed Classification Report:
2025-09-20 21:57:16,909 - src.utils - INFO - --------------------------------------------------
2025-09-20 21:57:17,592 - src.utils - INFO - Confusion matrix saved to: C:\deep learning\Balanced data\results/confusion_matrix.png
2025-09-20 21:57:17,635 - src.utils - ERROR - Evaluation failed: Object of type int32 is not JSON serializable
2025-09-20 22:00:13,679 - src.utils - INFO - Starting training process...
2025-09-20 22:00:13,734 - src.utils - INFO - Loading dataset...
2025-09-20 22:00:14,471 - src.utils - INFO - Tokenizer loaded: UBC-NLP/MARBERT
2025-09-20 22:00:14,471 - src.utils - INFO - Loading cleaned dataset from CSV file...
2025-09-20 22:00:15,207 - src.utils - INFO - Successfully loaded 50000 samples from CSV
2025-09-20 22:00:15,207 - src.utils - INFO - Data split - Train: 35000, Val: 7500, Test: 7500
2025-09-20 22:00:15,208 - src.utils - INFO - After split - Train: 35000, Val: 7500, Test: 7500
2025-09-20 22:00:15,210 - src.utils - INFO - Train label distribution: {0: 23411, 1: 11589}
2025-09-20 22:00:15,210 - src.utils - INFO - Validation label distribution: {0: 5026, 1: 2474}
2025-09-20 22:00:15,210 - src.utils - INFO - Test label distribution: {0: 5026, 1: 2474}
2025-09-20 22:00:15,210 - src.utils - INFO - Dataset initialized with 35000 samples
2025-09-20 22:00:15,210 - src.utils - INFO - Dataset initialized with 7500 samples
2025-09-20 22:00:15,210 - src.utils - INFO - Dataset initialized with 7500 samples
2025-09-20 22:00:15,730 - src.utils - INFO - Created WeightedRandomSampler with class weights: [4.27149631e-05 8.62887221e-05]
2025-09-20 22:00:15,730 - src.utils - INFO - Class distribution: [23411 11589]
2025-09-20 22:00:15,731 - src.utils - INFO - Using WeightedRandomSampler for training
2025-09-20 22:00:15,731 - src.utils - INFO - DataLoaders created - Batch size: 12
2025-09-20 22:00:15,731 - src.utils - INFO - ==================================================
2025-09-20 22:00:15,732 - src.utils - INFO - DATASET INFORMATION
2025-09-20 22:00:15,732 - src.utils - INFO - ==================================================
2025-09-20 22:00:15,732 - src.utils - INFO - Training samples: 35000
2025-09-20 22:00:15,732 - src.utils - INFO - Validation samples: 7500
2025-09-20 22:00:15,732 - src.utils - INFO - Test samples: 7500
2025-09-20 22:00:15,732 - src.utils - INFO - Total samples: 50000
2025-09-20 22:00:15,732 - src.utils - INFO - Max sequence length: 128
2025-09-20 22:00:15,732 - src.utils - INFO - Batch size: 12
2025-09-20 22:00:15,732 - src.utils - INFO - ==================================================
2025-09-20 22:00:15,737 - src.utils - INFO - Mixed precision training enabled
2025-09-20 22:00:15,737 - src.utils - INFO - Trainer initialized on device: cuda
2025-09-20 22:00:15,737 - src.utils - INFO - Starting model training...
2025-09-20 22:00:17,205 - src.utils - INFO - Model initialized with 162842882 parameters
2025-09-20 22:00:17,205 - src.utils - INFO - Trainable parameters: 162842882
2025-09-20 22:00:17,206 - src.utils - INFO - Loss function: focal
2025-09-20 22:00:17,423 - src.utils - INFO - Model created and moved to cuda
2025-09-20 22:00:18,446 - src.utils - INFO - Model parameters: 162842882
2025-09-20 22:00:18,446 - src.utils - INFO - Optimizer: AdamW (lr=8e-06)
2025-09-20 22:00:18,446 - src.utils - INFO - Scheduler: Linear with warmup (100 steps)
2025-09-20 22:00:18,446 - src.utils - INFO - Starting training...
2025-09-20 22:00:18,446 - src.utils - INFO - Epochs: 5
2025-09-20 22:00:18,447 - src.utils - INFO - Batch size: 12
2025-09-20 22:00:18,447 - src.utils - INFO - Learning rate: 8e-06
2025-09-20 22:00:18,447 - src.utils - INFO - 
==================================================
2025-09-20 22:00:18,447 - src.utils - INFO - Epoch 1/5
2025-09-20 22:00:18,447 - src.utils - INFO - ==================================================
2025-09-20 22:00:42,156 - src.utils - INFO - Batch 100/2917 - Loss: 0.0431 - Avg Loss: 0.0644
2025-09-20 22:01:05,810 - src.utils - INFO - Batch 200/2917 - Loss: 0.0399 - Avg Loss: 0.0606
2025-09-20 22:01:29,633 - src.utils - INFO - Batch 300/2917 - Loss: 0.0404 - Avg Loss: 0.0575
2025-09-20 22:01:53,421 - src.utils - INFO - Batch 400/2917 - Loss: 0.0527 - Avg Loss: 0.0560
2025-09-20 22:02:17,249 - src.utils - INFO - Batch 500/2917 - Loss: 0.0321 - Avg Loss: 0.0539
2025-09-20 22:02:41,117 - src.utils - INFO - Batch 600/2917 - Loss: 0.0153 - Avg Loss: 0.0521
2025-09-20 22:03:05,052 - src.utils - INFO - Batch 700/2917 - Loss: 0.0400 - Avg Loss: 0.0508
2025-09-20 22:03:29,000 - src.utils - INFO - Batch 800/2917 - Loss: 0.0798 - Avg Loss: 0.0499
2025-09-20 22:03:53,007 - src.utils - INFO - Batch 900/2917 - Loss: 0.0326 - Avg Loss: 0.0490
2025-09-20 22:04:16,937 - src.utils - INFO - Batch 1000/2917 - Loss: 0.0793 - Avg Loss: 0.0483
2025-09-20 22:04:40,953 - src.utils - INFO - Batch 1100/2917 - Loss: 0.0670 - Avg Loss: 0.0477
2025-09-20 22:05:04,973 - src.utils - INFO - Batch 1200/2917 - Loss: 0.0346 - Avg Loss: 0.0469
2025-09-20 22:05:42,808 - src.utils - INFO - Batch 1300/2917 - Loss: 0.0573 - Avg Loss: 0.0462
2025-09-20 22:06:06,610 - src.utils - INFO - Batch 1400/2917 - Loss: 0.0352 - Avg Loss: 0.0457
2025-09-20 22:06:30,556 - src.utils - INFO - Batch 1500/2917 - Loss: 0.0275 - Avg Loss: 0.0453
2025-09-20 22:06:54,499 - src.utils - INFO - Batch 1600/2917 - Loss: 0.0444 - Avg Loss: 0.0446
2025-09-20 22:07:18,479 - src.utils - INFO - Batch 1700/2917 - Loss: 0.0327 - Avg Loss: 0.0439
2025-09-20 22:07:42,490 - src.utils - INFO - Batch 1800/2917 - Loss: 0.0395 - Avg Loss: 0.0434
2025-09-20 22:08:06,485 - src.utils - INFO - Batch 1900/2917 - Loss: 0.0403 - Avg Loss: 0.0429
2025-09-20 22:08:30,442 - src.utils - INFO - Batch 2000/2917 - Loss: 0.0393 - Avg Loss: 0.0424
2025-09-20 22:08:54,412 - src.utils - INFO - Batch 2100/2917 - Loss: 0.0625 - Avg Loss: 0.0418
2025-09-20 22:09:18,484 - src.utils - INFO - Batch 2200/2917 - Loss: 0.0049 - Avg Loss: 0.0413
2025-09-20 22:09:42,489 - src.utils - INFO - Batch 2300/2917 - Loss: 0.0102 - Avg Loss: 0.0409
2025-09-20 22:10:06,540 - src.utils - INFO - Batch 2400/2917 - Loss: 0.0084 - Avg Loss: 0.0406
2025-09-20 22:10:30,715 - src.utils - INFO - Batch 2500/2917 - Loss: 0.0690 - Avg Loss: 0.0401
2025-09-20 22:10:54,814 - src.utils - INFO - Batch 2600/2917 - Loss: 0.0133 - Avg Loss: 0.0397
2025-09-20 22:11:18,815 - src.utils - INFO - Batch 2700/2917 - Loss: 0.0522 - Avg Loss: 0.0395
2025-09-20 22:11:42,821 - src.utils - INFO - Batch 2800/2917 - Loss: 0.0522 - Avg Loss: 0.0391
2025-09-20 22:12:06,845 - src.utils - INFO - Batch 2900/2917 - Loss: 0.0129 - Avg Loss: 0.0388
2025-09-20 22:12:40,623 - src.utils - INFO - Epoch 1 Results:
2025-09-20 22:12:40,624 - src.utils - INFO -   Train Loss: 0.0387
2025-09-20 22:12:40,624 - src.utils - INFO -   Val Loss: 0.0433
2025-09-20 22:12:40,624 - src.utils - INFO -   Val Accuracy: 0.8537
2025-09-20 22:12:40,624 - src.utils - INFO -   Epoch Time: 12.37m
2025-09-20 22:12:40,624 - src.utils - INFO - New best model! Accuracy: 0.8537
2025-09-20 22:12:51,599 - src.utils - INFO - Best model saved at epoch 1 with accuracy 0.8537
2025-09-20 22:12:51,599 - src.utils - INFO - Model checkpoint saved for epoch 1
2025-09-20 22:12:51,599 - src.utils - INFO - 
==================================================
2025-09-20 22:12:51,601 - src.utils - INFO - Epoch 2/5
2025-09-20 22:12:51,601 - src.utils - INFO - ==================================================
2025-09-20 22:13:15,695 - src.utils - INFO - Batch 100/2917 - Loss: 0.0050 - Avg Loss: 0.0295
2025-09-20 22:13:39,704 - src.utils - INFO - Batch 200/2917 - Loss: 0.0225 - Avg Loss: 0.0296
2025-09-20 22:14:03,732 - src.utils - INFO - Batch 300/2917 - Loss: 0.0052 - Avg Loss: 0.0291
2025-09-20 22:14:27,745 - src.utils - INFO - Batch 400/2917 - Loss: 0.0056 - Avg Loss: 0.0286
2025-09-20 22:14:51,770 - src.utils - INFO - Batch 500/2917 - Loss: 0.0273 - Avg Loss: 0.0285
2025-09-20 22:15:15,859 - src.utils - INFO - Batch 600/2917 - Loss: 0.0074 - Avg Loss: 0.0285
2025-09-20 22:15:39,920 - src.utils - INFO - Batch 700/2917 - Loss: 0.0214 - Avg Loss: 0.0281
2025-09-20 22:16:03,979 - src.utils - INFO - Batch 800/2917 - Loss: 0.0026 - Avg Loss: 0.0278
2025-09-20 22:16:27,953 - src.utils - INFO - Batch 900/2917 - Loss: 0.0027 - Avg Loss: 0.0276
2025-09-20 22:16:52,018 - src.utils - INFO - Batch 1000/2917 - Loss: 0.0051 - Avg Loss: 0.0277
2025-09-20 22:17:16,108 - src.utils - INFO - Batch 1100/2917 - Loss: 0.0199 - Avg Loss: 0.0273
2025-09-20 22:17:40,175 - src.utils - INFO - Batch 1200/2917 - Loss: 0.0032 - Avg Loss: 0.0270
2025-09-20 22:18:04,294 - src.utils - INFO - Batch 1300/2917 - Loss: 0.0257 - Avg Loss: 0.0268
2025-09-20 22:18:28,315 - src.utils - INFO - Batch 1400/2917 - Loss: 0.1072 - Avg Loss: 0.0266
2025-09-20 22:18:52,345 - src.utils - INFO - Batch 1500/2917 - Loss: 0.0157 - Avg Loss: 0.0264
2025-09-20 22:19:16,382 - src.utils - INFO - Batch 1600/2917 - Loss: 0.0212 - Avg Loss: 0.0263
2025-09-20 22:19:40,425 - src.utils - INFO - Batch 1700/2917 - Loss: 0.0039 - Avg Loss: 0.0261
2025-09-20 22:20:04,533 - src.utils - INFO - Batch 1800/2917 - Loss: 0.0142 - Avg Loss: 0.0258
2025-09-20 22:20:28,583 - src.utils - INFO - Batch 1900/2917 - Loss: 0.0140 - Avg Loss: 0.0257
2025-09-20 22:20:52,642 - src.utils - INFO - Batch 2000/2917 - Loss: 0.0066 - Avg Loss: 0.0256
2025-09-20 22:21:16,691 - src.utils - INFO - Batch 2100/2917 - Loss: 0.0152 - Avg Loss: 0.0254
2025-09-20 22:21:40,765 - src.utils - INFO - Batch 2200/2917 - Loss: 0.0260 - Avg Loss: 0.0253
2025-09-20 22:22:04,839 - src.utils - INFO - Batch 2300/2917 - Loss: 0.0017 - Avg Loss: 0.0251
2025-09-20 22:22:29,033 - src.utils - INFO - Batch 2400/2917 - Loss: 0.0013 - Avg Loss: 0.0251
2025-09-20 22:22:53,304 - src.utils - INFO - Batch 2500/2917 - Loss: 0.0069 - Avg Loss: 0.0251
2025-09-20 22:23:17,429 - src.utils - INFO - Batch 2600/2917 - Loss: 0.0022 - Avg Loss: 0.0250
2025-09-20 22:23:41,773 - src.utils - INFO - Batch 2700/2917 - Loss: 0.0348 - Avg Loss: 0.0251
2025-09-20 22:24:06,046 - src.utils - INFO - Batch 2800/2917 - Loss: 0.0331 - Avg Loss: 0.0249
2025-09-20 22:24:30,312 - src.utils - INFO - Batch 2900/2917 - Loss: 0.0213 - Avg Loss: 0.0249
2025-09-20 22:25:06,424 - src.utils - INFO - Epoch 2 Results:
2025-09-20 22:25:06,424 - src.utils - INFO -   Train Loss: 0.0248
2025-09-20 22:25:06,424 - src.utils - INFO -   Val Loss: 0.0402
2025-09-20 22:25:06,424 - src.utils - INFO -   Val Accuracy: 0.8671
2025-09-20 22:25:06,425 - src.utils - INFO -   Epoch Time: 12.25m
2025-09-20 22:25:06,425 - src.utils - INFO - New best model! Accuracy: 0.8671
2025-09-20 22:25:18,860 - src.utils - INFO - Best model saved at epoch 2 with accuracy 0.8671
2025-09-20 22:25:18,861 - src.utils - INFO - Model checkpoint saved for epoch 2
2025-09-20 22:25:18,861 - src.utils - INFO - 
==================================================
2025-09-20 22:25:18,861 - src.utils - INFO - Epoch 3/5
2025-09-20 22:25:18,861 - src.utils - INFO - ==================================================
2025-09-20 22:25:43,271 - src.utils - INFO - Batch 100/2917 - Loss: 0.0150 - Avg Loss: 0.0196
2025-09-20 22:26:07,362 - src.utils - INFO - Batch 200/2917 - Loss: 0.0204 - Avg Loss: 0.0224
2025-09-20 22:26:31,542 - src.utils - INFO - Batch 300/2917 - Loss: 0.0055 - Avg Loss: 0.0223
2025-09-20 22:26:55,932 - src.utils - INFO - Batch 400/2917 - Loss: 0.0142 - Avg Loss: 0.0217
2025-09-20 22:27:20,099 - src.utils - INFO - Batch 500/2917 - Loss: 0.0031 - Avg Loss: 0.0211
2025-09-20 22:27:44,300 - src.utils - INFO - Batch 600/2917 - Loss: 0.0422 - Avg Loss: 0.0210
2025-09-20 22:28:08,575 - src.utils - INFO - Batch 700/2917 - Loss: 0.0092 - Avg Loss: 0.0207
2025-09-20 22:28:32,763 - src.utils - INFO - Batch 800/2917 - Loss: 0.0090 - Avg Loss: 0.0206
2025-09-20 22:28:56,959 - src.utils - INFO - Batch 900/2917 - Loss: 0.0123 - Avg Loss: 0.0204
2025-09-20 22:29:21,125 - src.utils - INFO - Batch 1000/2917 - Loss: 0.0517 - Avg Loss: 0.0204
2025-09-20 22:29:45,294 - src.utils - INFO - Batch 1100/2917 - Loss: 0.0034 - Avg Loss: 0.0203
2025-09-20 22:30:09,617 - src.utils - INFO - Batch 1200/2917 - Loss: 0.0347 - Avg Loss: 0.0204
2025-09-20 22:30:33,818 - src.utils - INFO - Batch 1300/2917 - Loss: 0.0226 - Avg Loss: 0.0204
2025-09-20 22:30:57,934 - src.utils - INFO - Batch 1400/2917 - Loss: 0.0040 - Avg Loss: 0.0201
2025-09-20 22:31:21,983 - src.utils - INFO - Batch 1500/2917 - Loss: 0.1091 - Avg Loss: 0.0201
2025-09-20 22:31:46,363 - src.utils - INFO - Batch 1600/2917 - Loss: 0.0353 - Avg Loss: 0.0201
2025-09-20 22:32:10,529 - src.utils - INFO - Batch 1700/2917 - Loss: 0.0015 - Avg Loss: 0.0198
2025-09-20 22:32:34,703 - src.utils - INFO - Batch 1800/2917 - Loss: 0.0040 - Avg Loss: 0.0198
2025-09-20 22:32:58,865 - src.utils - INFO - Batch 1900/2917 - Loss: 0.0009 - Avg Loss: 0.0196
2025-09-20 22:33:22,992 - src.utils - INFO - Batch 2000/2917 - Loss: 0.0179 - Avg Loss: 0.0195
2025-09-20 22:33:47,121 - src.utils - INFO - Batch 2100/2917 - Loss: 0.0145 - Avg Loss: 0.0197
2025-09-20 22:34:11,257 - src.utils - INFO - Batch 2200/2917 - Loss: 0.0019 - Avg Loss: 0.0197
2025-09-20 22:34:35,398 - src.utils - INFO - Batch 2300/2917 - Loss: 0.0133 - Avg Loss: 0.0196
2025-09-20 22:34:59,505 - src.utils - INFO - Batch 2400/2917 - Loss: 0.0013 - Avg Loss: 0.0193
2025-09-20 22:35:23,700 - src.utils - INFO - Batch 2500/2917 - Loss: 0.0049 - Avg Loss: 0.0194
2025-09-20 22:36:21,951 - src.utils - INFO - Batch 2600/2917 - Loss: 0.0389 - Avg Loss: 0.0192
2025-09-20 22:36:45,814 - src.utils - INFO - Batch 2700/2917 - Loss: 0.1261 - Avg Loss: 0.0192
2025-09-20 22:37:09,824 - src.utils - INFO - Batch 2800/2917 - Loss: 0.0009 - Avg Loss: 0.0190
2025-09-20 22:37:33,817 - src.utils - INFO - Batch 2900/2917 - Loss: 0.0089 - Avg Loss: 0.0190
2025-09-20 22:38:07,709 - src.utils - INFO - Epoch 3 Results:
2025-09-20 22:38:07,709 - src.utils - INFO -   Train Loss: 0.0190
2025-09-20 22:38:07,709 - src.utils - INFO -   Val Loss: 0.0675
2025-09-20 22:38:07,709 - src.utils - INFO -   Val Accuracy: 0.8695
2025-09-20 22:38:07,709 - src.utils - INFO -   Epoch Time: 12.81m
2025-09-20 22:38:07,709 - src.utils - INFO - New best model! Accuracy: 0.8695
2025-09-20 22:38:19,174 - src.utils - INFO - Best model saved at epoch 3 with accuracy 0.8695
2025-09-20 22:38:19,174 - src.utils - INFO - Model checkpoint saved for epoch 3
2025-09-20 22:38:19,175 - src.utils - INFO - 
==================================================
2025-09-20 22:38:19,175 - src.utils - INFO - Epoch 4/5
2025-09-20 22:38:19,175 - src.utils - INFO - ==================================================
2025-09-20 22:38:43,243 - src.utils - INFO - Batch 100/2917 - Loss: 0.0026 - Avg Loss: 0.0184
2025-09-20 22:39:07,235 - src.utils - INFO - Batch 200/2917 - Loss: 0.0003 - Avg Loss: 0.0181
2025-09-20 22:39:31,292 - src.utils - INFO - Batch 300/2917 - Loss: 0.0445 - Avg Loss: 0.0175
2025-09-20 22:39:55,329 - src.utils - INFO - Batch 400/2917 - Loss: 0.0008 - Avg Loss: 0.0173
2025-09-20 22:40:19,376 - src.utils - INFO - Batch 500/2917 - Loss: 0.0249 - Avg Loss: 0.0174
2025-09-20 22:40:43,521 - src.utils - INFO - Batch 600/2917 - Loss: 0.0021 - Avg Loss: 0.0180
2025-09-20 22:41:07,608 - src.utils - INFO - Batch 700/2917 - Loss: 0.0015 - Avg Loss: 0.0178
2025-09-20 22:41:31,999 - src.utils - INFO - Batch 800/2917 - Loss: 0.0025 - Avg Loss: 0.0172
2025-09-20 22:41:56,234 - src.utils - INFO - Batch 900/2917 - Loss: 0.0014 - Avg Loss: 0.0170
2025-09-20 22:42:20,545 - src.utils - INFO - Batch 1000/2917 - Loss: 0.0027 - Avg Loss: 0.0168
2025-09-20 22:42:44,660 - src.utils - INFO - Batch 1100/2917 - Loss: 0.0010 - Avg Loss: 0.0164
2025-09-20 22:43:08,917 - src.utils - INFO - Batch 1200/2917 - Loss: 0.0004 - Avg Loss: 0.0160
2025-09-20 22:43:33,016 - src.utils - INFO - Batch 1300/2917 - Loss: 0.0009 - Avg Loss: 0.0155
2025-09-20 22:43:57,104 - src.utils - INFO - Batch 1400/2917 - Loss: 0.0296 - Avg Loss: 0.0152
2025-09-20 22:44:21,218 - src.utils - INFO - Batch 1500/2917 - Loss: 0.0007 - Avg Loss: 0.0151
2025-09-20 22:44:45,572 - src.utils - INFO - Batch 1600/2917 - Loss: 0.0007 - Avg Loss: 0.0152
2025-09-20 22:45:09,848 - src.utils - INFO - Batch 1700/2917 - Loss: 0.0034 - Avg Loss: 0.0151
2025-09-20 22:45:34,069 - src.utils - INFO - Batch 1800/2917 - Loss: 0.0041 - Avg Loss: 0.0153
2025-09-20 22:45:58,421 - src.utils - INFO - Batch 1900/2917 - Loss: 0.0011 - Avg Loss: 0.0154
2025-09-20 22:46:22,662 - src.utils - INFO - Batch 2000/2917 - Loss: 0.0247 - Avg Loss: 0.0153
2025-09-20 22:46:46,935 - src.utils - INFO - Batch 2100/2917 - Loss: 0.0444 - Avg Loss: 0.0152
2025-09-20 22:47:11,279 - src.utils - INFO - Batch 2200/2917 - Loss: 0.0177 - Avg Loss: 0.0152
2025-09-20 22:47:35,487 - src.utils - INFO - Batch 2300/2917 - Loss: 0.0144 - Avg Loss: 0.0153
2025-09-20 22:47:59,739 - src.utils - INFO - Batch 2400/2917 - Loss: 0.0004 - Avg Loss: 0.0152
2025-09-20 22:48:23,938 - src.utils - INFO - Batch 2500/2917 - Loss: 0.0315 - Avg Loss: 0.0151
2025-09-20 22:48:48,320 - src.utils - INFO - Batch 2600/2917 - Loss: 0.0015 - Avg Loss: 0.0149
2025-09-20 22:49:12,592 - src.utils - INFO - Batch 2700/2917 - Loss: 0.0007 - Avg Loss: 0.0149
2025-09-20 22:49:36,862 - src.utils - INFO - Batch 2800/2917 - Loss: 0.0349 - Avg Loss: 0.0149
2025-09-20 22:50:01,148 - src.utils - INFO - Batch 2900/2917 - Loss: 0.0009 - Avg Loss: 0.0148
2025-09-20 22:50:37,301 - src.utils - INFO - Epoch 4 Results:
2025-09-20 22:50:37,301 - src.utils - INFO -   Train Loss: 0.0148
2025-09-20 22:50:37,301 - src.utils - INFO -   Val Loss: 0.0830
2025-09-20 22:50:37,302 - src.utils - INFO -   Val Accuracy: 0.8727
2025-09-20 22:50:37,302 - src.utils - INFO -   Epoch Time: 12.30m
2025-09-20 22:50:37,302 - src.utils - INFO - New best model! Accuracy: 0.8727
2025-09-20 22:50:49,236 - src.utils - INFO - Best model saved at epoch 4 with accuracy 0.8727
2025-09-20 22:50:49,236 - src.utils - INFO - Model checkpoint saved for epoch 4
2025-09-20 22:50:49,236 - src.utils - INFO - 
==================================================
2025-09-20 22:50:49,237 - src.utils - INFO - Epoch 5/5
2025-09-20 22:50:49,237 - src.utils - INFO - ==================================================
2025-09-20 22:51:13,426 - src.utils - INFO - Batch 100/2917 - Loss: 0.0004 - Avg Loss: 0.0123
2025-09-20 22:51:37,556 - src.utils - INFO - Batch 200/2917 - Loss: 0.0005 - Avg Loss: 0.0134
2025-09-20 22:52:01,709 - src.utils - INFO - Batch 300/2917 - Loss: 0.0010 - Avg Loss: 0.0133
2025-09-20 22:52:25,859 - src.utils - INFO - Batch 400/2917 - Loss: 0.0003 - Avg Loss: 0.0132
2025-09-20 22:52:50,071 - src.utils - INFO - Batch 500/2917 - Loss: 0.0013 - Avg Loss: 0.0126
2025-09-20 22:53:14,295 - src.utils - INFO - Batch 600/2917 - Loss: 0.0024 - Avg Loss: 0.0130
2025-09-20 22:53:38,490 - src.utils - INFO - Batch 700/2917 - Loss: 0.0002 - Avg Loss: 0.0125
2025-09-20 22:54:02,678 - src.utils - INFO - Batch 800/2917 - Loss: 0.0006 - Avg Loss: 0.0123
2025-09-20 22:54:26,892 - src.utils - INFO - Batch 900/2917 - Loss: 0.0004 - Avg Loss: 0.0118
2025-09-20 22:54:51,092 - src.utils - INFO - Batch 1000/2917 - Loss: 0.0003 - Avg Loss: 0.0120
2025-09-20 22:55:15,352 - src.utils - INFO - Batch 1100/2917 - Loss: 0.0002 - Avg Loss: 0.0122
2025-09-20 22:55:39,674 - src.utils - INFO - Batch 1200/2917 - Loss: 0.0006 - Avg Loss: 0.0121
2025-09-20 22:56:03,960 - src.utils - INFO - Batch 1300/2917 - Loss: 0.0009 - Avg Loss: 0.0121
2025-09-20 22:56:28,225 - src.utils - INFO - Batch 1400/2917 - Loss: 0.0008 - Avg Loss: 0.0118
2025-09-20 22:56:52,510 - src.utils - INFO - Batch 1500/2917 - Loss: 0.0002 - Avg Loss: 0.0116
2025-09-20 22:57:16,821 - src.utils - INFO - Batch 1600/2917 - Loss: 0.0034 - Avg Loss: 0.0116
2025-09-20 22:57:41,155 - src.utils - INFO - Batch 1700/2917 - Loss: 0.0109 - Avg Loss: 0.0113
2025-09-20 22:58:05,354 - src.utils - INFO - Batch 1800/2917 - Loss: 0.0652 - Avg Loss: 0.0116
2025-09-20 22:58:30,429 - src.utils - INFO - Batch 1900/2917 - Loss: 0.0001 - Avg Loss: 0.0116
2025-09-20 22:58:54,812 - src.utils - INFO - Batch 2000/2917 - Loss: 0.0013 - Avg Loss: 0.0114
2025-09-20 22:59:19,003 - src.utils - INFO - Batch 2100/2917 - Loss: 0.0003 - Avg Loss: 0.0114
2025-09-20 22:59:43,159 - src.utils - INFO - Batch 2200/2917 - Loss: 0.0003 - Avg Loss: 0.0113
2025-09-20 23:00:07,323 - src.utils - INFO - Batch 2300/2917 - Loss: 0.0003 - Avg Loss: 0.0113
2025-09-20 23:00:31,467 - src.utils - INFO - Batch 2400/2917 - Loss: 0.0009 - Avg Loss: 0.0113
2025-09-20 23:00:55,633 - src.utils - INFO - Batch 2500/2917 - Loss: 0.0003 - Avg Loss: 0.0113
2025-09-20 23:01:19,939 - src.utils - INFO - Batch 2600/2917 - Loss: 0.0218 - Avg Loss: 0.0112
2025-09-20 23:01:44,063 - src.utils - INFO - Batch 2700/2917 - Loss: 0.0003 - Avg Loss: 0.0111
2025-09-20 23:02:08,189 - src.utils - INFO - Batch 2800/2917 - Loss: 0.0043 - Avg Loss: 0.0111
2025-09-20 23:02:32,304 - src.utils - INFO - Batch 2900/2917 - Loss: 0.0010 - Avg Loss: 0.0111
2025-09-20 23:03:06,664 - src.utils - INFO - Epoch 5 Results:
2025-09-20 23:03:06,665 - src.utils - INFO -   Train Loss: 0.0111
2025-09-20 23:03:06,665 - src.utils - INFO -   Val Loss: 0.0978
2025-09-20 23:03:06,665 - src.utils - INFO -   Val Accuracy: 0.8721
2025-09-20 23:03:06,665 - src.utils - INFO -   Epoch Time: 12.29m
2025-09-20 23:03:08,944 - src.utils - ERROR - Training failed: [enforce fail at inline_container.cc:603] . unexpected pos 1569155776 vs 1569155664
2025-09-20 23:07:13,975 - src.utils - INFO - Starting evaluation process...
2025-09-20 23:07:13,975 - src.utils - INFO - Loading dataset...
2025-09-20 23:07:14,581 - src.utils - INFO - Tokenizer loaded: UBC-NLP/MARBERT
2025-09-20 23:07:14,581 - src.utils - INFO - Loading cleaned dataset from CSV file...
2025-09-20 23:07:15,428 - src.utils - INFO - Successfully loaded 50000 samples from CSV
2025-09-20 23:07:15,429 - src.utils - INFO - Data split - Train: 35000, Val: 7500, Test: 7500
2025-09-20 23:07:15,429 - src.utils - INFO - After split - Train: 35000, Val: 7500, Test: 7500
2025-09-20 23:07:15,432 - src.utils - INFO - Train label distribution: {0: 23411, 1: 11589}
2025-09-20 23:07:15,432 - src.utils - INFO - Validation label distribution: {0: 5026, 1: 2474}
2025-09-20 23:07:15,432 - src.utils - INFO - Test label distribution: {0: 5026, 1: 2474}
2025-09-20 23:07:15,432 - src.utils - INFO - Dataset initialized with 35000 samples
2025-09-20 23:07:15,432 - src.utils - INFO - Dataset initialized with 7500 samples
2025-09-20 23:07:15,432 - src.utils - INFO - Dataset initialized with 7500 samples
2025-09-20 23:07:15,974 - src.utils - INFO - Created WeightedRandomSampler with class weights: [4.27149631e-05 8.62887221e-05]
2025-09-20 23:07:15,975 - src.utils - INFO - Class distribution: [23411 11589]
2025-09-20 23:07:15,975 - src.utils - INFO - Using WeightedRandomSampler for training
2025-09-20 23:07:15,975 - src.utils - INFO - DataLoaders created - Batch size: 12
2025-09-20 23:07:15,976 - src.utils - INFO - Evaluator initialized on device: cuda
2025-09-20 23:07:15,976 - src.utils - INFO - Starting model evaluation...
2025-09-20 23:07:18,245 - src.utils - INFO - Model initialized with 162842882 parameters
2025-09-20 23:07:18,246 - src.utils - INFO - Trainable parameters: 162842882
2025-09-20 23:07:18,246 - src.utils - INFO - Loss function: focal
2025-09-20 23:07:18,503 - src.utils - INFO - Model created and moved to cuda
2025-09-20 23:07:20,753 - src.utils - INFO - Model loaded from C:\deep learning\Balanced data\models\best_marbert_model.pt
2025-09-20 23:07:20,753 - src.utils - INFO - Epoch: 4, Loss: 0.0830, Accuracy: 0.8727
2025-09-20 23:07:20,754 - src.utils - INFO - Best model loaded successfully
2025-09-20 23:07:20,755 - src.utils - INFO - Starting evaluation...
2025-09-20 23:07:20,755 - src.utils - INFO - Using threshold: 0.65
2025-09-20 23:08:40,062 - src.utils - INFO - 
==================================================
2025-09-20 23:08:40,062 - src.utils - INFO - EVALUATION RESULTS
2025-09-20 23:08:40,062 - src.utils - INFO - ==================================================
2025-09-20 23:08:40,062 - src.utils - INFO - Test Loss: 0.0898
2025-09-20 23:08:40,062 - src.utils - INFO - Accuracy: 0.8660
2025-09-20 23:08:40,062 - src.utils - INFO - Precision: 0.8651
2025-09-20 23:08:40,063 - src.utils - INFO - Recall: 0.8660
2025-09-20 23:08:40,063 - src.utils - INFO - F1-Score: 0.8655
2025-09-20 23:08:40,063 - src.utils - INFO - Threshold: 0.6500
2025-09-20 23:08:40,063 - src.utils - INFO - ==================================================
2025-09-20 23:08:40,064 - src.utils - INFO - 
Detailed Classification Report:
2025-09-20 23:08:40,064 - src.utils - INFO - --------------------------------------------------
2025-09-20 23:08:40,777 - src.utils - INFO - Confusion matrix saved to: C:\deep learning\Balanced data\results/confusion_matrix.png
2025-09-20 23:08:40,818 - src.utils - ERROR - Evaluation failed: Object of type int32 is not JSON serializable
2025-09-20 23:11:19,391 - src.utils - INFO - Starting training process...
2025-09-20 23:11:19,426 - src.utils - INFO - Loading dataset...
2025-09-20 23:11:20,050 - src.utils - INFO - Tokenizer loaded: UBC-NLP/MARBERT
2025-09-20 23:11:20,051 - src.utils - INFO - Loading cleaned dataset from CSV file...
2025-09-20 23:11:20,787 - src.utils - INFO - Successfully loaded 50000 samples from CSV
2025-09-20 23:11:20,788 - src.utils - INFO - Data split - Train: 35000, Val: 7500, Test: 7500
2025-09-20 23:11:20,788 - src.utils - INFO - After split - Train: 35000, Val: 7500, Test: 7500
2025-09-20 23:11:20,791 - src.utils - INFO - Train label distribution: {0: 23411, 1: 11589}
2025-09-20 23:11:20,791 - src.utils - INFO - Validation label distribution: {0: 5026, 1: 2474}
2025-09-20 23:11:20,791 - src.utils - INFO - Test label distribution: {0: 5026, 1: 2474}
2025-09-20 23:11:20,791 - src.utils - INFO - Dataset initialized with 35000 samples
2025-09-20 23:11:20,791 - src.utils - INFO - Dataset initialized with 7500 samples
2025-09-20 23:11:20,791 - src.utils - INFO - Dataset initialized with 7500 samples
2025-09-20 23:11:21,310 - src.utils - INFO - Created WeightedRandomSampler with class weights: [4.27149631e-05 8.62887221e-05]
2025-09-20 23:11:21,311 - src.utils - INFO - Class distribution: [23411 11589]
2025-09-20 23:11:21,311 - src.utils - INFO - Using WeightedRandomSampler for training
2025-09-20 23:11:21,311 - src.utils - INFO - DataLoaders created - Batch size: 12
2025-09-20 23:11:21,311 - src.utils - INFO - ==================================================
2025-09-20 23:11:21,311 - src.utils - INFO - DATASET INFORMATION
2025-09-20 23:11:21,312 - src.utils - INFO - ==================================================
2025-09-20 23:11:21,312 - src.utils - INFO - Training samples: 35000
2025-09-20 23:11:21,312 - src.utils - INFO - Validation samples: 7500
2025-09-20 23:11:21,312 - src.utils - INFO - Test samples: 7500
2025-09-20 23:11:21,312 - src.utils - INFO - Total samples: 50000
2025-09-20 23:11:21,312 - src.utils - INFO - Max sequence length: 128
2025-09-20 23:11:21,312 - src.utils - INFO - Batch size: 12
2025-09-20 23:11:21,312 - src.utils - INFO - ==================================================
2025-09-20 23:11:21,325 - src.utils - INFO - Mixed precision training enabled
2025-09-20 23:11:21,325 - src.utils - INFO - Trainer initialized on device: cuda
2025-09-20 23:11:21,325 - src.utils - INFO - Starting model training...
2025-09-20 23:11:23,095 - src.utils - INFO - Model initialized with 162842882 parameters
2025-09-20 23:11:23,095 - src.utils - INFO - Trainable parameters: 162842882
2025-09-20 23:11:23,095 - src.utils - INFO - Loss function: focal
2025-09-20 23:11:23,330 - src.utils - INFO - Model created and moved to cuda
2025-09-20 23:11:24,496 - src.utils - INFO - Model parameters: 162842882
2025-09-20 23:11:24,496 - src.utils - INFO - Optimizer: AdamW (lr=1e-05)
2025-09-20 23:11:24,496 - src.utils - INFO - Scheduler: Linear with warmup (100 steps)
2025-09-20 23:11:24,496 - src.utils - INFO - Starting training...
2025-09-20 23:11:24,496 - src.utils - INFO - Epochs: 5
2025-09-20 23:11:24,496 - src.utils - INFO - Batch size: 12
2025-09-20 23:11:24,496 - src.utils - INFO - Learning rate: 1e-05
2025-09-20 23:11:24,496 - src.utils - INFO - 
==================================================
2025-09-20 23:11:24,496 - src.utils - INFO - Epoch 1/5
2025-09-20 23:11:24,496 - src.utils - INFO - ==================================================
2025-09-20 23:11:48,523 - src.utils - INFO - Batch 100/2917 - Loss: 0.0424 - Avg Loss: 0.0638
2025-09-20 23:12:12,055 - src.utils - INFO - Batch 200/2917 - Loss: 0.0399 - Avg Loss: 0.0601
2025-09-20 23:12:35,651 - src.utils - INFO - Batch 300/2917 - Loss: 0.0384 - Avg Loss: 0.0570
2025-09-20 23:12:59,438 - src.utils - INFO - Batch 400/2917 - Loss: 0.0552 - Avg Loss: 0.0555
2025-09-20 23:13:23,265 - src.utils - INFO - Batch 500/2917 - Loss: 0.0301 - Avg Loss: 0.0534
2025-09-20 23:13:48,415 - src.utils - INFO - Batch 600/2917 - Loss: 0.0174 - Avg Loss: 0.0517
2025-09-20 23:14:12,323 - src.utils - INFO - Batch 700/2917 - Loss: 0.0335 - Avg Loss: 0.0504
2025-09-20 23:14:36,247 - src.utils - INFO - Batch 800/2917 - Loss: 0.0777 - Avg Loss: 0.0493
2025-09-20 23:15:00,214 - src.utils - INFO - Batch 900/2917 - Loss: 0.0309 - Avg Loss: 0.0485
2025-09-20 23:15:24,219 - src.utils - INFO - Batch 1000/2917 - Loss: 0.0724 - Avg Loss: 0.0478
2025-09-20 23:15:48,223 - src.utils - INFO - Batch 1100/2917 - Loss: 0.0491 - Avg Loss: 0.0471
2025-09-20 23:16:12,242 - src.utils - INFO - Batch 1200/2917 - Loss: 0.0247 - Avg Loss: 0.0462
2025-09-20 23:16:36,365 - src.utils - INFO - Batch 1300/2917 - Loss: 0.0487 - Avg Loss: 0.0456
2025-09-20 23:17:00,377 - src.utils - INFO - Batch 1400/2917 - Loss: 0.0364 - Avg Loss: 0.0452
2025-09-20 23:21:51,872 - src.utils - INFO - Batch 1500/2917 - Loss: 0.0322 - Avg Loss: 0.0448
2025-09-20 23:22:15,427 - src.utils - INFO - Batch 1600/2917 - Loss: 0.0529 - Avg Loss: 0.0441
2025-09-20 23:22:39,103 - src.utils - INFO - Batch 1700/2917 - Loss: 0.0325 - Avg Loss: 0.0434
2025-09-20 23:23:03,003 - src.utils - INFO - Batch 1800/2917 - Loss: 0.0393 - Avg Loss: 0.0429
2025-09-20 23:23:26,841 - src.utils - INFO - Batch 1900/2917 - Loss: 0.0564 - Avg Loss: 0.0424
2025-09-20 23:23:50,686 - src.utils - INFO - Batch 2000/2917 - Loss: 0.0408 - Avg Loss: 0.0419
2025-09-20 23:24:14,563 - src.utils - INFO - Batch 2100/2917 - Loss: 0.0625 - Avg Loss: 0.0413
2025-09-20 23:24:38,474 - src.utils - INFO - Batch 2200/2917 - Loss: 0.0035 - Avg Loss: 0.0408
2025-09-20 23:25:02,399 - src.utils - INFO - Batch 2300/2917 - Loss: 0.0084 - Avg Loss: 0.0404
2025-09-20 23:25:26,360 - src.utils - INFO - Batch 2400/2917 - Loss: 0.0065 - Avg Loss: 0.0400
2025-09-20 23:25:50,340 - src.utils - INFO - Batch 2500/2917 - Loss: 0.0691 - Avg Loss: 0.0395
2025-09-20 23:26:14,326 - src.utils - INFO - Batch 2600/2917 - Loss: 0.0122 - Avg Loss: 0.0392
2025-09-20 23:26:38,349 - src.utils - INFO - Batch 2700/2917 - Loss: 0.0497 - Avg Loss: 0.0388
2025-09-20 23:27:02,308 - src.utils - INFO - Batch 2800/2917 - Loss: 0.0435 - Avg Loss: 0.0385
2025-09-20 23:27:26,279 - src.utils - INFO - Batch 2900/2917 - Loss: 0.0177 - Avg Loss: 0.0381
2025-09-20 23:28:00,096 - src.utils - INFO - Epoch 1 Results:
2025-09-20 23:28:00,096 - src.utils - INFO -   Train Loss: 0.0380
2025-09-20 23:28:00,096 - src.utils - INFO -   Val Loss: 0.0463
2025-09-20 23:28:00,096 - src.utils - INFO -   Val Accuracy: 0.8561
2025-09-20 23:28:00,096 - src.utils - INFO -   Epoch Time: 16.59m
2025-09-20 23:28:00,096 - src.utils - INFO - New best model! Accuracy: 0.8561
2025-09-20 23:28:14,350 - src.utils - INFO - Best model saved at epoch 1 with accuracy 0.8561
2025-09-20 23:28:14,350 - src.utils - INFO - Model checkpoint saved for epoch 1
2025-09-20 23:28:14,350 - src.utils - INFO - 
==================================================
2025-09-20 23:28:14,350 - src.utils - INFO - Epoch 2/5
2025-09-20 23:28:14,351 - src.utils - INFO - ==================================================
2025-09-20 23:28:38,518 - src.utils - INFO - Batch 100/2917 - Loss: 0.0046 - Avg Loss: 0.0296
2025-09-20 23:29:02,667 - src.utils - INFO - Batch 200/2917 - Loss: 0.0178 - Avg Loss: 0.0284
2025-09-20 23:29:26,890 - src.utils - INFO - Batch 300/2917 - Loss: 0.0051 - Avg Loss: 0.0279
2025-09-20 23:29:50,951 - src.utils - INFO - Batch 400/2917 - Loss: 0.0061 - Avg Loss: 0.0275
2025-09-20 23:30:15,052 - src.utils - INFO - Batch 500/2917 - Loss: 0.0311 - Avg Loss: 0.0275
2025-09-20 23:30:39,167 - src.utils - INFO - Batch 600/2917 - Loss: 0.0101 - Avg Loss: 0.0273
2025-09-20 23:31:03,240 - src.utils - INFO - Batch 700/2917 - Loss: 0.0288 - Avg Loss: 0.0269
2025-09-20 23:31:27,274 - src.utils - INFO - Batch 800/2917 - Loss: 0.0029 - Avg Loss: 0.0266
2025-09-20 23:31:51,279 - src.utils - INFO - Batch 900/2917 - Loss: 0.0018 - Avg Loss: 0.0264
2025-09-20 23:32:15,313 - src.utils - INFO - Batch 1000/2917 - Loss: 0.0045 - Avg Loss: 0.0266
2025-09-20 23:32:39,363 - src.utils - INFO - Batch 1100/2917 - Loss: 0.0224 - Avg Loss: 0.0263
2025-09-20 23:33:03,410 - src.utils - INFO - Batch 1200/2917 - Loss: 0.0035 - Avg Loss: 0.0261
2025-09-20 23:33:27,446 - src.utils - INFO - Batch 1300/2917 - Loss: 0.0396 - Avg Loss: 0.0259
2025-09-20 23:33:51,475 - src.utils - INFO - Batch 1400/2917 - Loss: 0.1172 - Avg Loss: 0.0257
2025-09-20 23:34:15,504 - src.utils - INFO - Batch 1500/2917 - Loss: 0.0123 - Avg Loss: 0.0255
2025-09-20 23:40:06,791 - src.utils - INFO - Batch 1600/2917 - Loss: 0.0385 - Avg Loss: 0.0254
2025-09-20 23:40:30,519 - src.utils - INFO - Batch 1700/2917 - Loss: 0.0041 - Avg Loss: 0.0252
2025-09-20 23:40:54,248 - src.utils - INFO - Batch 1800/2917 - Loss: 0.0145 - Avg Loss: 0.0249
2025-09-20 23:41:18,100 - src.utils - INFO - Batch 1900/2917 - Loss: 0.0288 - Avg Loss: 0.0248
2025-09-20 23:41:42,180 - src.utils - INFO - Batch 2000/2917 - Loss: 0.0039 - Avg Loss: 0.0248
2025-09-20 23:42:06,130 - src.utils - INFO - Batch 2100/2917 - Loss: 0.0800 - Avg Loss: 0.0246
2025-09-20 23:42:30,107 - src.utils - INFO - Batch 2200/2917 - Loss: 0.0181 - Avg Loss: 0.0245
2025-09-20 23:42:54,120 - src.utils - INFO - Batch 2300/2917 - Loss: 0.0014 - Avg Loss: 0.0243
2025-09-20 23:43:18,192 - src.utils - INFO - Batch 2400/2917 - Loss: 0.0008 - Avg Loss: 0.0243
2025-09-20 23:43:42,272 - src.utils - INFO - Batch 2500/2917 - Loss: 0.0062 - Avg Loss: 0.0242
2025-09-20 23:44:06,449 - src.utils - INFO - Batch 2600/2917 - Loss: 0.0029 - Avg Loss: 0.0241
2025-09-20 23:44:30,597 - src.utils - INFO - Batch 2700/2917 - Loss: 0.0296 - Avg Loss: 0.0242
2025-09-20 23:44:54,698 - src.utils - INFO - Batch 2800/2917 - Loss: 0.0284 - Avg Loss: 0.0240
2025-09-20 23:45:18,778 - src.utils - INFO - Batch 2900/2917 - Loss: 0.0115 - Avg Loss: 0.0239
2025-09-20 23:45:54,471 - src.utils - INFO - Epoch 2 Results:
2025-09-20 23:45:54,471 - src.utils - INFO -   Train Loss: 0.0239
2025-09-20 23:45:54,472 - src.utils - INFO -   Val Loss: 0.0420
2025-09-20 23:45:54,472 - src.utils - INFO -   Val Accuracy: 0.8669
2025-09-20 23:45:54,472 - src.utils - INFO -   Epoch Time: 17.67m
2025-09-20 23:45:54,472 - src.utils - INFO - New best model! Accuracy: 0.8669
2025-09-20 23:46:38,637 - src.utils - INFO - Best model saved at epoch 2 with accuracy 0.8669
2025-09-20 23:46:38,637 - src.utils - INFO - Model checkpoint saved for epoch 2
2025-09-20 23:46:38,637 - src.utils - INFO - 
==================================================
2025-09-20 23:46:38,637 - src.utils - INFO - Epoch 3/5
2025-09-20 23:46:38,637 - src.utils - INFO - ==================================================
2025-09-20 23:47:02,697 - src.utils - INFO - Batch 100/2917 - Loss: 0.0121 - Avg Loss: 0.0177
2025-09-20 23:47:26,620 - src.utils - INFO - Batch 200/2917 - Loss: 0.0149 - Avg Loss: 0.0221
2025-09-20 23:47:50,616 - src.utils - INFO - Batch 300/2917 - Loss: 0.0057 - Avg Loss: 0.0214
2025-09-20 23:48:14,671 - src.utils - INFO - Batch 400/2917 - Loss: 0.0222 - Avg Loss: 0.0208
2025-09-20 23:48:38,747 - src.utils - INFO - Batch 500/2917 - Loss: 0.0015 - Avg Loss: 0.0198
2025-09-20 23:49:02,828 - src.utils - INFO - Batch 600/2917 - Loss: 0.0282 - Avg Loss: 0.0197
2025-09-20 23:49:26,896 - src.utils - INFO - Batch 700/2917 - Loss: 0.0156 - Avg Loss: 0.0194
2025-09-20 23:49:50,871 - src.utils - INFO - Batch 800/2917 - Loss: 0.0044 - Avg Loss: 0.0194
2025-09-20 23:50:15,102 - src.utils - INFO - Batch 900/2917 - Loss: 0.0137 - Avg Loss: 0.0192
2025-09-20 23:50:39,195 - src.utils - INFO - Batch 1000/2917 - Loss: 0.0724 - Avg Loss: 0.0193
2025-09-20 23:51:03,337 - src.utils - INFO - Batch 1100/2917 - Loss: 0.0010 - Avg Loss: 0.0191
2025-09-20 23:51:27,431 - src.utils - INFO - Batch 1200/2917 - Loss: 0.0311 - Avg Loss: 0.0192
2025-09-20 23:51:51,783 - src.utils - INFO - Batch 1300/2917 - Loss: 0.0096 - Avg Loss: 0.0191
2025-09-20 23:52:15,882 - src.utils - INFO - Batch 1400/2917 - Loss: 0.0019 - Avg Loss: 0.0190
2025-09-20 23:52:39,991 - src.utils - INFO - Batch 1500/2917 - Loss: 0.1240 - Avg Loss: 0.0189
2025-09-20 23:53:04,076 - src.utils - INFO - Batch 1600/2917 - Loss: 0.0351 - Avg Loss: 0.0189
2025-09-20 23:53:28,157 - src.utils - INFO - Batch 1700/2917 - Loss: 0.0020 - Avg Loss: 0.0186
2025-09-20 23:53:52,314 - src.utils - INFO - Batch 1800/2917 - Loss: 0.0034 - Avg Loss: 0.0188
2025-09-20 23:54:16,577 - src.utils - INFO - Batch 1900/2917 - Loss: 0.0007 - Avg Loss: 0.0186
2025-09-20 23:54:40,713 - src.utils - INFO - Batch 2000/2917 - Loss: 0.0227 - Avg Loss: 0.0185
2025-09-20 23:55:04,860 - src.utils - INFO - Batch 2100/2917 - Loss: 0.0078 - Avg Loss: 0.0187
2025-09-20 23:55:29,002 - src.utils - INFO - Batch 2200/2917 - Loss: 0.0011 - Avg Loss: 0.0186
2025-09-20 23:55:53,122 - src.utils - INFO - Batch 2300/2917 - Loss: 0.0079 - Avg Loss: 0.0185
2025-09-20 23:56:17,303 - src.utils - INFO - Batch 2400/2917 - Loss: 0.0019 - Avg Loss: 0.0183
2025-09-20 23:56:41,441 - src.utils - INFO - Batch 2500/2917 - Loss: 0.0027 - Avg Loss: 0.0184
2025-09-20 23:57:05,564 - src.utils - INFO - Batch 2600/2917 - Loss: 0.0453 - Avg Loss: 0.0182
2025-09-20 23:57:29,708 - src.utils - INFO - Batch 2700/2917 - Loss: 0.1025 - Avg Loss: 0.0181
2025-09-20 23:57:53,875 - src.utils - INFO - Batch 2800/2917 - Loss: 0.0007 - Avg Loss: 0.0180
2025-09-20 23:58:18,044 - src.utils - INFO - Batch 2900/2917 - Loss: 0.0065 - Avg Loss: 0.0179
2025-09-20 23:58:54,040 - src.utils - INFO - Epoch 3 Results:
2025-09-20 23:58:54,040 - src.utils - INFO -   Train Loss: 0.0179
2025-09-20 23:58:54,040 - src.utils - INFO -   Val Loss: 0.0720
2025-09-20 23:58:54,040 - src.utils - INFO -   Val Accuracy: 0.8709
2025-09-20 23:58:54,040 - src.utils - INFO -   Epoch Time: 12.26m
2025-09-20 23:58:54,040 - src.utils - INFO - New best model! Accuracy: 0.8709
2025-09-20 23:59:09,630 - src.utils - INFO - Best model saved at epoch 3 with accuracy 0.8709
2025-09-20 23:59:09,630 - src.utils - INFO - Model checkpoint saved for epoch 3
2025-09-20 23:59:09,630 - src.utils - INFO - 
==================================================
2025-09-20 23:59:09,630 - src.utils - INFO - Epoch 4/5
2025-09-20 23:59:09,630 - src.utils - INFO - ==================================================
2025-09-20 23:59:33,789 - src.utils - INFO - Batch 100/2917 - Loss: 0.0044 - Avg Loss: 0.0167
2025-09-20 23:59:57,870 - src.utils - INFO - Batch 200/2917 - Loss: 0.0002 - Avg Loss: 0.0162
2025-09-21 00:00:22,224 - src.utils - INFO - Batch 300/2917 - Loss: 0.0634 - Avg Loss: 0.0163
2025-09-21 00:00:46,387 - src.utils - INFO - Batch 400/2917 - Loss: 0.0006 - Avg Loss: 0.0159
2025-09-21 00:01:10,696 - src.utils - INFO - Batch 500/2917 - Loss: 0.0095 - Avg Loss: 0.0164
2025-09-21 00:01:34,792 - src.utils - INFO - Batch 600/2917 - Loss: 0.0067 - Avg Loss: 0.0161
2025-09-21 00:01:59,033 - src.utils - INFO - Batch 700/2917 - Loss: 0.0010 - Avg Loss: 0.0159
2025-09-21 00:02:23,109 - src.utils - INFO - Batch 800/2917 - Loss: 0.0018 - Avg Loss: 0.0153
2025-09-21 00:02:47,215 - src.utils - INFO - Batch 900/2917 - Loss: 0.0014 - Avg Loss: 0.0153
2025-09-21 00:03:11,312 - src.utils - INFO - Batch 1000/2917 - Loss: 0.0013 - Avg Loss: 0.0151
2025-09-21 00:03:35,312 - src.utils - INFO - Batch 1100/2917 - Loss: 0.0007 - Avg Loss: 0.0147
2025-09-21 00:03:59,413 - src.utils - INFO - Batch 1200/2917 - Loss: 0.0006 - Avg Loss: 0.0144
2025-09-21 00:04:23,547 - src.utils - INFO - Batch 1300/2917 - Loss: 0.0246 - Avg Loss: 0.0141
2025-09-21 00:04:47,678 - src.utils - INFO - Batch 1400/2917 - Loss: 0.0355 - Avg Loss: 0.0138
2025-09-21 00:05:11,802 - src.utils - INFO - Batch 1500/2917 - Loss: 0.0005 - Avg Loss: 0.0137
2025-09-21 00:05:35,981 - src.utils - INFO - Batch 1600/2917 - Loss: 0.0003 - Avg Loss: 0.0138
2025-09-21 00:07:12,007 - src.utils - INFO - Batch 1700/2917 - Loss: 0.0047 - Avg Loss: 0.0138
2025-09-21 00:07:35,643 - src.utils - INFO - Batch 1800/2917 - Loss: 0.0144 - Avg Loss: 0.0139
2025-09-21 00:07:59,659 - src.utils - INFO - Batch 1900/2917 - Loss: 0.0017 - Avg Loss: 0.0140
2025-09-21 00:08:23,628 - src.utils - INFO - Batch 2000/2917 - Loss: 0.0072 - Avg Loss: 0.0140
2025-09-21 00:08:47,633 - src.utils - INFO - Batch 2100/2917 - Loss: 0.0162 - Avg Loss: 0.0140
2025-09-21 00:09:11,691 - src.utils - INFO - Batch 2200/2917 - Loss: 0.0007 - Avg Loss: 0.0139
2025-09-21 00:09:35,781 - src.utils - INFO - Batch 2300/2917 - Loss: 0.0289 - Avg Loss: 0.0140
2025-09-21 00:09:59,925 - src.utils - INFO - Batch 2400/2917 - Loss: 0.0005 - Avg Loss: 0.0139
2025-09-21 00:10:24,117 - src.utils - INFO - Batch 2500/2917 - Loss: 0.0317 - Avg Loss: 0.0137
2025-09-21 00:10:48,124 - src.utils - INFO - Batch 2600/2917 - Loss: 0.0007 - Avg Loss: 0.0136
2025-09-21 00:11:12,428 - src.utils - INFO - Batch 2700/2917 - Loss: 0.0010 - Avg Loss: 0.0135
2025-09-21 00:11:36,552 - src.utils - INFO - Batch 2800/2917 - Loss: 0.0385 - Avg Loss: 0.0136
2025-09-21 00:12:00,795 - src.utils - INFO - Batch 2900/2917 - Loss: 0.0006 - Avg Loss: 0.0135
2025-09-21 00:12:36,793 - src.utils - INFO - Epoch 4 Results:
2025-09-21 00:12:36,793 - src.utils - INFO -   Train Loss: 0.0134
2025-09-21 00:12:36,793 - src.utils - INFO -   Val Loss: 0.0860
2025-09-21 00:12:36,794 - src.utils - INFO -   Val Accuracy: 0.8729
2025-09-21 00:12:36,794 - src.utils - INFO -   Epoch Time: 13.45m
2025-09-21 00:12:36,794 - src.utils - INFO - New best model! Accuracy: 0.8729
2025-09-21 00:12:49,357 - src.utils - INFO - Best model saved at epoch 4 with accuracy 0.8729
2025-09-21 00:12:49,357 - src.utils - INFO - Model checkpoint saved for epoch 4
2025-09-21 00:12:49,358 - src.utils - INFO - 
==================================================
2025-09-21 00:12:49,358 - src.utils - INFO - Epoch 5/5
2025-09-21 00:12:49,358 - src.utils - INFO - ==================================================
2025-09-21 00:13:13,644 - src.utils - INFO - Batch 100/2917 - Loss: 0.0004 - Avg Loss: 0.0100
2025-09-21 00:13:37,715 - src.utils - INFO - Batch 200/2917 - Loss: 0.0003 - Avg Loss: 0.0120
2025-09-21 00:14:01,854 - src.utils - INFO - Batch 300/2917 - Loss: 0.0003 - Avg Loss: 0.0118
2025-09-21 00:14:25,974 - src.utils - INFO - Batch 400/2917 - Loss: 0.0001 - Avg Loss: 0.0107
2025-09-21 00:14:50,059 - src.utils - INFO - Batch 500/2917 - Loss: 0.0004 - Avg Loss: 0.0106
2025-09-21 00:15:14,195 - src.utils - INFO - Batch 600/2917 - Loss: 0.0003 - Avg Loss: 0.0108
2025-09-21 00:15:38,330 - src.utils - INFO - Batch 700/2917 - Loss: 0.0001 - Avg Loss: 0.0104
2025-09-21 00:16:02,431 - src.utils - INFO - Batch 800/2917 - Loss: 0.0005 - Avg Loss: 0.0104
2025-09-21 00:16:26,535 - src.utils - INFO - Batch 900/2917 - Loss: 0.0001 - Avg Loss: 0.0101
2025-09-21 00:16:50,735 - src.utils - INFO - Batch 1000/2917 - Loss: 0.0002 - Avg Loss: 0.0102
2025-09-21 00:17:14,912 - src.utils - INFO - Batch 1100/2917 - Loss: 0.0003 - Avg Loss: 0.0104
2025-09-21 00:17:39,260 - src.utils - INFO - Batch 1200/2917 - Loss: 0.0006 - Avg Loss: 0.0104
2025-09-21 00:18:03,375 - src.utils - INFO - Batch 1300/2917 - Loss: 0.0005 - Avg Loss: 0.0102
2025-09-21 00:18:27,387 - src.utils - INFO - Batch 1400/2917 - Loss: 0.0004 - Avg Loss: 0.0100
2025-09-21 00:18:51,416 - src.utils - INFO - Batch 1500/2917 - Loss: 0.0001 - Avg Loss: 0.0098
2025-09-21 00:19:15,456 - src.utils - INFO - Batch 1600/2917 - Loss: 0.0029 - Avg Loss: 0.0099
2025-09-21 00:19:39,468 - src.utils - INFO - Batch 1700/2917 - Loss: 0.0082 - Avg Loss: 0.0097
2025-09-21 00:20:03,486 - src.utils - INFO - Batch 1800/2917 - Loss: 0.0670 - Avg Loss: 0.0099
2025-09-21 00:20:27,412 - src.utils - INFO - Batch 1900/2917 - Loss: 0.0002 - Avg Loss: 0.0099
2025-09-21 00:20:51,435 - src.utils - INFO - Batch 2000/2917 - Loss: 0.0004 - Avg Loss: 0.0098
2025-09-21 00:21:15,527 - src.utils - INFO - Batch 2100/2917 - Loss: 0.0026 - Avg Loss: 0.0098
2025-09-21 00:21:39,594 - src.utils - INFO - Batch 2200/2917 - Loss: 0.0002 - Avg Loss: 0.0098
2025-09-21 00:22:03,596 - src.utils - INFO - Batch 2300/2917 - Loss: 0.0002 - Avg Loss: 0.0097
2025-09-21 00:22:27,619 - src.utils - INFO - Batch 2400/2917 - Loss: 0.0011 - Avg Loss: 0.0098
2025-09-21 00:22:51,621 - src.utils - INFO - Batch 2500/2917 - Loss: 0.0004 - Avg Loss: 0.0098
2025-09-21 00:23:15,648 - src.utils - INFO - Batch 2600/2917 - Loss: 0.0024 - Avg Loss: 0.0095
2025-09-21 00:23:39,680 - src.utils - INFO - Batch 2700/2917 - Loss: 0.0001 - Avg Loss: 0.0095
2025-09-21 00:24:03,864 - src.utils - INFO - Batch 2800/2917 - Loss: 0.0083 - Avg Loss: 0.0095
2025-09-21 00:36:15,101 - src.utils - INFO - Batch 2900/2917 - Loss: 0.0008 - Avg Loss: 0.0096
2025-09-21 00:36:48,877 - src.utils - INFO - Epoch 5 Results:
2025-09-21 00:36:48,878 - src.utils - INFO -   Train Loss: 0.0097
2025-09-21 00:36:48,878 - src.utils - INFO -   Val Loss: 0.0990
2025-09-21 00:36:48,878 - src.utils - INFO -   Val Accuracy: 0.8753
2025-09-21 00:36:48,878 - src.utils - INFO -   Epoch Time: 23.99m
2025-09-21 00:36:48,878 - src.utils - INFO - New best model! Accuracy: 0.8753
2025-09-21 00:36:50,803 - src.utils - ERROR - Training failed: [enforce fail at inline_container.cc:603] . unexpected pos 1351771968 vs 1351771856
2025-09-21 00:41:37,972 - src.utils - INFO - Starting evaluation process...
2025-09-21 00:41:37,972 - src.utils - INFO - Loading dataset...
2025-09-21 00:41:38,618 - src.utils - INFO - Tokenizer loaded: UBC-NLP/MARBERT
2025-09-21 00:41:38,618 - src.utils - INFO - Loading cleaned dataset from CSV file...
2025-09-21 00:41:39,382 - src.utils - INFO - Successfully loaded 50000 samples from CSV
2025-09-21 00:41:39,382 - src.utils - INFO - Data split - Train: 35000, Val: 7500, Test: 7500
2025-09-21 00:41:39,383 - src.utils - INFO - After split - Train: 35000, Val: 7500, Test: 7500
2025-09-21 00:41:39,385 - src.utils - INFO - Train label distribution: {0: 23411, 1: 11589}
2025-09-21 00:41:39,386 - src.utils - INFO - Validation label distribution: {0: 5026, 1: 2474}
2025-09-21 00:41:39,386 - src.utils - INFO - Test label distribution: {0: 5026, 1: 2474}
2025-09-21 00:41:39,386 - src.utils - INFO - Dataset initialized with 35000 samples
2025-09-21 00:41:39,386 - src.utils - INFO - Dataset initialized with 7500 samples
2025-09-21 00:41:39,386 - src.utils - INFO - Dataset initialized with 7500 samples
2025-09-21 00:41:39,936 - src.utils - INFO - Created WeightedRandomSampler with class weights: [4.27149631e-05 8.62887221e-05]
2025-09-21 00:41:39,936 - src.utils - INFO - Class distribution: [23411 11589]
2025-09-21 00:41:39,937 - src.utils - INFO - Using WeightedRandomSampler for training
2025-09-21 00:41:39,937 - src.utils - INFO - DataLoaders created - Batch size: 12
2025-09-21 00:41:39,937 - src.utils - INFO - Evaluator initialized on device: cuda
2025-09-21 00:41:39,937 - src.utils - INFO - Starting model evaluation...
2025-09-21 00:41:43,001 - src.utils - INFO - Model initialized with 162842882 parameters
2025-09-21 00:41:43,001 - src.utils - INFO - Trainable parameters: 162842882
2025-09-21 00:41:43,002 - src.utils - INFO - Loss function: focal
2025-09-21 00:41:43,258 - src.utils - INFO - Model created and moved to cuda
2025-09-21 00:41:45,565 - src.utils - INFO - Model loaded from C:\deep learning\Balanced data\models\best_marbert_model.pt
2025-09-21 00:41:45,565 - src.utils - INFO - Epoch: 4, Loss: 0.0860, Accuracy: 0.8729
2025-09-21 00:41:45,566 - src.utils - INFO - Best model loaded successfully
2025-09-21 00:41:45,567 - src.utils - INFO - Starting evaluation...
2025-09-21 00:41:45,567 - src.utils - INFO - Using threshold: 0.65
2025-09-21 00:43:03,986 - src.utils - INFO - 
==================================================
2025-09-21 00:43:03,986 - src.utils - INFO - EVALUATION RESULTS
2025-09-21 00:43:03,986 - src.utils - INFO - ==================================================
2025-09-21 00:43:03,986 - src.utils - INFO - Test Loss: 0.0937
2025-09-21 00:43:03,986 - src.utils - INFO - Accuracy: 0.8673
2025-09-21 00:43:03,986 - src.utils - INFO - Precision: 0.8673
2025-09-21 00:43:03,986 - src.utils - INFO - Recall: 0.8673
2025-09-21 00:43:03,986 - src.utils - INFO - F1-Score: 0.8673
2025-09-21 00:43:03,986 - src.utils - INFO - Threshold: 0.6500
2025-09-21 00:43:03,987 - src.utils - INFO - ==================================================
2025-09-21 00:43:03,988 - src.utils - INFO - 
Detailed Classification Report:
2025-09-21 00:43:03,988 - src.utils - INFO - --------------------------------------------------
2025-09-21 00:43:04,683 - src.utils - INFO - Confusion matrix saved to: C:\deep learning\Balanced data\results/confusion_matrix.png
2025-09-21 00:43:04,732 - src.utils - ERROR - Evaluation failed: Object of type int32 is not JSON serializable
2025-09-21 00:45:11,925 - src.utils - INFO - Starting training process...
2025-09-21 00:45:11,956 - src.utils - INFO - Loading dataset...
2025-09-21 00:45:12,685 - src.utils - INFO - Tokenizer loaded: UBC-NLP/MARBERT
2025-09-21 00:45:12,686 - src.utils - INFO - Loading cleaned dataset from CSV file...
2025-09-21 00:45:13,416 - src.utils - INFO - Successfully loaded 50000 samples from CSV
2025-09-21 00:45:13,416 - src.utils - INFO - Data split - Train: 35000, Val: 7500, Test: 7500
2025-09-21 00:45:13,417 - src.utils - INFO - After split - Train: 35000, Val: 7500, Test: 7500
2025-09-21 00:45:13,418 - src.utils - INFO - Train label distribution: {0: 23411, 1: 11589}
2025-09-21 00:45:13,418 - src.utils - INFO - Validation label distribution: {0: 5026, 1: 2474}
2025-09-21 00:45:13,418 - src.utils - INFO - Test label distribution: {0: 5026, 1: 2474}
2025-09-21 00:45:13,418 - src.utils - INFO - Dataset initialized with 35000 samples
2025-09-21 00:45:13,418 - src.utils - INFO - Dataset initialized with 7500 samples
2025-09-21 00:45:13,419 - src.utils - INFO - Dataset initialized with 7500 samples
2025-09-21 00:45:13,933 - src.utils - INFO - Created WeightedRandomSampler with class weights: [4.27149631e-05 8.62887221e-05]
2025-09-21 00:45:13,933 - src.utils - INFO - Class distribution: [23411 11589]
2025-09-21 00:45:13,934 - src.utils - INFO - Using WeightedRandomSampler for training
2025-09-21 00:45:13,934 - src.utils - INFO - DataLoaders created - Batch size: 12
2025-09-21 00:45:13,934 - src.utils - INFO - ==================================================
2025-09-21 00:45:13,934 - src.utils - INFO - DATASET INFORMATION
2025-09-21 00:45:13,934 - src.utils - INFO - ==================================================
2025-09-21 00:45:13,934 - src.utils - INFO - Training samples: 35000
2025-09-21 00:45:13,935 - src.utils - INFO - Validation samples: 7500
2025-09-21 00:45:13,935 - src.utils - INFO - Test samples: 7500
2025-09-21 00:45:13,935 - src.utils - INFO - Total samples: 50000
2025-09-21 00:45:13,935 - src.utils - INFO - Max sequence length: 128
2025-09-21 00:45:13,935 - src.utils - INFO - Batch size: 12
2025-09-21 00:45:13,935 - src.utils - INFO - ==================================================
2025-09-21 00:45:13,939 - src.utils - INFO - Mixed precision training enabled
2025-09-21 00:45:13,939 - src.utils - INFO - Trainer initialized on device: cuda
2025-09-21 00:45:13,939 - src.utils - INFO - Starting model training...
2025-09-21 00:45:15,515 - src.utils - INFO - Model initialized with 162842882 parameters
2025-09-21 00:45:15,516 - src.utils - INFO - Trainable parameters: 162842882
2025-09-21 00:45:15,516 - src.utils - INFO - Loss function: focal
2025-09-21 00:45:15,749 - src.utils - INFO - Model created and moved to cuda
2025-09-21 00:45:16,953 - src.utils - INFO - Model parameters: 162842882
2025-09-21 00:45:16,953 - src.utils - INFO - Optimizer: AdamW (lr=9e-06)
2025-09-21 00:45:16,953 - src.utils - INFO - Scheduler: Linear with warmup (100 steps)
2025-09-21 00:45:16,954 - src.utils - INFO - Starting training...
2025-09-21 00:45:16,954 - src.utils - INFO - Epochs: 5
2025-09-21 00:45:16,954 - src.utils - INFO - Batch size: 12
2025-09-21 00:45:16,954 - src.utils - INFO - Learning rate: 9e-06
2025-09-21 00:45:16,954 - src.utils - INFO - 
==================================================
2025-09-21 00:45:16,954 - src.utils - INFO - Epoch 1/5
2025-09-21 00:45:16,954 - src.utils - INFO - ==================================================
2025-09-21 00:45:40,821 - src.utils - INFO - Batch 100/2917 - Loss: 0.0426 - Avg Loss: 0.0641
2025-09-21 00:46:04,310 - src.utils - INFO - Batch 200/2917 - Loss: 0.0394 - Avg Loss: 0.0604
2025-09-21 00:46:27,865 - src.utils - INFO - Batch 300/2917 - Loss: 0.0377 - Avg Loss: 0.0573
2025-09-21 00:46:51,564 - src.utils - INFO - Batch 400/2917 - Loss: 0.0524 - Avg Loss: 0.0557
2025-09-21 00:47:15,411 - src.utils - INFO - Batch 500/2917 - Loss: 0.0315 - Avg Loss: 0.0537
2025-09-21 00:47:39,225 - src.utils - INFO - Batch 600/2917 - Loss: 0.0173 - Avg Loss: 0.0519
2025-09-21 00:48:03,014 - src.utils - INFO - Batch 700/2917 - Loss: 0.0370 - Avg Loss: 0.0506
2025-09-21 00:48:26,835 - src.utils - INFO - Batch 800/2917 - Loss: 0.0787 - Avg Loss: 0.0497
2025-09-21 00:48:50,711 - src.utils - INFO - Batch 900/2917 - Loss: 0.0313 - Avg Loss: 0.0489
2025-09-21 00:49:14,601 - src.utils - INFO - Batch 1000/2917 - Loss: 0.0784 - Avg Loss: 0.0481
2025-09-21 00:49:38,479 - src.utils - INFO - Batch 1100/2917 - Loss: 0.0521 - Avg Loss: 0.0475
2025-09-21 00:50:02,368 - src.utils - INFO - Batch 1200/2917 - Loss: 0.0271 - Avg Loss: 0.0466
2025-09-21 00:50:35,480 - src.utils - INFO - Batch 1300/2917 - Loss: 0.0518 - Avg Loss: 0.0459
2025-09-21 00:50:59,284 - src.utils - INFO - Batch 1400/2917 - Loss: 0.0349 - Avg Loss: 0.0455
2025-09-21 00:51:23,194 - src.utils - INFO - Batch 1500/2917 - Loss: 0.0293 - Avg Loss: 0.0451
2025-09-21 00:51:47,087 - src.utils - INFO - Batch 1600/2917 - Loss: 0.0443 - Avg Loss: 0.0444
2025-09-21 00:52:11,014 - src.utils - INFO - Batch 1700/2917 - Loss: 0.0326 - Avg Loss: 0.0437
2025-09-21 00:52:34,963 - src.utils - INFO - Batch 1800/2917 - Loss: 0.0394 - Avg Loss: 0.0432
2025-09-21 00:52:58,929 - src.utils - INFO - Batch 1900/2917 - Loss: 0.0482 - Avg Loss: 0.0427
2025-09-21 00:53:22,991 - src.utils - INFO - Batch 2000/2917 - Loss: 0.0416 - Avg Loss: 0.0422
2025-09-21 00:53:46,863 - src.utils - INFO - Batch 2100/2917 - Loss: 0.0757 - Avg Loss: 0.0416
2025-09-21 00:54:10,840 - src.utils - INFO - Batch 2200/2917 - Loss: 0.0061 - Avg Loss: 0.0411
2025-09-21 00:54:34,822 - src.utils - INFO - Batch 2300/2917 - Loss: 0.0094 - Avg Loss: 0.0407
2025-09-21 00:54:58,830 - src.utils - INFO - Batch 2400/2917 - Loss: 0.0076 - Avg Loss: 0.0403
2025-09-21 00:55:22,825 - src.utils - INFO - Batch 2500/2917 - Loss: 0.0680 - Avg Loss: 0.0398
2025-09-21 00:55:46,913 - src.utils - INFO - Batch 2600/2917 - Loss: 0.0112 - Avg Loss: 0.0395
2025-09-21 01:30:15,930 - src.utils - INFO - Batch 2700/2917 - Loss: 0.0513 - Avg Loss: 0.0392
2025-09-21 01:30:39,464 - src.utils - INFO - Batch 2800/2917 - Loss: 0.0427 - Avg Loss: 0.0388
2025-09-21 01:31:03,064 - src.utils - INFO - Batch 2900/2917 - Loss: 0.0159 - Avg Loss: 0.0385
2025-09-21 01:31:36,117 - src.utils - INFO - Epoch 1 Results:
2025-09-21 01:31:36,117 - src.utils - INFO -   Train Loss: 0.0383
2025-09-21 01:31:36,117 - src.utils - INFO -   Val Loss: 0.0436
2025-09-21 01:31:36,117 - src.utils - INFO -   Val Accuracy: 0.8535
2025-09-21 01:31:36,117 - src.utils - INFO -   Epoch Time: 46.32m
2025-09-21 01:31:36,117 - src.utils - INFO - New best model! Accuracy: 0.8535
2025-09-21 01:31:46,381 - src.utils - INFO - Best model saved at epoch 1 with accuracy 0.8535
2025-09-21 01:31:46,381 - src.utils - INFO - Model checkpoint saved for epoch 1
2025-09-21 01:31:46,381 - src.utils - INFO - 
==================================================
2025-09-21 01:31:46,381 - src.utils - INFO - Epoch 2/5
2025-09-21 01:31:46,381 - src.utils - INFO - ==================================================
2025-09-21 01:32:10,144 - src.utils - INFO - Batch 100/2917 - Loss: 0.0042 - Avg Loss: 0.0289
2025-09-21 01:32:33,760 - src.utils - INFO - Batch 200/2917 - Loss: 0.0193 - Avg Loss: 0.0288
2025-09-21 01:32:57,428 - src.utils - INFO - Batch 300/2917 - Loss: 0.0048 - Avg Loss: 0.0283
2025-09-21 01:33:21,174 - src.utils - INFO - Batch 400/2917 - Loss: 0.0064 - Avg Loss: 0.0280
2025-09-21 01:33:44,940 - src.utils - INFO - Batch 500/2917 - Loss: 0.0244 - Avg Loss: 0.0280
2025-09-21 01:34:08,758 - src.utils - INFO - Batch 600/2917 - Loss: 0.0086 - Avg Loss: 0.0278
2025-09-21 01:34:32,569 - src.utils - INFO - Batch 700/2917 - Loss: 0.0270 - Avg Loss: 0.0274
2025-09-21 01:34:56,394 - src.utils - INFO - Batch 800/2917 - Loss: 0.0029 - Avg Loss: 0.0272
2025-09-21 01:49:22,500 - src.utils - INFO - Batch 900/2917 - Loss: 0.0022 - Avg Loss: 0.0271
2025-09-21 01:49:45,996 - src.utils - INFO - Batch 1000/2917 - Loss: 0.0046 - Avg Loss: 0.0272
2025-09-21 01:50:09,629 - src.utils - INFO - Batch 1100/2917 - Loss: 0.0243 - Avg Loss: 0.0268
2025-09-21 01:50:33,247 - src.utils - INFO - Batch 1200/2917 - Loss: 0.0025 - Avg Loss: 0.0266
2025-09-21 01:50:56,933 - src.utils - INFO - Batch 1300/2917 - Loss: 0.0209 - Avg Loss: 0.0264
2025-09-21 01:51:20,797 - src.utils - INFO - Batch 1400/2917 - Loss: 0.0924 - Avg Loss: 0.0261
2025-09-21 01:51:44,547 - src.utils - INFO - Batch 1500/2917 - Loss: 0.0108 - Avg Loss: 0.0259
2025-09-21 01:52:08,342 - src.utils - INFO - Batch 1600/2917 - Loss: 0.0338 - Avg Loss: 0.0258
2025-09-21 01:52:32,185 - src.utils - INFO - Batch 1700/2917 - Loss: 0.0056 - Avg Loss: 0.0255
2025-09-21 01:52:55,996 - src.utils - INFO - Batch 1800/2917 - Loss: 0.0142 - Avg Loss: 0.0253
2025-09-21 01:53:19,811 - src.utils - INFO - Batch 1900/2917 - Loss: 0.0080 - Avg Loss: 0.0253
2025-09-21 01:53:43,665 - src.utils - INFO - Batch 2000/2917 - Loss: 0.0074 - Avg Loss: 0.0252
2025-09-21 01:54:07,570 - src.utils - INFO - Batch 2100/2917 - Loss: 0.0569 - Avg Loss: 0.0250
2025-09-21 01:54:31,481 - src.utils - INFO - Batch 2200/2917 - Loss: 0.0246 - Avg Loss: 0.0249
2025-09-21 01:54:55,450 - src.utils - INFO - Batch 2300/2917 - Loss: 0.0014 - Avg Loss: 0.0248
2025-09-21 02:07:33,350 - src.utils - INFO - Batch 2400/2917 - Loss: 0.0012 - Avg Loss: 0.0247
2025-09-21 02:07:57,067 - src.utils - INFO - Batch 2500/2917 - Loss: 0.0046 - Avg Loss: 0.0246
2025-09-21 02:08:20,698 - src.utils - INFO - Batch 2600/2917 - Loss: 0.0035 - Avg Loss: 0.0245
2025-09-21 02:08:44,461 - src.utils - INFO - Batch 2700/2917 - Loss: 0.0396 - Avg Loss: 0.0246
2025-09-21 02:09:08,170 - src.utils - INFO - Batch 2800/2917 - Loss: 0.0287 - Avg Loss: 0.0245
2025-09-21 02:09:31,916 - src.utils - INFO - Batch 2900/2917 - Loss: 0.0192 - Avg Loss: 0.0244
2025-09-21 02:10:05,279 - src.utils - INFO - Epoch 2 Results:
2025-09-21 02:10:05,279 - src.utils - INFO -   Train Loss: 0.0243
2025-09-21 02:10:05,280 - src.utils - INFO -   Val Loss: 0.0412
2025-09-21 02:10:05,280 - src.utils - INFO -   Val Accuracy: 0.8643
2025-09-21 02:10:05,280 - src.utils - INFO -   Epoch Time: 38.31m
2025-09-21 02:10:05,280 - src.utils - INFO - New best model! Accuracy: 0.8643
2025-09-21 02:10:16,501 - src.utils - INFO - Best model saved at epoch 2 with accuracy 0.8643
2025-09-21 02:10:16,501 - src.utils - INFO - Model checkpoint saved for epoch 2
2025-09-21 02:10:16,501 - src.utils - INFO - 
==================================================
2025-09-21 02:10:16,501 - src.utils - INFO - Epoch 3/5
2025-09-21 02:10:16,501 - src.utils - INFO - ==================================================
2025-09-21 02:10:40,454 - src.utils - INFO - Batch 100/2917 - Loss: 0.0136 - Avg Loss: 0.0185
2025-09-21 02:11:04,204 - src.utils - INFO - Batch 200/2917 - Loss: 0.0072 - Avg Loss: 0.0220
2025-09-21 02:11:28,040 - src.utils - INFO - Batch 300/2917 - Loss: 0.0065 - Avg Loss: 0.0218
2025-09-21 02:11:51,896 - src.utils - INFO - Batch 400/2917 - Loss: 0.0137 - Avg Loss: 0.0212
2025-09-21 02:12:15,771 - src.utils - INFO - Batch 500/2917 - Loss: 0.0018 - Avg Loss: 0.0206
2025-09-21 02:12:39,721 - src.utils - INFO - Batch 600/2917 - Loss: 0.0408 - Avg Loss: 0.0204
2025-09-21 02:17:46,913 - src.utils - INFO - Batch 700/2917 - Loss: 0.0097 - Avg Loss: 0.0200
2025-09-21 02:18:10,400 - src.utils - INFO - Batch 800/2917 - Loss: 0.0071 - Avg Loss: 0.0200
2025-09-21 02:18:34,010 - src.utils - INFO - Batch 900/2917 - Loss: 0.0186 - Avg Loss: 0.0199
2025-09-21 02:18:57,697 - src.utils - INFO - Batch 1000/2917 - Loss: 0.0526 - Avg Loss: 0.0200
2025-09-21 02:19:21,450 - src.utils - INFO - Batch 1100/2917 - Loss: 0.0018 - Avg Loss: 0.0198
2025-09-21 02:19:45,248 - src.utils - INFO - Batch 1200/2917 - Loss: 0.0298 - Avg Loss: 0.0199
2025-09-21 02:20:09,068 - src.utils - INFO - Batch 1300/2917 - Loss: 0.0122 - Avg Loss: 0.0199
2025-09-21 02:20:32,900 - src.utils - INFO - Batch 1400/2917 - Loss: 0.0018 - Avg Loss: 0.0196
2025-09-21 02:20:56,734 - src.utils - INFO - Batch 1500/2917 - Loss: 0.1218 - Avg Loss: 0.0195
2025-09-21 02:21:20,590 - src.utils - INFO - Batch 1600/2917 - Loss: 0.0369 - Avg Loss: 0.0196
2025-09-21 02:21:44,483 - src.utils - INFO - Batch 1700/2917 - Loss: 0.0119 - Avg Loss: 0.0193
2025-09-21 02:22:08,404 - src.utils - INFO - Batch 1800/2917 - Loss: 0.0032 - Avg Loss: 0.0193
2025-09-21 02:22:32,345 - src.utils - INFO - Batch 1900/2917 - Loss: 0.0009 - Avg Loss: 0.0191
2025-09-21 02:22:56,410 - src.utils - INFO - Batch 2000/2917 - Loss: 0.0222 - Avg Loss: 0.0190
2025-09-21 02:27:06,476 - src.utils - INFO - Batch 2100/2917 - Loss: 0.0080 - Avg Loss: 0.0190
2025-09-21 02:27:29,969 - src.utils - INFO - Batch 2200/2917 - Loss: 0.0019 - Avg Loss: 0.0190
2025-09-21 02:27:53,661 - src.utils - INFO - Batch 2300/2917 - Loss: 0.0077 - Avg Loss: 0.0189
2025-09-21 02:28:17,595 - src.utils - INFO - Batch 2400/2917 - Loss: 0.0015 - Avg Loss: 0.0187
2025-09-21 02:28:41,426 - src.utils - INFO - Batch 2500/2917 - Loss: 0.0021 - Avg Loss: 0.0188
2025-09-21 02:29:05,282 - src.utils - INFO - Batch 2600/2917 - Loss: 0.0365 - Avg Loss: 0.0186
2025-09-21 02:29:29,115 - src.utils - INFO - Batch 2700/2917 - Loss: 0.0781 - Avg Loss: 0.0185
2025-09-21 02:29:52,945 - src.utils - INFO - Batch 2800/2917 - Loss: 0.0008 - Avg Loss: 0.0184
2025-09-21 02:30:16,895 - src.utils - INFO - Batch 2900/2917 - Loss: 0.0233 - Avg Loss: 0.0183
2025-09-21 02:30:50,520 - src.utils - INFO - Epoch 3 Results:
2025-09-21 02:30:50,520 - src.utils - INFO -   Train Loss: 0.0183
2025-09-21 02:30:50,521 - src.utils - INFO -   Val Loss: 0.0662
2025-09-21 02:30:50,521 - src.utils - INFO -   Val Accuracy: 0.8667
2025-09-21 02:30:50,521 - src.utils - INFO -   Epoch Time: 20.57m
2025-09-21 02:30:50,521 - src.utils - INFO - New best model! Accuracy: 0.8667
2025-09-21 02:31:02,272 - src.utils - INFO - Best model saved at epoch 3 with accuracy 0.8667
2025-09-21 02:31:02,272 - src.utils - INFO - Model checkpoint saved for epoch 3
2025-09-21 02:31:02,272 - src.utils - INFO - 
==================================================
2025-09-21 02:31:02,272 - src.utils - INFO - Epoch 4/5
2025-09-21 02:31:02,273 - src.utils - INFO - ==================================================
2025-09-21 02:31:26,305 - src.utils - INFO - Batch 100/2917 - Loss: 0.0026 - Avg Loss: 0.0175
2025-09-21 02:31:50,278 - src.utils - INFO - Batch 200/2917 - Loss: 0.0002 - Avg Loss: 0.0168
2025-09-21 02:32:14,530 - src.utils - INFO - Batch 300/2917 - Loss: 0.0505 - Avg Loss: 0.0167
2025-09-21 02:32:38,719 - src.utils - INFO - Batch 400/2917 - Loss: 0.0020 - Avg Loss: 0.0168
2025-09-21 02:33:27,546 - src.utils - INFO - Batch 500/2917 - Loss: 0.0080 - Avg Loss: 0.0171
2025-09-21 02:33:51,229 - src.utils - INFO - Batch 600/2917 - Loss: 0.0037 - Avg Loss: 0.0176
2025-09-21 02:34:15,025 - src.utils - INFO - Batch 700/2917 - Loss: 0.0019 - Avg Loss: 0.0175
2025-09-21 02:34:38,875 - src.utils - INFO - Batch 800/2917 - Loss: 0.0028 - Avg Loss: 0.0166
2025-09-21 02:35:02,786 - src.utils - INFO - Batch 900/2917 - Loss: 0.0016 - Avg Loss: 0.0164
2025-09-21 02:35:26,629 - src.utils - INFO - Batch 1000/2917 - Loss: 0.0018 - Avg Loss: 0.0160
2025-09-21 02:35:50,582 - src.utils - INFO - Batch 1100/2917 - Loss: 0.0010 - Avg Loss: 0.0157
2025-09-21 02:36:14,557 - src.utils - INFO - Batch 1200/2917 - Loss: 0.0005 - Avg Loss: 0.0153
2025-09-21 02:36:38,550 - src.utils - INFO - Batch 1300/2917 - Loss: 0.0005 - Avg Loss: 0.0149
2025-09-21 02:37:02,553 - src.utils - INFO - Batch 1400/2917 - Loss: 0.0323 - Avg Loss: 0.0145
2025-09-21 02:37:26,559 - src.utils - INFO - Batch 1500/2917 - Loss: 0.0004 - Avg Loss: 0.0144
2025-09-21 02:37:50,611 - src.utils - INFO - Batch 1600/2917 - Loss: 0.0004 - Avg Loss: 0.0145
2025-09-21 02:38:14,614 - src.utils - INFO - Batch 1700/2917 - Loss: 0.0030 - Avg Loss: 0.0144
2025-09-21 02:38:52,530 - src.utils - INFO - Batch 1800/2917 - Loss: 0.0165 - Avg Loss: 0.0146
2025-09-21 02:39:16,414 - src.utils - INFO - Batch 1900/2917 - Loss: 0.0013 - Avg Loss: 0.0146
2025-09-21 02:39:40,399 - src.utils - INFO - Batch 2000/2917 - Loss: 0.0031 - Avg Loss: 0.0146
2025-09-21 02:40:04,336 - src.utils - INFO - Batch 2100/2917 - Loss: 0.0266 - Avg Loss: 0.0145
2025-09-21 02:40:28,297 - src.utils - INFO - Batch 2200/2917 - Loss: 0.0011 - Avg Loss: 0.0144
2025-09-21 02:40:52,292 - src.utils - INFO - Batch 2300/2917 - Loss: 0.0408 - Avg Loss: 0.0144
2025-09-21 02:41:16,339 - src.utils - INFO - Batch 2400/2917 - Loss: 0.0003 - Avg Loss: 0.0144
2025-09-21 02:41:40,372 - src.utils - INFO - Batch 2500/2917 - Loss: 0.0348 - Avg Loss: 0.0143
2025-09-21 02:42:04,401 - src.utils - INFO - Batch 2600/2917 - Loss: 0.0009 - Avg Loss: 0.0142
2025-09-21 02:42:28,533 - src.utils - INFO - Batch 2700/2917 - Loss: 0.0008 - Avg Loss: 0.0141
2025-09-21 02:42:52,567 - src.utils - INFO - Batch 2800/2917 - Loss: 0.0378 - Avg Loss: 0.0141
2025-09-21 02:43:16,628 - src.utils - INFO - Batch 2900/2917 - Loss: 0.0007 - Avg Loss: 0.0141
2025-09-21 02:43:50,559 - src.utils - INFO - Epoch 4 Results:
2025-09-21 02:43:50,561 - src.utils - INFO -   Train Loss: 0.0140
2025-09-21 02:43:50,561 - src.utils - INFO -   Val Loss: 0.0832
2025-09-21 02:43:50,561 - src.utils - INFO -   Val Accuracy: 0.8724
2025-09-21 02:43:50,561 - src.utils - INFO -   Epoch Time: 12.80m
2025-09-21 02:43:50,561 - src.utils - INFO - New best model! Accuracy: 0.8724
2025-09-21 02:44:55,380 - src.utils - INFO - Best model saved at epoch 4 with accuracy 0.8724
2025-09-21 02:44:55,380 - src.utils - INFO - Model checkpoint saved for epoch 4
2025-09-21 02:44:55,380 - src.utils - INFO - 
==================================================
2025-09-21 02:44:55,381 - src.utils - INFO - Epoch 5/5
2025-09-21 02:44:55,381 - src.utils - INFO - ==================================================
2025-09-21 02:45:19,338 - src.utils - INFO - Batch 100/2917 - Loss: 0.0006 - Avg Loss: 0.0117
2025-09-21 02:45:43,033 - src.utils - INFO - Batch 200/2917 - Loss: 0.0004 - Avg Loss: 0.0130
2025-09-21 02:46:06,859 - src.utils - INFO - Batch 300/2917 - Loss: 0.0004 - Avg Loss: 0.0126
2025-09-21 02:46:30,733 - src.utils - INFO - Batch 400/2917 - Loss: 0.0001 - Avg Loss: 0.0120
2025-09-21 02:46:54,650 - src.utils - INFO - Batch 500/2917 - Loss: 0.0004 - Avg Loss: 0.0116
2025-09-21 02:47:18,532 - src.utils - INFO - Batch 600/2917 - Loss: 0.0006 - Avg Loss: 0.0122
2025-09-21 02:47:42,519 - src.utils - INFO - Batch 700/2917 - Loss: 0.0001 - Avg Loss: 0.0115
2025-09-21 02:48:06,521 - src.utils - INFO - Batch 800/2917 - Loss: 0.0006 - Avg Loss: 0.0112
2025-09-21 02:48:30,486 - src.utils - INFO - Batch 900/2917 - Loss: 0.0002 - Avg Loss: 0.0109
2025-09-21 02:48:54,457 - src.utils - INFO - Batch 1000/2917 - Loss: 0.0003 - Avg Loss: 0.0110
2025-09-21 02:49:18,494 - src.utils - INFO - Batch 1100/2917 - Loss: 0.0003 - Avg Loss: 0.0112
2025-09-21 02:49:42,601 - src.utils - INFO - Batch 1200/2917 - Loss: 0.0005 - Avg Loss: 0.0111
2025-09-21 02:50:06,746 - src.utils - INFO - Batch 1300/2917 - Loss: 0.0009 - Avg Loss: 0.0111
2025-09-21 02:51:05,848 - src.utils - INFO - Batch 1400/2917 - Loss: 0.0006 - Avg Loss: 0.0107
2025-09-21 02:51:29,597 - src.utils - INFO - Batch 1500/2917 - Loss: 0.0001 - Avg Loss: 0.0105
2025-09-21 02:51:53,459 - src.utils - INFO - Batch 1600/2917 - Loss: 0.0064 - Avg Loss: 0.0106
2025-09-21 02:52:17,341 - src.utils - INFO - Batch 1700/2917 - Loss: 0.0228 - Avg Loss: 0.0104
2025-09-21 02:52:41,311 - src.utils - INFO - Batch 1800/2917 - Loss: 0.0651 - Avg Loss: 0.0106
2025-09-21 02:53:05,274 - src.utils - INFO - Batch 1900/2917 - Loss: 0.0002 - Avg Loss: 0.0105
2025-09-21 02:53:29,265 - src.utils - INFO - Batch 2000/2917 - Loss: 0.0029 - Avg Loss: 0.0104
2025-09-21 02:53:53,364 - src.utils - INFO - Batch 2100/2917 - Loss: 0.0002 - Avg Loss: 0.0104
2025-09-21 02:54:17,344 - src.utils - INFO - Batch 2200/2917 - Loss: 0.0003 - Avg Loss: 0.0104
2025-09-21 02:54:41,370 - src.utils - INFO - Batch 2300/2917 - Loss: 0.0003 - Avg Loss: 0.0103
2025-09-21 02:55:05,394 - src.utils - INFO - Batch 2400/2917 - Loss: 0.0009 - Avg Loss: 0.0103
2025-09-21 02:55:29,413 - src.utils - INFO - Batch 2500/2917 - Loss: 0.0005 - Avg Loss: 0.0103
2025-09-21 02:55:53,419 - src.utils - INFO - Batch 2600/2917 - Loss: 0.0006 - Avg Loss: 0.0101
2025-09-21 02:57:37,759 - src.utils - INFO - Batch 2700/2917 - Loss: 0.0009 - Avg Loss: 0.0101
2025-09-21 02:58:06,160 - src.utils - INFO - Batch 2800/2917 - Loss: 0.0078 - Avg Loss: 0.0101
2025-09-21 02:58:34,605 - src.utils - INFO - Batch 2900/2917 - Loss: 0.0009 - Avg Loss: 0.0101
2025-09-21 02:59:16,038 - src.utils - INFO - Epoch 5 Results:
2025-09-21 02:59:16,039 - src.utils - INFO -   Train Loss: 0.0102
2025-09-21 02:59:16,039 - src.utils - INFO -   Val Loss: 0.0994
2025-09-21 02:59:16,039 - src.utils - INFO -   Val Accuracy: 0.8729
2025-09-21 02:59:16,040 - src.utils - INFO -   Epoch Time: 14.34m
2025-09-21 02:59:16,040 - src.utils - INFO - New best model! Accuracy: 0.8729
2025-09-21 02:59:17,821 - src.utils - ERROR - Training failed: [enforce fail at inline_container.cc:603] . unexpected pos 502641216 vs 502641108
2025-09-21 03:00:00,285 - src.utils - INFO - Starting evaluation process...
2025-09-21 03:00:00,285 - src.utils - INFO - Loading dataset...
2025-09-21 03:00:01,216 - src.utils - INFO - Tokenizer loaded: UBC-NLP/MARBERT
2025-09-21 03:00:01,217 - src.utils - INFO - Loading cleaned dataset from CSV file...
2025-09-21 03:00:02,896 - src.utils - INFO - Successfully loaded 50000 samples from CSV
2025-09-21 03:00:02,896 - src.utils - INFO - Data split - Train: 35000, Val: 7500, Test: 7500
2025-09-21 03:00:02,897 - src.utils - INFO - After split - Train: 35000, Val: 7500, Test: 7500
2025-09-21 03:00:02,903 - src.utils - INFO - Train label distribution: {0: 23411, 1: 11589}
2025-09-21 03:00:02,903 - src.utils - INFO - Validation label distribution: {0: 5026, 1: 2474}
2025-09-21 03:00:02,903 - src.utils - INFO - Test label distribution: {0: 5026, 1: 2474}
2025-09-21 03:00:02,904 - src.utils - INFO - Dataset initialized with 35000 samples
2025-09-21 03:00:02,904 - src.utils - INFO - Dataset initialized with 7500 samples
2025-09-21 03:00:02,904 - src.utils - INFO - Dataset initialized with 7500 samples
2025-09-21 03:00:05,144 - src.utils - INFO - Created WeightedRandomSampler with class weights: [4.27149631e-05 8.62887221e-05]
2025-09-21 03:00:05,145 - src.utils - INFO - Class distribution: [23411 11589]
2025-09-21 03:00:05,145 - src.utils - INFO - Using WeightedRandomSampler for training
2025-09-21 03:00:05,146 - src.utils - INFO - DataLoaders created - Batch size: 12
2025-09-21 03:00:05,146 - src.utils - INFO - Evaluator initialized on device: cuda
2025-09-21 03:00:05,146 - src.utils - INFO - Starting model evaluation...
2025-09-21 03:00:09,352 - src.utils - INFO - Model initialized with 162842882 parameters
2025-09-21 03:00:09,353 - src.utils - INFO - Trainable parameters: 162842882
2025-09-21 03:00:09,354 - src.utils - INFO - Loss function: focal
2025-09-21 03:00:09,744 - src.utils - INFO - Model created and moved to cuda
2025-09-21 03:00:11,293 - src.utils - INFO - Model loaded from C:\deep learning\Balanced data\models\best_marbert_model.pt
2025-09-21 03:00:11,293 - src.utils - INFO - Epoch: 4, Loss: 0.0832, Accuracy: 0.8724
2025-09-21 03:00:11,295 - src.utils - INFO - Best model loaded successfully
2025-09-21 03:00:11,296 - src.utils - INFO - Starting evaluation...
2025-09-21 03:00:11,296 - src.utils - INFO - Using threshold: 0.65
2025-09-21 03:02:11,631 - src.utils - INFO - 
==================================================
2025-09-21 03:02:11,632 - src.utils - INFO - EVALUATION RESULTS
2025-09-21 03:02:11,632 - src.utils - INFO - ==================================================
2025-09-21 03:02:11,632 - src.utils - INFO - Test Loss: 0.0898
2025-09-21 03:02:11,634 - src.utils - INFO - Accuracy: 0.8656
2025-09-21 03:02:11,634 - src.utils - INFO - Precision: 0.8656
2025-09-21 03:02:11,635 - src.utils - INFO - Recall: 0.8656
2025-09-21 03:02:11,635 - src.utils - INFO - F1-Score: 0.8656
2025-09-21 03:02:11,635 - src.utils - INFO - Threshold: 0.6500
2025-09-21 03:02:11,635 - src.utils - INFO - ==================================================
2025-09-21 03:02:11,638 - src.utils - INFO - 
Detailed Classification Report:
2025-09-21 03:02:11,638 - src.utils - INFO - --------------------------------------------------
2025-09-21 03:02:13,083 - src.utils - INFO - Confusion matrix saved to: C:\deep learning\Balanced data\results/confusion_matrix.png
2025-09-21 03:02:13,182 - src.utils - ERROR - Evaluation failed: Object of type int32 is not JSON serializable
2025-09-21 03:03:43,149 - src.utils - INFO - Starting training process...
2025-09-21 03:03:44,187 - src.utils - INFO - Loading dataset...
2025-09-21 03:03:45,100 - src.utils - INFO - Tokenizer loaded: UBC-NLP/MARBERT
2025-09-21 03:03:45,101 - src.utils - INFO - Loading cleaned dataset from CSV file...
2025-09-21 03:03:46,698 - src.utils - INFO - Successfully loaded 50000 samples from CSV
2025-09-21 03:03:46,698 - src.utils - INFO - Data split - Train: 35000, Val: 7500, Test: 7500
2025-09-21 03:03:46,699 - src.utils - INFO - After split - Train: 35000, Val: 7500, Test: 7500
2025-09-21 03:03:46,704 - src.utils - INFO - Train label distribution: {0: 23411, 1: 11589}
2025-09-21 03:03:46,704 - src.utils - INFO - Validation label distribution: {0: 5026, 1: 2474}
2025-09-21 03:03:46,704 - src.utils - INFO - Test label distribution: {0: 5026, 1: 2474}
2025-09-21 03:03:46,705 - src.utils - INFO - Dataset initialized with 35000 samples
2025-09-21 03:03:46,705 - src.utils - INFO - Dataset initialized with 7500 samples
2025-09-21 03:03:46,706 - src.utils - INFO - Dataset initialized with 7500 samples
2025-09-21 03:03:47,934 - src.utils - INFO - Created WeightedRandomSampler with class weights: [4.27149631e-05 8.62887221e-05]
2025-09-21 03:03:47,934 - src.utils - INFO - Class distribution: [23411 11589]
2025-09-21 03:03:47,935 - src.utils - INFO - Using WeightedRandomSampler for training
2025-09-21 03:03:47,936 - src.utils - INFO - DataLoaders created - Batch size: 12
2025-09-21 03:03:47,936 - src.utils - INFO - ==================================================
2025-09-21 03:03:47,936 - src.utils - INFO - DATASET INFORMATION
2025-09-21 03:03:47,936 - src.utils - INFO - ==================================================
2025-09-21 03:03:47,937 - src.utils - INFO - Training samples: 35000
2025-09-21 03:03:47,937 - src.utils - INFO - Validation samples: 7500
2025-09-21 03:03:47,937 - src.utils - INFO - Test samples: 7500
2025-09-21 03:03:47,937 - src.utils - INFO - Total samples: 50000
2025-09-21 03:03:47,937 - src.utils - INFO - Max sequence length: 128
2025-09-21 03:03:47,939 - src.utils - INFO - Batch size: 12
2025-09-21 03:03:47,939 - src.utils - INFO - ==================================================
2025-09-21 03:03:47,951 - src.utils - INFO - Mixed precision training enabled
2025-09-21 03:03:47,951 - src.utils - INFO - Trainer initialized on device: cuda
2025-09-21 03:03:47,951 - src.utils - INFO - Starting model training...
2025-09-21 03:03:50,393 - src.utils - INFO - Model initialized with 162842882 parameters
2025-09-21 03:03:50,394 - src.utils - INFO - Trainable parameters: 162842882
2025-09-21 03:03:50,395 - src.utils - INFO - Loss function: focal
2025-09-21 03:03:50,720 - src.utils - INFO - Model created and moved to cuda
2025-09-21 03:03:53,049 - src.utils - INFO - Model parameters: 162842882
2025-09-21 03:03:53,049 - src.utils - INFO - Optimizer: AdamW (lr=1e-05)
2025-09-21 03:03:53,050 - src.utils - INFO - Scheduler: Linear with warmup (100 steps)
2025-09-21 03:03:53,050 - src.utils - INFO - Starting training...
2025-09-21 03:03:53,050 - src.utils - INFO - Epochs: 5
2025-09-21 03:03:53,050 - src.utils - INFO - Batch size: 12
2025-09-21 03:03:53,051 - src.utils - INFO - Learning rate: 1e-05
2025-09-21 03:03:53,051 - src.utils - INFO - 
==================================================
2025-09-21 03:03:53,052 - src.utils - INFO - Epoch 1/5
2025-09-21 03:03:53,052 - src.utils - INFO - ==================================================
2025-09-21 03:04:22,115 - src.utils - INFO - Batch 100/2917 - Loss: 0.0424 - Avg Loss: 0.0638
2025-09-21 03:04:50,423 - src.utils - INFO - Batch 200/2917 - Loss: 0.0399 - Avg Loss: 0.0601
2025-09-21 03:05:18,723 - src.utils - INFO - Batch 300/2917 - Loss: 0.0384 - Avg Loss: 0.0570
2025-09-21 03:05:47,138 - src.utils - INFO - Batch 400/2917 - Loss: 0.0552 - Avg Loss: 0.0555
2025-09-21 03:06:15,606 - src.utils - INFO - Batch 500/2917 - Loss: 0.0301 - Avg Loss: 0.0534
2025-09-21 03:06:44,168 - src.utils - INFO - Batch 600/2917 - Loss: 0.0174 - Avg Loss: 0.0517
2025-09-21 03:07:12,724 - src.utils - INFO - Batch 700/2917 - Loss: 0.0335 - Avg Loss: 0.0504
2025-09-21 03:07:41,225 - src.utils - INFO - Batch 800/2917 - Loss: 0.0777 - Avg Loss: 0.0493
2025-09-21 03:08:09,755 - src.utils - INFO - Batch 900/2917 - Loss: 0.0309 - Avg Loss: 0.0485
2025-09-21 03:08:38,257 - src.utils - INFO - Batch 1000/2917 - Loss: 0.0724 - Avg Loss: 0.0478
2025-09-21 03:09:06,786 - src.utils - INFO - Batch 1100/2917 - Loss: 0.0491 - Avg Loss: 0.0471
2025-09-21 03:09:35,321 - src.utils - INFO - Batch 1200/2917 - Loss: 0.0247 - Avg Loss: 0.0462
2025-09-21 03:10:03,896 - src.utils - INFO - Batch 1300/2917 - Loss: 0.0487 - Avg Loss: 0.0456
2025-09-21 03:10:32,374 - src.utils - INFO - Batch 1400/2917 - Loss: 0.0364 - Avg Loss: 0.0452
2025-09-21 03:11:00,937 - src.utils - INFO - Batch 1500/2917 - Loss: 0.0322 - Avg Loss: 0.0448
2025-09-21 03:11:29,488 - src.utils - INFO - Batch 1600/2917 - Loss: 0.0529 - Avg Loss: 0.0441
2025-09-21 03:11:58,060 - src.utils - INFO - Batch 1700/2917 - Loss: 0.0325 - Avg Loss: 0.0434
2025-09-21 03:12:26,562 - src.utils - INFO - Batch 1800/2917 - Loss: 0.0393 - Avg Loss: 0.0429
2025-09-21 03:12:55,082 - src.utils - INFO - Batch 1900/2917 - Loss: 0.0564 - Avg Loss: 0.0424
2025-09-21 03:13:23,625 - src.utils - INFO - Batch 2000/2917 - Loss: 0.0408 - Avg Loss: 0.0419
2025-09-21 03:13:52,205 - src.utils - INFO - Batch 2100/2917 - Loss: 0.0625 - Avg Loss: 0.0413
2025-09-21 03:14:20,792 - src.utils - INFO - Batch 2200/2917 - Loss: 0.0035 - Avg Loss: 0.0408
2025-09-21 03:14:49,323 - src.utils - INFO - Batch 2300/2917 - Loss: 0.0084 - Avg Loss: 0.0404
2025-09-21 03:15:17,870 - src.utils - INFO - Batch 2400/2917 - Loss: 0.0065 - Avg Loss: 0.0400
2025-09-21 03:16:17,079 - src.utils - INFO - Batch 2500/2917 - Loss: 0.0691 - Avg Loss: 0.0395
2025-09-21 03:16:45,348 - src.utils - INFO - Batch 2600/2917 - Loss: 0.0122 - Avg Loss: 0.0392
2025-09-21 03:17:13,760 - src.utils - INFO - Batch 2700/2917 - Loss: 0.0497 - Avg Loss: 0.0388
2025-09-21 03:17:42,213 - src.utils - INFO - Batch 2800/2917 - Loss: 0.0435 - Avg Loss: 0.0385
2025-09-21 03:18:10,726 - src.utils - INFO - Batch 2900/2917 - Loss: 0.0177 - Avg Loss: 0.0381
2025-09-21 03:18:52,102 - src.utils - INFO - Epoch 1 Results:
2025-09-21 03:18:52,102 - src.utils - INFO -   Train Loss: 0.0380
2025-09-21 03:18:52,103 - src.utils - INFO -   Val Loss: 0.0463
2025-09-21 03:18:52,103 - src.utils - INFO -   Val Accuracy: 0.8561
2025-09-21 03:18:52,103 - src.utils - INFO -   Epoch Time: 14.98m
2025-09-21 03:18:52,105 - src.utils - INFO - New best model! Accuracy: 0.8561
2025-09-21 03:19:47,313 - src.utils - INFO - Best model saved at epoch 1 with accuracy 0.8561
2025-09-21 03:19:47,313 - src.utils - INFO - Model checkpoint saved for epoch 1
2025-09-21 03:19:47,314 - src.utils - INFO - 
==================================================
2025-09-21 03:19:47,314 - src.utils - INFO - Epoch 2/5
2025-09-21 03:19:47,314 - src.utils - INFO - ==================================================
2025-09-21 03:20:15,539 - src.utils - INFO - Batch 100/2917 - Loss: 0.0046 - Avg Loss: 0.0296
2025-09-21 03:20:43,749 - src.utils - INFO - Batch 200/2917 - Loss: 0.0178 - Avg Loss: 0.0284
2025-09-21 03:21:12,026 - src.utils - INFO - Batch 300/2917 - Loss: 0.0051 - Avg Loss: 0.0279
2025-09-21 03:21:40,383 - src.utils - INFO - Batch 400/2917 - Loss: 0.0061 - Avg Loss: 0.0275
2025-09-21 03:22:08,806 - src.utils - INFO - Batch 500/2917 - Loss: 0.0311 - Avg Loss: 0.0275
2025-09-21 03:22:37,247 - src.utils - INFO - Batch 600/2917 - Loss: 0.0101 - Avg Loss: 0.0273
2025-09-21 03:23:05,700 - src.utils - INFO - Batch 700/2917 - Loss: 0.0288 - Avg Loss: 0.0269
2025-09-21 03:23:34,196 - src.utils - INFO - Batch 800/2917 - Loss: 0.0029 - Avg Loss: 0.0266
2025-09-21 03:24:02,645 - src.utils - INFO - Batch 900/2917 - Loss: 0.0018 - Avg Loss: 0.0264
2025-09-21 03:24:31,141 - src.utils - INFO - Batch 1000/2917 - Loss: 0.0045 - Avg Loss: 0.0266
2025-09-21 03:24:59,677 - src.utils - INFO - Batch 1100/2917 - Loss: 0.0224 - Avg Loss: 0.0263
2025-09-21 03:25:28,259 - src.utils - INFO - Batch 1200/2917 - Loss: 0.0035 - Avg Loss: 0.0261
2025-09-21 03:25:56,806 - src.utils - INFO - Batch 1300/2917 - Loss: 0.0396 - Avg Loss: 0.0259
2025-09-21 03:26:25,303 - src.utils - INFO - Batch 1400/2917 - Loss: 0.1172 - Avg Loss: 0.0257
2025-09-21 03:26:53,806 - src.utils - INFO - Batch 1500/2917 - Loss: 0.0123 - Avg Loss: 0.0255
2025-09-21 03:27:22,362 - src.utils - INFO - Batch 1600/2917 - Loss: 0.0385 - Avg Loss: 0.0254
2025-09-21 03:27:50,928 - src.utils - INFO - Batch 1700/2917 - Loss: 0.0041 - Avg Loss: 0.0252
2025-09-21 03:28:19,461 - src.utils - INFO - Batch 1800/2917 - Loss: 0.0145 - Avg Loss: 0.0249
2025-09-21 03:28:48,136 - src.utils - INFO - Batch 1900/2917 - Loss: 0.0288 - Avg Loss: 0.0248
2025-09-21 03:29:16,952 - src.utils - INFO - Batch 2000/2917 - Loss: 0.0039 - Avg Loss: 0.0248
2025-09-21 03:29:45,472 - src.utils - INFO - Batch 2100/2917 - Loss: 0.0800 - Avg Loss: 0.0246
2025-09-21 03:30:14,032 - src.utils - INFO - Batch 2200/2917 - Loss: 0.0181 - Avg Loss: 0.0245
2025-09-21 03:30:42,561 - src.utils - INFO - Batch 2300/2917 - Loss: 0.0014 - Avg Loss: 0.0243
2025-09-21 03:31:11,157 - src.utils - INFO - Batch 2400/2917 - Loss: 0.0008 - Avg Loss: 0.0243
2025-09-21 03:31:39,783 - src.utils - INFO - Batch 2500/2917 - Loss: 0.0062 - Avg Loss: 0.0242
2025-09-21 03:32:08,372 - src.utils - INFO - Batch 2600/2917 - Loss: 0.0029 - Avg Loss: 0.0241
2025-09-21 03:32:36,814 - src.utils - INFO - Batch 2700/2917 - Loss: 0.0296 - Avg Loss: 0.0242
2025-09-21 03:33:05,396 - src.utils - INFO - Batch 2800/2917 - Loss: 0.0284 - Avg Loss: 0.0240
2025-09-21 03:33:33,887 - src.utils - INFO - Batch 2900/2917 - Loss: 0.0115 - Avg Loss: 0.0239
2025-09-21 03:34:15,095 - src.utils - INFO - Epoch 2 Results:
2025-09-21 03:34:15,095 - src.utils - INFO -   Train Loss: 0.0239
2025-09-21 03:34:15,095 - src.utils - INFO -   Val Loss: 0.0420
2025-09-21 03:34:15,095 - src.utils - INFO -   Val Accuracy: 0.8669
2025-09-21 03:34:15,096 - src.utils - INFO -   Epoch Time: 14.46m
2025-09-21 03:34:15,096 - src.utils - INFO - New best model! Accuracy: 0.8669
2025-09-21 03:34:30,794 - src.utils - INFO - Best model saved at epoch 2 with accuracy 0.8669
2025-09-21 03:34:30,795 - src.utils - INFO - Model checkpoint saved for epoch 2
2025-09-21 03:34:30,795 - src.utils - INFO - 
==================================================
2025-09-21 03:34:30,797 - src.utils - INFO - Epoch 3/5
2025-09-21 03:34:30,797 - src.utils - INFO - ==================================================
2025-09-21 03:34:59,231 - src.utils - INFO - Batch 100/2917 - Loss: 0.0121 - Avg Loss: 0.0177
2025-09-21 03:35:27,575 - src.utils - INFO - Batch 200/2917 - Loss: 0.0149 - Avg Loss: 0.0221
2025-09-21 03:35:56,019 - src.utils - INFO - Batch 300/2917 - Loss: 0.0057 - Avg Loss: 0.0214
2025-09-21 03:36:24,413 - src.utils - INFO - Batch 400/2917 - Loss: 0.0222 - Avg Loss: 0.0208
2025-09-21 03:36:52,767 - src.utils - INFO - Batch 500/2917 - Loss: 0.0015 - Avg Loss: 0.0198
2025-09-21 03:37:21,223 - src.utils - INFO - Batch 600/2917 - Loss: 0.0282 - Avg Loss: 0.0197
2025-09-21 03:37:49,606 - src.utils - INFO - Batch 700/2917 - Loss: 0.0156 - Avg Loss: 0.0194
2025-09-21 03:38:17,949 - src.utils - INFO - Batch 800/2917 - Loss: 0.0044 - Avg Loss: 0.0194
2025-09-21 03:38:46,426 - src.utils - INFO - Batch 900/2917 - Loss: 0.0137 - Avg Loss: 0.0192
2025-09-21 03:39:14,906 - src.utils - INFO - Batch 1000/2917 - Loss: 0.0724 - Avg Loss: 0.0193
2025-09-21 03:39:43,313 - src.utils - INFO - Batch 1100/2917 - Loss: 0.0010 - Avg Loss: 0.0191
2025-09-21 03:40:11,712 - src.utils - INFO - Batch 1200/2917 - Loss: 0.0311 - Avg Loss: 0.0192
2025-09-21 03:40:40,173 - src.utils - INFO - Batch 1300/2917 - Loss: 0.0096 - Avg Loss: 0.0191
2025-09-21 03:41:08,601 - src.utils - INFO - Batch 1400/2917 - Loss: 0.0019 - Avg Loss: 0.0190
2025-09-21 03:41:37,002 - src.utils - INFO - Batch 1500/2917 - Loss: 0.1240 - Avg Loss: 0.0189
2025-09-21 03:42:05,455 - src.utils - INFO - Batch 1600/2917 - Loss: 0.0351 - Avg Loss: 0.0189
2025-09-21 03:42:33,800 - src.utils - INFO - Batch 1700/2917 - Loss: 0.0020 - Avg Loss: 0.0186
2025-09-21 03:43:02,175 - src.utils - INFO - Batch 1800/2917 - Loss: 0.0034 - Avg Loss: 0.0188
2025-09-21 03:43:30,661 - src.utils - INFO - Batch 1900/2917 - Loss: 0.0007 - Avg Loss: 0.0186
2025-09-21 03:43:59,040 - src.utils - INFO - Batch 2000/2917 - Loss: 0.0227 - Avg Loss: 0.0185
2025-09-21 03:44:27,442 - src.utils - INFO - Batch 2100/2917 - Loss: 0.0078 - Avg Loss: 0.0187
2025-09-21 03:44:55,839 - src.utils - INFO - Batch 2200/2917 - Loss: 0.0011 - Avg Loss: 0.0186
2025-09-21 03:45:24,279 - src.utils - INFO - Batch 2300/2917 - Loss: 0.0079 - Avg Loss: 0.0185
2025-09-21 03:45:52,660 - src.utils - INFO - Batch 2400/2917 - Loss: 0.0019 - Avg Loss: 0.0183
2025-09-21 03:46:21,066 - src.utils - INFO - Batch 2500/2917 - Loss: 0.0027 - Avg Loss: 0.0184
2025-09-21 03:46:49,449 - src.utils - INFO - Batch 2600/2917 - Loss: 0.0453 - Avg Loss: 0.0182
2025-09-21 03:47:17,892 - src.utils - INFO - Batch 2700/2917 - Loss: 0.1025 - Avg Loss: 0.0181
2025-09-21 03:47:46,375 - src.utils - INFO - Batch 2800/2917 - Loss: 0.0007 - Avg Loss: 0.0180
2025-09-21 03:48:14,905 - src.utils - INFO - Batch 2900/2917 - Loss: 0.0065 - Avg Loss: 0.0179
2025-09-21 03:48:56,037 - src.utils - INFO - Epoch 3 Results:
2025-09-21 03:48:56,038 - src.utils - INFO -   Train Loss: 0.0179
2025-09-21 03:48:56,038 - src.utils - INFO -   Val Loss: 0.0720
2025-09-21 03:48:56,038 - src.utils - INFO -   Val Accuracy: 0.8709
2025-09-21 03:48:56,038 - src.utils - INFO -   Epoch Time: 14.42m
2025-09-21 03:48:56,040 - src.utils - INFO - New best model! Accuracy: 0.8709
2025-09-21 03:49:18,813 - src.utils - INFO - Best model saved at epoch 3 with accuracy 0.8709
2025-09-21 03:49:18,814 - src.utils - INFO - Model checkpoint saved for epoch 3
2025-09-21 03:49:18,814 - src.utils - INFO - 
==================================================
2025-09-21 03:49:18,814 - src.utils - INFO - Epoch 4/5
2025-09-21 03:49:18,814 - src.utils - INFO - ==================================================
2025-09-21 03:49:42,694 - src.utils - INFO - Batch 100/2917 - Loss: 0.0044 - Avg Loss: 0.0167
2025-09-21 03:50:06,444 - src.utils - INFO - Batch 200/2917 - Loss: 0.0002 - Avg Loss: 0.0162
2025-09-21 03:50:30,230 - src.utils - INFO - Batch 300/2917 - Loss: 0.0634 - Avg Loss: 0.0163
2025-09-21 03:50:54,045 - src.utils - INFO - Batch 400/2917 - Loss: 0.0006 - Avg Loss: 0.0159
2025-09-21 03:51:17,931 - src.utils - INFO - Batch 500/2917 - Loss: 0.0095 - Avg Loss: 0.0164
2025-09-21 03:51:41,864 - src.utils - INFO - Batch 600/2917 - Loss: 0.0067 - Avg Loss: 0.0161
2025-09-21 03:52:05,809 - src.utils - INFO - Batch 700/2917 - Loss: 0.0010 - Avg Loss: 0.0159
2025-09-21 03:52:29,762 - src.utils - INFO - Batch 800/2917 - Loss: 0.0018 - Avg Loss: 0.0153
2025-09-21 03:52:53,745 - src.utils - INFO - Batch 900/2917 - Loss: 0.0014 - Avg Loss: 0.0153
2025-09-21 03:53:17,788 - src.utils - INFO - Batch 1000/2917 - Loss: 0.0013 - Avg Loss: 0.0151
2025-09-21 03:53:41,716 - src.utils - INFO - Batch 1100/2917 - Loss: 0.0007 - Avg Loss: 0.0147
2025-09-21 03:54:06,008 - src.utils - INFO - Batch 1200/2917 - Loss: 0.0006 - Avg Loss: 0.0144
2025-09-21 03:54:29,993 - src.utils - INFO - Batch 1300/2917 - Loss: 0.0246 - Avg Loss: 0.0141
2025-09-21 03:54:54,052 - src.utils - INFO - Batch 1400/2917 - Loss: 0.0355 - Avg Loss: 0.0138
2025-09-21 03:55:18,079 - src.utils - INFO - Batch 1500/2917 - Loss: 0.0005 - Avg Loss: 0.0137
2025-09-21 03:55:42,174 - src.utils - INFO - Batch 1600/2917 - Loss: 0.0003 - Avg Loss: 0.0138
2025-09-21 03:56:06,220 - src.utils - INFO - Batch 1700/2917 - Loss: 0.0047 - Avg Loss: 0.0138
2025-09-21 03:56:30,278 - src.utils - INFO - Batch 1800/2917 - Loss: 0.0144 - Avg Loss: 0.0139
2025-09-21 03:56:54,387 - src.utils - INFO - Batch 1900/2917 - Loss: 0.0017 - Avg Loss: 0.0140
2025-09-21 03:57:18,421 - src.utils - INFO - Batch 2000/2917 - Loss: 0.0072 - Avg Loss: 0.0140
2025-09-21 03:57:42,456 - src.utils - INFO - Batch 2100/2917 - Loss: 0.0162 - Avg Loss: 0.0140
2025-09-21 03:58:06,516 - src.utils - INFO - Batch 2200/2917 - Loss: 0.0007 - Avg Loss: 0.0139
2025-09-21 03:58:30,597 - src.utils - INFO - Batch 2300/2917 - Loss: 0.0289 - Avg Loss: 0.0140
2025-09-21 03:58:54,704 - src.utils - INFO - Batch 2400/2917 - Loss: 0.0005 - Avg Loss: 0.0139
2025-09-21 03:59:18,708 - src.utils - INFO - Batch 2500/2917 - Loss: 0.0317 - Avg Loss: 0.0137
2025-09-21 03:59:42,631 - src.utils - INFO - Batch 2600/2917 - Loss: 0.0007 - Avg Loss: 0.0136
2025-09-21 04:00:06,736 - src.utils - INFO - Batch 2700/2917 - Loss: 0.0010 - Avg Loss: 0.0135
2025-09-21 04:00:30,864 - src.utils - INFO - Batch 2800/2917 - Loss: 0.0385 - Avg Loss: 0.0136
2025-09-21 04:00:54,871 - src.utils - INFO - Batch 2900/2917 - Loss: 0.0006 - Avg Loss: 0.0135
2025-09-21 04:01:29,118 - src.utils - INFO - Epoch 4 Results:
2025-09-21 04:01:29,118 - src.utils - INFO -   Train Loss: 0.0134
2025-09-21 04:01:29,118 - src.utils - INFO -   Val Loss: 0.0860
2025-09-21 04:01:29,118 - src.utils - INFO -   Val Accuracy: 0.8729
2025-09-21 04:01:29,118 - src.utils - INFO -   Epoch Time: 12.17m
2025-09-21 04:01:29,118 - src.utils - INFO - New best model! Accuracy: 0.8729
2025-09-21 04:01:39,007 - src.utils - INFO - Best model saved at epoch 4 with accuracy 0.8729
2025-09-21 04:01:39,007 - src.utils - INFO - Model checkpoint saved for epoch 4
2025-09-21 04:01:39,008 - src.utils - INFO - 
==================================================
2025-09-21 04:01:39,008 - src.utils - INFO - Epoch 5/5
2025-09-21 04:01:39,008 - src.utils - INFO - ==================================================
2025-09-21 04:02:03,176 - src.utils - INFO - Batch 100/2917 - Loss: 0.0004 - Avg Loss: 0.0100
2025-09-21 04:02:27,206 - src.utils - INFO - Batch 200/2917 - Loss: 0.0003 - Avg Loss: 0.0120
2025-09-21 04:02:51,325 - src.utils - INFO - Batch 300/2917 - Loss: 0.0003 - Avg Loss: 0.0118
2025-09-21 04:03:15,366 - src.utils - INFO - Batch 400/2917 - Loss: 0.0001 - Avg Loss: 0.0107
2025-09-21 04:03:39,427 - src.utils - INFO - Batch 500/2917 - Loss: 0.0004 - Avg Loss: 0.0106
2025-09-21 04:04:03,605 - src.utils - INFO - Batch 600/2917 - Loss: 0.0003 - Avg Loss: 0.0108
2025-09-21 04:04:27,616 - src.utils - INFO - Batch 700/2917 - Loss: 0.0001 - Avg Loss: 0.0104
2025-09-21 04:04:51,672 - src.utils - INFO - Batch 800/2917 - Loss: 0.0005 - Avg Loss: 0.0104
2025-09-21 04:05:15,744 - src.utils - INFO - Batch 900/2917 - Loss: 0.0001 - Avg Loss: 0.0101
2025-09-21 04:05:39,805 - src.utils - INFO - Batch 1000/2917 - Loss: 0.0002 - Avg Loss: 0.0102
2025-09-21 04:06:03,929 - src.utils - INFO - Batch 1100/2917 - Loss: 0.0003 - Avg Loss: 0.0104
2025-09-21 04:06:28,000 - src.utils - INFO - Batch 1200/2917 - Loss: 0.0006 - Avg Loss: 0.0104
2025-09-21 04:06:52,088 - src.utils - INFO - Batch 1300/2917 - Loss: 0.0005 - Avg Loss: 0.0102
2025-09-21 04:07:16,154 - src.utils - INFO - Batch 1400/2917 - Loss: 0.0004 - Avg Loss: 0.0100
2025-09-21 04:07:40,274 - src.utils - INFO - Batch 1500/2917 - Loss: 0.0001 - Avg Loss: 0.0098
2025-09-21 04:08:04,505 - src.utils - INFO - Batch 1600/2917 - Loss: 0.0029 - Avg Loss: 0.0099
2025-09-21 04:08:28,567 - src.utils - INFO - Batch 1700/2917 - Loss: 0.0082 - Avg Loss: 0.0097
2025-09-21 04:08:52,626 - src.utils - INFO - Batch 1800/2917 - Loss: 0.0670 - Avg Loss: 0.0099
2025-09-21 04:09:23,464 - src.utils - INFO - Batch 1900/2917 - Loss: 0.0002 - Avg Loss: 0.0099
2025-09-21 04:09:47,482 - src.utils - INFO - Batch 2000/2917 - Loss: 0.0004 - Avg Loss: 0.0098
2025-09-21 04:10:11,547 - src.utils - INFO - Batch 2100/2917 - Loss: 0.0026 - Avg Loss: 0.0098
2025-09-21 04:10:35,592 - src.utils - INFO - Batch 2200/2917 - Loss: 0.0002 - Avg Loss: 0.0098
2025-09-21 04:10:59,636 - src.utils - INFO - Batch 2300/2917 - Loss: 0.0002 - Avg Loss: 0.0097
2025-09-21 04:11:23,699 - src.utils - INFO - Batch 2400/2917 - Loss: 0.0011 - Avg Loss: 0.0098
2025-09-21 04:11:47,768 - src.utils - INFO - Batch 2500/2917 - Loss: 0.0004 - Avg Loss: 0.0098
2025-09-21 04:12:11,811 - src.utils - INFO - Batch 2600/2917 - Loss: 0.0024 - Avg Loss: 0.0095
2025-09-21 04:12:35,905 - src.utils - INFO - Batch 2700/2917 - Loss: 0.0001 - Avg Loss: 0.0095
2025-09-21 04:12:59,967 - src.utils - INFO - Batch 2800/2917 - Loss: 0.0083 - Avg Loss: 0.0095
2025-09-21 04:13:24,028 - src.utils - INFO - Batch 2900/2917 - Loss: 0.0008 - Avg Loss: 0.0096
2025-09-21 04:13:58,056 - src.utils - INFO - Epoch 5 Results:
2025-09-21 04:13:58,056 - src.utils - INFO -   Train Loss: 0.0097
2025-09-21 04:13:58,056 - src.utils - INFO -   Val Loss: 0.0990
2025-09-21 04:13:58,056 - src.utils - INFO -   Val Accuracy: 0.8753
2025-09-21 04:13:58,056 - src.utils - INFO -   Epoch Time: 12.32m
2025-09-21 04:13:58,056 - src.utils - INFO - New best model! Accuracy: 0.8753
2025-09-21 04:13:59,092 - src.utils - ERROR - Training failed: [enforce fail at inline_container.cc:603] . unexpected pos 502641216 vs 502641108
2025-09-21 04:15:27,409 - src.utils - INFO - Starting evaluation process...
2025-09-21 04:15:27,409 - src.utils - INFO - Loading dataset...
2025-09-21 04:15:28,367 - src.utils - INFO - Tokenizer loaded: UBC-NLP/MARBERT
2025-09-21 04:15:28,367 - src.utils - INFO - Loading cleaned dataset from CSV file...
2025-09-21 04:15:29,160 - src.utils - INFO - Successfully loaded 50000 samples from CSV
2025-09-21 04:15:29,160 - src.utils - INFO - Data split - Train: 35000, Val: 7500, Test: 7500
2025-09-21 04:15:29,160 - src.utils - INFO - After split - Train: 35000, Val: 7500, Test: 7500
2025-09-21 04:15:29,163 - src.utils - INFO - Train label distribution: {0: 23411, 1: 11589}
2025-09-21 04:15:29,163 - src.utils - INFO - Validation label distribution: {0: 5026, 1: 2474}
2025-09-21 04:15:29,163 - src.utils - INFO - Test label distribution: {0: 5026, 1: 2474}
2025-09-21 04:15:29,163 - src.utils - INFO - Dataset initialized with 35000 samples
2025-09-21 04:15:29,163 - src.utils - INFO - Dataset initialized with 7500 samples
2025-09-21 04:15:29,163 - src.utils - INFO - Dataset initialized with 7500 samples
2025-09-21 04:15:29,713 - src.utils - INFO - Created WeightedRandomSampler with class weights: [4.27149631e-05 8.62887221e-05]
2025-09-21 04:15:29,714 - src.utils - INFO - Class distribution: [23411 11589]
2025-09-21 04:15:29,714 - src.utils - INFO - Using WeightedRandomSampler for training
2025-09-21 04:15:29,715 - src.utils - INFO - DataLoaders created - Batch size: 12
2025-09-21 04:15:29,715 - src.utils - INFO - Evaluator initialized on device: cuda
2025-09-21 04:15:29,715 - src.utils - INFO - Starting model evaluation...
2025-09-21 04:15:32,076 - src.utils - INFO - Model initialized with 162842882 parameters
2025-09-21 04:15:32,077 - src.utils - INFO - Trainable parameters: 162842882
2025-09-21 04:15:32,077 - src.utils - INFO - Loss function: focal
2025-09-21 04:15:32,336 - src.utils - INFO - Model created and moved to cuda
2025-09-21 04:15:33,638 - src.utils - INFO - Model loaded from C:\deep learning\Balanced data\models\best_marbert_model.pt
2025-09-21 04:15:33,638 - src.utils - INFO - Epoch: 4, Loss: 0.0860, Accuracy: 0.8729
2025-09-21 04:15:33,639 - src.utils - INFO - Best model loaded successfully
2025-09-21 04:15:33,640 - src.utils - INFO - Starting evaluation...
2025-09-21 04:15:33,640 - src.utils - INFO - Using threshold: 0.65
2025-09-21 04:16:53,007 - src.utils - INFO - 
==================================================
2025-09-21 04:16:53,008 - src.utils - INFO - EVALUATION RESULTS
2025-09-21 04:16:53,008 - src.utils - INFO - ==================================================
2025-09-21 04:16:53,008 - src.utils - INFO - Test Loss: 0.0937
2025-09-21 04:16:53,008 - src.utils - INFO - Accuracy: 0.8673
2025-09-21 04:25:59,247 - src.utils - INFO - Starting evaluation process...
2025-09-21 04:25:59,247 - src.utils - INFO - Loading dataset...
2025-09-21 04:25:59,850 - src.utils - INFO - Tokenizer loaded: UBC-NLP/MARBERT
2025-09-21 04:25:59,850 - src.utils - INFO - Loading cleaned dataset from CSV file...
2025-09-21 04:26:00,605 - src.utils - INFO - Successfully loaded 50000 samples from CSV
2025-09-21 04:26:00,605 - src.utils - INFO - Data split - Train: 35000, Val: 7500, Test: 7500
2025-09-21 04:26:00,606 - src.utils - INFO - After split - Train: 35000, Val: 7500, Test: 7500
2025-09-21 04:26:00,608 - src.utils - INFO - Train label distribution: {0: 23411, 1: 11589}
2025-09-21 04:26:00,608 - src.utils - INFO - Validation label distribution: {0: 5026, 1: 2474}
2025-09-21 04:26:00,608 - src.utils - INFO - Test label distribution: {0: 5026, 1: 2474}
2025-09-21 04:26:00,608 - src.utils - INFO - Dataset initialized with 35000 samples
2025-09-21 04:26:00,608 - src.utils - INFO - Dataset initialized with 7500 samples
2025-09-21 04:26:00,608 - src.utils - INFO - Dataset initialized with 7500 samples
2025-09-21 04:26:01,147 - src.utils - INFO - Created WeightedRandomSampler with class weights: [4.27149631e-05 8.62887221e-05]
2025-09-21 04:26:01,147 - src.utils - INFO - Class distribution: [23411 11589]
2025-09-21 04:26:01,148 - src.utils - INFO - Using WeightedRandomSampler for training
2025-09-21 04:26:01,149 - src.utils - INFO - DataLoaders created - Batch size: 12
2025-09-21 04:26:01,149 - src.utils - INFO - Evaluator initialized on device: cuda
2025-09-21 04:26:01,149 - src.utils - INFO - Starting model evaluation...
2025-09-21 04:26:02,704 - src.utils - INFO - Model initialized with 162842882 parameters
2025-09-21 04:26:02,705 - src.utils - INFO - Trainable parameters: 162842882
2025-09-21 04:26:02,705 - src.utils - INFO - Loss function: focal
2025-09-21 04:26:02,947 - src.utils - INFO - Model created and moved to cuda
2025-09-21 04:26:03,899 - src.utils - INFO - Model loaded from C:\deep learning\Balanced data\models\best_marbert_model.pt
2025-09-21 04:26:03,899 - src.utils - INFO - Epoch: 4, Loss: 0.0860, Accuracy: 0.8729
2025-09-21 04:26:03,900 - src.utils - INFO - Best model loaded successfully
2025-09-21 04:26:03,901 - src.utils - INFO - Starting evaluation...
2025-09-21 04:26:03,901 - src.utils - INFO - Using threshold: 0.65
2025-09-21 04:27:22,044 - src.utils - INFO - 
==================================================
2025-09-21 04:27:22,044 - src.utils - INFO - EVALUATION RESULTS
2025-09-21 04:27:22,045 - src.utils - INFO - ==================================================
2025-09-21 04:27:22,045 - src.utils - INFO - Test Loss: 0.0937
2025-09-21 04:27:22,045 - src.utils - INFO - Accuracy: 0.8673
2025-09-21 04:27:22,045 - src.utils - INFO - Precision: 0.8673
2025-09-21 04:27:22,045 - src.utils - INFO - Recall: 0.8673
2025-09-21 04:27:22,045 - src.utils - INFO - F1-Score: 0.8673
2025-09-21 04:27:22,045 - src.utils - INFO - Threshold: 0.6500
2025-09-21 04:27:22,046 - src.utils - INFO - ==================================================
2025-09-21 04:27:22,047 - src.utils - INFO - 
Detailed Classification Report:
2025-09-21 04:27:22,047 - src.utils - INFO - --------------------------------------------------
2025-09-21 04:27:22,628 - src.utils - INFO - Confusion matrix saved to: C:\deep learning\Balanced data\results/confusion_matrix.png
2025-09-21 04:27:22,669 - src.utils - ERROR - Evaluation failed: Object of type int32 is not JSON serializable
2025-09-21 04:55:43,274 - src.utils - INFO - Starting training process...
2025-09-21 04:55:44,376 - src.utils - INFO - Loading dataset...
2025-09-21 04:55:44,990 - src.utils - INFO - Tokenizer loaded: UBC-NLP/MARBERT
2025-09-21 04:55:44,991 - src.utils - INFO - Loading cleaned dataset from CSV file...
2025-09-21 04:55:45,781 - src.utils - INFO - Successfully loaded 50000 samples from CSV
2025-09-21 04:55:45,781 - src.utils - INFO - Data split - Train: 35000, Val: 7500, Test: 7500
2025-09-21 04:55:45,782 - src.utils - INFO - After split - Train: 35000, Val: 7500, Test: 7500
2025-09-21 04:55:45,784 - src.utils - INFO - Train label distribution: {0: 23411, 1: 11589}
2025-09-21 04:55:45,784 - src.utils - INFO - Validation label distribution: {0: 5026, 1: 2474}
2025-09-21 04:55:45,784 - src.utils - INFO - Test label distribution: {0: 5026, 1: 2474}
2025-09-21 04:55:45,784 - src.utils - INFO - Dataset initialized with 35000 samples
2025-09-21 04:55:45,784 - src.utils - INFO - Dataset initialized with 7500 samples
2025-09-21 04:55:45,784 - src.utils - INFO - Dataset initialized with 7500 samples
2025-09-21 04:55:46,304 - src.utils - INFO - Created WeightedRandomSampler with class weights: [4.27149631e-05 8.62887221e-05]
2025-09-21 04:55:46,304 - src.utils - INFO - Class distribution: [23411 11589]
2025-09-21 04:55:46,305 - src.utils - INFO - Using WeightedRandomSampler for training
2025-09-21 04:55:46,305 - src.utils - INFO - DataLoaders created - Batch size: 12
2025-09-21 04:55:46,305 - src.utils - INFO - ==================================================
2025-09-21 04:55:46,305 - src.utils - INFO - DATASET INFORMATION
2025-09-21 04:55:46,305 - src.utils - INFO - ==================================================
2025-09-21 04:55:46,305 - src.utils - INFO - Training samples: 35000
2025-09-21 04:55:46,305 - src.utils - INFO - Validation samples: 7500
2025-09-21 04:55:46,305 - src.utils - INFO - Test samples: 7500
2025-09-21 04:55:46,307 - src.utils - INFO - Total samples: 50000
2025-09-21 04:55:46,307 - src.utils - INFO - Max sequence length: 128
2025-09-21 04:55:46,307 - src.utils - INFO - Batch size: 12
2025-09-21 04:55:46,307 - src.utils - INFO - ==================================================
2025-09-21 04:55:46,311 - src.utils - INFO - Mixed precision training enabled
2025-09-21 04:55:46,311 - src.utils - INFO - Trainer initialized on device: cuda
2025-09-21 04:55:46,311 - src.utils - INFO - Starting model training...
2025-09-21 04:55:47,835 - src.utils - INFO - Model initialized with 162842882 parameters
2025-09-21 04:55:47,836 - src.utils - INFO - Trainable parameters: 162842882
2025-09-21 04:55:47,836 - src.utils - INFO - Loss function: focal
2025-09-21 04:55:48,074 - src.utils - INFO - Model created and moved to cuda
2025-09-21 04:55:49,212 - src.utils - INFO - Model parameters: 162842882
2025-09-21 04:55:49,213 - src.utils - INFO - Optimizer: AdamW (lr=1e-05)
2025-09-21 04:55:49,213 - src.utils - INFO - Scheduler: Linear with warmup (80 steps)
2025-09-21 04:55:49,213 - src.utils - INFO - Starting training...
2025-09-21 04:55:49,213 - src.utils - INFO - Epochs: 5
2025-09-21 04:55:49,213 - src.utils - INFO - Batch size: 12
2025-09-21 04:55:49,213 - src.utils - INFO - Learning rate: 1e-05
2025-09-21 04:55:49,213 - src.utils - INFO - 
==================================================
2025-09-21 04:55:49,213 - src.utils - INFO - Epoch 1/5
2025-09-21 04:55:49,213 - src.utils - INFO - ==================================================
2025-09-21 04:56:13,152 - src.utils - INFO - Batch 100/2917 - Loss: 0.0487 - Avg Loss: 0.0724
2025-09-21 04:56:36,665 - src.utils - INFO - Batch 200/2917 - Loss: 0.0459 - Avg Loss: 0.0681
2025-09-21 04:57:00,158 - src.utils - INFO - Batch 300/2917 - Loss: 0.0492 - Avg Loss: 0.0647
2025-09-21 04:57:23,812 - src.utils - INFO - Batch 400/2917 - Loss: 0.0666 - Avg Loss: 0.0629
2025-09-21 04:57:47,538 - src.utils - INFO - Batch 500/2917 - Loss: 0.0352 - Avg Loss: 0.0606
2025-09-21 04:58:11,323 - src.utils - INFO - Batch 600/2917 - Loss: 0.0163 - Avg Loss: 0.0587
2025-09-21 04:58:35,209 - src.utils - INFO - Batch 700/2917 - Loss: 0.0405 - Avg Loss: 0.0573
2025-09-21 04:58:59,093 - src.utils - INFO - Batch 800/2917 - Loss: 0.0924 - Avg Loss: 0.0561
2025-09-21 04:59:22,951 - src.utils - INFO - Batch 900/2917 - Loss: 0.0303 - Avg Loss: 0.0552
2025-09-21 04:59:46,849 - src.utils - INFO - Batch 1000/2917 - Loss: 0.0867 - Avg Loss: 0.0544
2025-09-21 05:00:10,744 - src.utils - INFO - Batch 1100/2917 - Loss: 0.0429 - Avg Loss: 0.0536
2025-09-21 05:00:34,651 - src.utils - INFO - Batch 1200/2917 - Loss: 0.0376 - Avg Loss: 0.0527
2025-09-21 05:02:44,110 - src.utils - INFO - Batch 1300/2917 - Loss: 0.0559 - Avg Loss: 0.0519
2025-09-21 05:03:07,668 - src.utils - INFO - Batch 1400/2917 - Loss: 0.0383 - Avg Loss: 0.0514
2025-09-21 05:03:31,268 - src.utils - INFO - Batch 1500/2917 - Loss: 0.0398 - Avg Loss: 0.0510
2025-09-21 05:03:54,973 - src.utils - INFO - Batch 1600/2917 - Loss: 0.0507 - Avg Loss: 0.0502
2025-09-21 05:04:18,749 - src.utils - INFO - Batch 1700/2917 - Loss: 0.0406 - Avg Loss: 0.0494
2025-09-21 05:04:42,598 - src.utils - INFO - Batch 1800/2917 - Loss: 0.0482 - Avg Loss: 0.0489
2025-09-21 05:05:06,475 - src.utils - INFO - Batch 1900/2917 - Loss: 0.0765 - Avg Loss: 0.0483
2025-09-21 05:05:30,367 - src.utils - INFO - Batch 2000/2917 - Loss: 0.0447 - Avg Loss: 0.0477
2025-09-21 05:05:54,267 - src.utils - INFO - Batch 2100/2917 - Loss: 0.0687 - Avg Loss: 0.0471
2025-09-21 05:06:18,211 - src.utils - INFO - Batch 2200/2917 - Loss: 0.0044 - Avg Loss: 0.0466
2025-09-21 05:06:42,182 - src.utils - INFO - Batch 2300/2917 - Loss: 0.0089 - Avg Loss: 0.0461
2025-09-21 05:07:06,205 - src.utils - INFO - Batch 2400/2917 - Loss: 0.0070 - Avg Loss: 0.0457
2025-09-21 05:07:30,149 - src.utils - INFO - Batch 2500/2917 - Loss: 0.0746 - Avg Loss: 0.0451
2025-09-21 05:10:53,024 - src.utils - INFO - Batch 2600/2917 - Loss: 0.0116 - Avg Loss: 0.0447
2025-09-21 05:11:16,503 - src.utils - INFO - Batch 2700/2917 - Loss: 0.0536 - Avg Loss: 0.0444
2025-09-21 05:11:40,123 - src.utils - INFO - Batch 2800/2917 - Loss: 0.0680 - Avg Loss: 0.0441
2025-09-21 05:12:03,809 - src.utils - INFO - Batch 2900/2917 - Loss: 0.0173 - Avg Loss: 0.0436
2025-09-21 05:12:37,220 - src.utils - INFO - Epoch 1 Results:
2025-09-21 05:12:37,220 - src.utils - INFO -   Train Loss: 0.0435
2025-09-21 05:12:37,220 - src.utils - INFO -   Val Loss: 0.0538
2025-09-21 05:12:37,221 - src.utils - INFO -   Val Accuracy: 0.8580
2025-09-21 05:12:37,221 - src.utils - INFO -   Epoch Time: 16.80m
2025-09-21 05:12:37,221 - src.utils - INFO - New best model! Accuracy: 0.8580
2025-09-21 05:13:20,037 - src.utils - INFO - Best model saved at epoch 1 with accuracy 0.8580
2025-09-21 05:13:20,037 - src.utils - INFO - Model checkpoint saved for epoch 1
2025-09-21 05:13:20,037 - src.utils - INFO - 
==================================================
2025-09-21 05:13:20,038 - src.utils - INFO - Epoch 2/5
2025-09-21 05:13:20,038 - src.utils - INFO - ==================================================
2025-09-21 05:13:43,843 - src.utils - INFO - Batch 100/2917 - Loss: 0.0059 - Avg Loss: 0.0343
2025-09-21 05:14:07,498 - src.utils - INFO - Batch 200/2917 - Loss: 0.0295 - Avg Loss: 0.0332
2025-09-21 05:14:31,270 - src.utils - INFO - Batch 300/2917 - Loss: 0.0068 - Avg Loss: 0.0323
2025-09-21 05:14:55,137 - src.utils - INFO - Batch 400/2917 - Loss: 0.0045 - Avg Loss: 0.0315
2025-09-21 05:15:19,002 - src.utils - INFO - Batch 500/2917 - Loss: 0.0427 - Avg Loss: 0.0315
2025-09-21 05:15:42,926 - src.utils - INFO - Batch 600/2917 - Loss: 0.0122 - Avg Loss: 0.0314
2025-09-21 13:24:13,549 - src.utils - INFO - Batch 700/2917 - Loss: 0.0431 - Avg Loss: 0.0310
2025-09-21 13:24:37,155 - src.utils - INFO - Batch 800/2917 - Loss: 0.0045 - Avg Loss: 0.0310
2025-09-21 13:25:00,840 - src.utils - INFO - Batch 900/2917 - Loss: 0.0021 - Avg Loss: 0.0308
2025-09-21 13:25:24,540 - src.utils - INFO - Batch 1000/2917 - Loss: 0.0057 - Avg Loss: 0.0308
2025-09-21 13:25:48,105 - src.utils - INFO - Batch 1100/2917 - Loss: 0.0461 - Avg Loss: 0.0304
2025-09-21 13:26:11,700 - src.utils - INFO - Batch 1200/2917 - Loss: 0.0025 - Avg Loss: 0.0303
2025-09-21 13:26:35,349 - src.utils - INFO - Batch 1300/2917 - Loss: 0.0466 - Avg Loss: 0.0300
2025-09-21 13:26:59,021 - src.utils - INFO - Batch 1400/2917 - Loss: 0.1139 - Avg Loss: 0.0296
2025-09-21 13:27:22,743 - src.utils - INFO - Batch 1500/2917 - Loss: 0.0144 - Avg Loss: 0.0295
2025-09-21 13:27:46,464 - src.utils - INFO - Batch 1600/2917 - Loss: 0.0423 - Avg Loss: 0.0295
2025-09-21 13:28:10,286 - src.utils - INFO - Batch 1700/2917 - Loss: 0.0027 - Avg Loss: 0.0292
2025-09-21 13:28:34,120 - src.utils - INFO - Batch 1800/2917 - Loss: 0.0145 - Avg Loss: 0.0290
2025-09-21 13:28:58,026 - src.utils - INFO - Batch 1900/2917 - Loss: 0.0256 - Avg Loss: 0.0289
2025-09-21 13:29:51,934 - src.utils - INFO - Batch 2000/2917 - Loss: 0.0065 - Avg Loss: 0.0288
2025-09-21 13:30:15,435 - src.utils - INFO - Batch 2100/2917 - Loss: 0.0127 - Avg Loss: 0.0285
2025-09-21 13:30:39,083 - src.utils - INFO - Batch 2200/2917 - Loss: 0.0253 - Avg Loss: 0.0285
2025-09-21 13:31:02,830 - src.utils - INFO - Batch 2300/2917 - Loss: 0.0016 - Avg Loss: 0.0284
2025-09-21 13:31:26,625 - src.utils - INFO - Batch 2400/2917 - Loss: 0.0015 - Avg Loss: 0.0284
2025-09-21 13:31:50,471 - src.utils - INFO - Batch 2500/2917 - Loss: 0.0063 - Avg Loss: 0.0283
2025-09-21 13:32:14,305 - src.utils - INFO - Batch 2600/2917 - Loss: 0.0088 - Avg Loss: 0.0282
2025-09-21 13:32:38,186 - src.utils - INFO - Batch 2700/2917 - Loss: 0.0339 - Avg Loss: 0.0282
2025-09-21 13:33:02,102 - src.utils - INFO - Batch 2800/2917 - Loss: 0.0382 - Avg Loss: 0.0281
2025-09-21 13:33:25,996 - src.utils - INFO - Batch 2900/2917 - Loss: 0.0255 - Avg Loss: 0.0279
2025-09-21 13:33:59,751 - src.utils - INFO - Epoch 2 Results:
2025-09-21 13:33:59,751 - src.utils - INFO -   Train Loss: 0.0279
2025-09-21 13:33:59,751 - src.utils - INFO -   Val Loss: 0.0481
2025-09-21 13:33:59,751 - src.utils - INFO -   Val Accuracy: 0.8669
2025-09-21 13:33:59,751 - src.utils - INFO -   Epoch Time: 8.34h
2025-09-21 13:33:59,751 - src.utils - INFO - New best model! Accuracy: 0.8669
2025-09-21 13:34:17,895 - src.utils - INFO - Best model saved at epoch 2 with accuracy 0.8669
2025-09-21 13:34:17,896 - src.utils - INFO - Model checkpoint saved for epoch 2
2025-09-21 13:34:17,896 - src.utils - INFO - 
==================================================
2025-09-21 13:34:17,896 - src.utils - INFO - Epoch 3/5
2025-09-21 13:34:17,896 - src.utils - INFO - ==================================================
2025-09-21 13:34:41,801 - src.utils - INFO - Batch 100/2917 - Loss: 0.0099 - Avg Loss: 0.0220
2025-09-21 13:35:05,649 - src.utils - INFO - Batch 200/2917 - Loss: 0.0124 - Avg Loss: 0.0256
2025-09-21 13:37:11,569 - src.utils - INFO - Batch 300/2917 - Loss: 0.0053 - Avg Loss: 0.0246
2025-09-21 13:37:35,141 - src.utils - INFO - Batch 400/2917 - Loss: 0.0255 - Avg Loss: 0.0244
2025-09-21 13:37:58,821 - src.utils - INFO - Batch 500/2917 - Loss: 0.0055 - Avg Loss: 0.0233
2025-09-21 13:38:22,604 - src.utils - INFO - Batch 600/2917 - Loss: 0.0289 - Avg Loss: 0.0233
2025-09-21 13:38:46,459 - src.utils - INFO - Batch 700/2917 - Loss: 0.0169 - Avg Loss: 0.0231
2025-09-21 13:39:10,242 - src.utils - INFO - Batch 800/2917 - Loss: 0.0036 - Avg Loss: 0.0230
2025-09-21 13:39:34,179 - src.utils - INFO - Batch 900/2917 - Loss: 0.0137 - Avg Loss: 0.0228
2025-09-21 13:39:58,055 - src.utils - INFO - Batch 1000/2917 - Loss: 0.0995 - Avg Loss: 0.0229
2025-09-21 13:40:22,196 - src.utils - INFO - Batch 1100/2917 - Loss: 0.0023 - Avg Loss: 0.0227
2025-09-21 13:40:46,151 - src.utils - INFO - Batch 1200/2917 - Loss: 0.0540 - Avg Loss: 0.0229
2025-09-21 13:41:10,093 - src.utils - INFO - Batch 1300/2917 - Loss: 0.0075 - Avg Loss: 0.0227
2025-09-21 13:41:33,996 - src.utils - INFO - Batch 1400/2917 - Loss: 0.0017 - Avg Loss: 0.0224
2025-09-21 13:41:57,905 - src.utils - INFO - Batch 1500/2917 - Loss: 0.0926 - Avg Loss: 0.0223
2025-09-21 13:42:22,093 - src.utils - INFO - Batch 1600/2917 - Loss: 0.0408 - Avg Loss: 0.0223
2025-09-21 13:42:45,898 - src.utils - INFO - Batch 1700/2917 - Loss: 0.0034 - Avg Loss: 0.0220
2025-09-21 13:43:09,809 - src.utils - INFO - Batch 1800/2917 - Loss: 0.0034 - Avg Loss: 0.0221
2025-09-21 13:43:33,731 - src.utils - INFO - Batch 1900/2917 - Loss: 0.0008 - Avg Loss: 0.0218
2025-09-21 13:43:57,713 - src.utils - INFO - Batch 2000/2917 - Loss: 0.0242 - Avg Loss: 0.0217
2025-09-21 13:44:21,673 - src.utils - INFO - Batch 2100/2917 - Loss: 0.0091 - Avg Loss: 0.0218
2025-09-21 13:44:45,648 - src.utils - INFO - Batch 2200/2917 - Loss: 0.0020 - Avg Loss: 0.0217
2025-09-21 13:45:09,586 - src.utils - INFO - Batch 2300/2917 - Loss: 0.0073 - Avg Loss: 0.0216
2025-09-21 13:45:33,567 - src.utils - INFO - Batch 2400/2917 - Loss: 0.0014 - Avg Loss: 0.0213
2025-09-21 13:45:57,516 - src.utils - INFO - Batch 2500/2917 - Loss: 0.0029 - Avg Loss: 0.0214
2025-09-21 13:46:21,484 - src.utils - INFO - Batch 2600/2917 - Loss: 0.0491 - Avg Loss: 0.0213
2025-09-21 13:46:45,456 - src.utils - INFO - Batch 2700/2917 - Loss: 0.1285 - Avg Loss: 0.0212
2025-09-21 13:47:09,443 - src.utils - INFO - Batch 2800/2917 - Loss: 0.0012 - Avg Loss: 0.0211
2025-09-21 13:47:33,448 - src.utils - INFO - Batch 2900/2917 - Loss: 0.0059 - Avg Loss: 0.0210
2025-09-21 13:48:07,276 - src.utils - INFO - Epoch 3 Results:
2025-09-21 13:48:07,276 - src.utils - INFO -   Train Loss: 0.0210
2025-09-21 13:48:07,276 - src.utils - INFO -   Val Loss: 0.0815
2025-09-21 13:48:07,276 - src.utils - INFO -   Val Accuracy: 0.8703
2025-09-21 13:48:07,276 - src.utils - INFO -   Epoch Time: 13.82m
2025-09-21 13:48:07,276 - src.utils - INFO - New best model! Accuracy: 0.8703
2025-09-21 13:48:18,602 - src.utils - INFO - Best model saved at epoch 3 with accuracy 0.8703
2025-09-21 13:48:18,602 - src.utils - INFO - Model checkpoint saved for epoch 3
2025-09-21 13:48:18,603 - src.utils - INFO - 
==================================================
2025-09-21 13:48:18,603 - src.utils - INFO - Epoch 4/5
2025-09-21 13:48:18,603 - src.utils - INFO - ==================================================
2025-09-21 13:48:42,569 - src.utils - INFO - Batch 100/2917 - Loss: 0.0014 - Avg Loss: 0.0198
2025-09-21 13:49:06,481 - src.utils - INFO - Batch 200/2917 - Loss: 0.0002 - Avg Loss: 0.0198
2025-09-21 13:49:30,398 - src.utils - INFO - Batch 300/2917 - Loss: 0.0547 - Avg Loss: 0.0196
2025-09-21 13:49:54,373 - src.utils - INFO - Batch 400/2917 - Loss: 0.0004 - Avg Loss: 0.0187
2025-09-21 13:50:18,476 - src.utils - INFO - Batch 500/2917 - Loss: 0.0168 - Avg Loss: 0.0193
2025-09-21 13:50:42,422 - src.utils - INFO - Batch 600/2917 - Loss: 0.0209 - Avg Loss: 0.0191
2025-09-21 13:51:06,438 - src.utils - INFO - Batch 700/2917 - Loss: 0.0020 - Avg Loss: 0.0192
2025-09-21 13:54:14,412 - src.utils - INFO - Batch 800/2917 - Loss: 0.0023 - Avg Loss: 0.0186
2025-09-21 13:54:37,933 - src.utils - INFO - Batch 900/2917 - Loss: 0.0020 - Avg Loss: 0.0183
2025-09-21 13:55:01,558 - src.utils - INFO - Batch 1000/2917 - Loss: 0.0012 - Avg Loss: 0.0180
2025-09-21 13:55:25,282 - src.utils - INFO - Batch 1100/2917 - Loss: 0.0006 - Avg Loss: 0.0175
2025-09-21 13:55:49,075 - src.utils - INFO - Batch 1200/2917 - Loss: 0.0009 - Avg Loss: 0.0172
2025-09-21 13:56:12,965 - src.utils - INFO - Batch 1300/2917 - Loss: 0.0189 - Avg Loss: 0.0170
2025-09-21 13:56:36,805 - src.utils - INFO - Batch 1400/2917 - Loss: 0.0373 - Avg Loss: 0.0168
2025-09-21 13:57:00,652 - src.utils - INFO - Batch 1500/2917 - Loss: 0.0009 - Avg Loss: 0.0166
2025-09-21 13:57:24,522 - src.utils - INFO - Batch 1600/2917 - Loss: 0.0005 - Avg Loss: 0.0168
2025-09-21 13:57:48,461 - src.utils - INFO - Batch 1700/2917 - Loss: 0.0036 - Avg Loss: 0.0168
2025-09-21 13:58:12,367 - src.utils - INFO - Batch 1800/2917 - Loss: 0.0137 - Avg Loss: 0.0169
2025-09-21 13:58:36,294 - src.utils - INFO - Batch 1900/2917 - Loss: 0.0010 - Avg Loss: 0.0170
2025-09-21 13:59:00,258 - src.utils - INFO - Batch 2000/2917 - Loss: 0.0013 - Avg Loss: 0.0169
2025-09-21 13:59:45,685 - src.utils - INFO - Batch 2100/2917 - Loss: 0.0230 - Avg Loss: 0.0168
2025-09-21 14:00:09,606 - src.utils - INFO - Batch 2200/2917 - Loss: 0.0011 - Avg Loss: 0.0168
2025-09-21 14:00:33,454 - src.utils - INFO - Batch 2300/2917 - Loss: 0.0180 - Avg Loss: 0.0168
2025-09-21 14:00:57,522 - src.utils - INFO - Batch 2400/2917 - Loss: 0.0007 - Avg Loss: 0.0167
2025-09-21 14:01:21,468 - src.utils - INFO - Batch 2500/2917 - Loss: 0.0451 - Avg Loss: 0.0166
2025-09-21 14:01:45,412 - src.utils - INFO - Batch 2600/2917 - Loss: 0.0007 - Avg Loss: 0.0165
2025-09-21 14:02:09,463 - src.utils - INFO - Batch 2700/2917 - Loss: 0.0007 - Avg Loss: 0.0163
2025-09-21 14:02:33,477 - src.utils - INFO - Batch 2800/2917 - Loss: 0.0659 - Avg Loss: 0.0164
2025-09-21 14:02:57,487 - src.utils - INFO - Batch 2900/2917 - Loss: 0.0022 - Avg Loss: 0.0163
2025-09-21 14:03:32,002 - src.utils - INFO - Epoch 4 Results:
2025-09-21 14:03:32,002 - src.utils - INFO -   Train Loss: 0.0162
2025-09-21 14:03:32,002 - src.utils - INFO -   Val Loss: 0.1028
2025-09-21 14:03:32,003 - src.utils - INFO -   Val Accuracy: 0.8693
2025-09-21 14:03:32,003 - src.utils - INFO -   Epoch Time: 15.22m
2025-09-21 14:03:34,734 - src.utils - INFO - Model checkpoint saved for epoch 4
2025-09-21 14:03:34,734 - src.utils - INFO - 
==================================================
2025-09-21 14:03:34,734 - src.utils - INFO - Epoch 5/5
2025-09-21 14:03:34,734 - src.utils - INFO - ==================================================
2025-09-21 14:03:58,910 - src.utils - INFO - Batch 100/2917 - Loss: 0.0004 - Avg Loss: 0.0130
2025-09-21 14:04:22,976 - src.utils - INFO - Batch 200/2917 - Loss: 0.0006 - Avg Loss: 0.0151
2025-09-21 14:05:31,676 - src.utils - INFO - Batch 300/2917 - Loss: 0.0013 - Avg Loss: 0.0138
2025-09-21 14:05:55,284 - src.utils - INFO - Batch 400/2917 - Loss: 0.0002 - Avg Loss: 0.0142
2025-09-21 14:06:19,024 - src.utils - INFO - Batch 500/2917 - Loss: 0.0004 - Avg Loss: 0.0138
2025-09-21 14:06:42,827 - src.utils - INFO - Batch 600/2917 - Loss: 0.0022 - Avg Loss: 0.0145
2025-09-21 14:07:06,656 - src.utils - INFO - Batch 700/2917 - Loss: 0.0002 - Avg Loss: 0.0137
2025-09-21 14:07:30,568 - src.utils - INFO - Batch 800/2917 - Loss: 0.0006 - Avg Loss: 0.0133
2025-09-21 14:07:54,482 - src.utils - INFO - Batch 900/2917 - Loss: 0.0002 - Avg Loss: 0.0130
2025-09-21 14:08:18,443 - src.utils - INFO - Batch 1000/2917 - Loss: 0.0003 - Avg Loss: 0.0133
2025-09-21 14:08:42,390 - src.utils - INFO - Batch 1100/2917 - Loss: 0.0003 - Avg Loss: 0.0134
2025-09-21 14:09:06,349 - src.utils - INFO - Batch 1200/2917 - Loss: 0.0005 - Avg Loss: 0.0131
2025-09-21 14:09:30,380 - src.utils - INFO - Batch 1300/2917 - Loss: 0.0008 - Avg Loss: 0.0128
2025-09-21 14:09:54,678 - src.utils - INFO - Batch 1400/2917 - Loss: 0.0007 - Avg Loss: 0.0125
2025-09-21 14:10:18,804 - src.utils - INFO - Batch 1500/2917 - Loss: 0.0005 - Avg Loss: 0.0124
2025-09-21 14:10:49,838 - src.utils - INFO - Batch 1600/2917 - Loss: 0.0006 - Avg Loss: 0.0122
2025-09-21 14:11:13,925 - src.utils - INFO - Batch 1700/2917 - Loss: 0.0010 - Avg Loss: 0.0119
2025-09-21 14:11:38,133 - src.utils - INFO - Batch 1800/2917 - Loss: 0.0575 - Avg Loss: 0.0121
2025-09-21 14:12:02,095 - src.utils - INFO - Batch 1900/2917 - Loss: 0.0002 - Avg Loss: 0.0120
2025-09-21 14:12:26,139 - src.utils - INFO - Batch 2000/2917 - Loss: 0.0110 - Avg Loss: 0.0119
2025-09-21 14:12:50,291 - src.utils - INFO - Batch 2100/2917 - Loss: 0.0004 - Avg Loss: 0.0120
2025-09-21 14:13:14,453 - src.utils - INFO - Batch 2200/2917 - Loss: 0.0003 - Avg Loss: 0.0120
2025-09-21 14:13:38,627 - src.utils - INFO - Batch 2300/2917 - Loss: 0.0004 - Avg Loss: 0.0120
2025-09-21 14:14:02,751 - src.utils - INFO - Batch 2400/2917 - Loss: 0.0009 - Avg Loss: 0.0120
2025-09-21 14:14:26,920 - src.utils - INFO - Batch 2500/2917 - Loss: 0.0004 - Avg Loss: 0.0120
2025-09-21 14:14:50,974 - src.utils - INFO - Batch 2600/2917 - Loss: 0.0317 - Avg Loss: 0.0118
2025-09-21 14:15:15,045 - src.utils - INFO - Batch 2700/2917 - Loss: 0.0001 - Avg Loss: 0.0117
2025-09-21 14:15:39,072 - src.utils - INFO - Batch 2800/2917 - Loss: 0.0238 - Avg Loss: 0.0117
2025-09-21 14:16:03,137 - src.utils - INFO - Batch 2900/2917 - Loss: 0.0010 - Avg Loss: 0.0117
2025-09-21 14:17:08,727 - src.utils - INFO - Epoch 5 Results:
2025-09-21 14:17:08,727 - src.utils - INFO -   Train Loss: 0.0117
2025-09-21 14:17:08,727 - src.utils - INFO -   Val Loss: 0.1145
2025-09-21 14:17:08,727 - src.utils - INFO -   Val Accuracy: 0.8720
2025-09-21 14:17:08,727 - src.utils - INFO -   Epoch Time: 13.57m
2025-09-21 14:17:08,727 - src.utils - INFO - New best model! Accuracy: 0.8720
2025-09-21 14:17:09,513 - src.utils - ERROR - Training failed: [enforce fail at inline_container.cc:603] . unexpected pos 462455744 vs 462455632
2025-09-21 14:17:46,922 - src.utils - INFO - Starting evaluation process...
2025-09-21 14:17:46,922 - src.utils - INFO - Loading dataset...
2025-09-21 14:17:47,520 - src.utils - INFO - Tokenizer loaded: UBC-NLP/MARBERT
2025-09-21 14:17:47,520 - src.utils - INFO - Loading cleaned dataset from CSV file...
2025-09-21 14:17:48,358 - src.utils - INFO - Successfully loaded 50000 samples from CSV
2025-09-21 14:17:48,359 - src.utils - INFO - Data split - Train: 35000, Val: 7500, Test: 7500
2025-09-21 14:17:48,359 - src.utils - INFO - After split - Train: 35000, Val: 7500, Test: 7500
2025-09-21 14:17:48,361 - src.utils - INFO - Train label distribution: {0: 23411, 1: 11589}
2025-09-21 14:17:48,361 - src.utils - INFO - Validation label distribution: {0: 5026, 1: 2474}
2025-09-21 14:17:48,361 - src.utils - INFO - Test label distribution: {0: 5026, 1: 2474}
2025-09-21 14:17:48,361 - src.utils - INFO - Dataset initialized with 35000 samples
2025-09-21 14:17:48,361 - src.utils - INFO - Dataset initialized with 7500 samples
2025-09-21 14:17:48,361 - src.utils - INFO - Dataset initialized with 7500 samples
2025-09-21 14:17:48,983 - src.utils - INFO - Created WeightedRandomSampler with class weights: [4.27149631e-05 8.62887221e-05]
2025-09-21 14:17:48,983 - src.utils - INFO - Class distribution: [23411 11589]
2025-09-21 14:17:48,984 - src.utils - INFO - Using WeightedRandomSampler for training
2025-09-21 14:17:48,984 - src.utils - INFO - DataLoaders created - Batch size: 12
2025-09-21 14:17:48,984 - src.utils - INFO - Evaluator initialized on device: cuda
2025-09-21 14:17:48,984 - src.utils - INFO - Starting model evaluation...
2025-09-21 14:17:51,427 - src.utils - INFO - Model initialized with 162842882 parameters
2025-09-21 14:17:51,428 - src.utils - INFO - Trainable parameters: 162842882
2025-09-21 14:17:51,428 - src.utils - INFO - Loss function: focal
2025-09-21 14:17:51,704 - src.utils - INFO - Model created and moved to cuda
2025-09-21 14:17:54,302 - src.utils - INFO - Model loaded from C:\deep learning\Balanced data\models\best_marbert_model.pt
2025-09-21 14:17:54,302 - src.utils - INFO - Epoch: 3, Loss: 0.0815, Accuracy: 0.8703
2025-09-21 14:17:54,303 - src.utils - INFO - Best model loaded successfully
2025-09-21 14:17:54,304 - src.utils - INFO - Starting evaluation...
2025-09-21 14:17:54,304 - src.utils - INFO - Using threshold: 0.45
2025-09-21 14:19:13,986 - src.utils - INFO - 
==================================================
2025-09-21 14:19:13,986 - src.utils - INFO - EVALUATION RESULTS
2025-09-21 14:19:13,986 - src.utils - INFO - ==================================================
2025-09-21 14:19:13,987 - src.utils - INFO - Test Loss: 0.0895
2025-09-21 14:19:13,987 - src.utils - INFO - Accuracy: 0.8681
2025-09-21 14:19:13,987 - src.utils - INFO - Precision: 0.8703
2025-09-21 14:19:13,987 - src.utils - INFO - Recall: 0.8681
2025-09-21 14:19:13,987 - src.utils - INFO - F1-Score: 0.8689
2025-09-21 14:19:13,987 - src.utils - INFO - Threshold: 0.4500
2025-09-21 14:19:13,987 - src.utils - INFO - ==================================================
2025-09-21 14:19:13,989 - src.utils - INFO - 
Detailed Classification Report:
2025-09-21 14:19:13,989 - src.utils - INFO - --------------------------------------------------
2025-09-21 14:19:14,694 - src.utils - INFO - Confusion matrix saved to: C:\deep learning\Balanced data\results/confusion_matrix.png
2025-09-21 14:19:14,736 - src.utils - ERROR - Evaluation failed: Object of type int32 is not JSON serializable
